CREATE DATABASE  IF NOT EXISTS `examen_ud5` /*!40100 DEFAULT CHARACTER SET utf8mb4 COLLATE utf8mb4_0900_ai_ci */ /*!80016 DEFAULT ENCRYPTION='N' */;
USE `examen_ud5`;
-- MySQL dump 10.13  Distrib 8.0.34, for Win64 (x86_64)
--
-- Host: localhost    Database: examen_ud5
-- ------------------------------------------------------
-- Server version	8.0.35

/*!40101 SET @OLD_CHARACTER_SET_CLIENT=@@CHARACTER_SET_CLIENT */;
/*!40101 SET @OLD_CHARACTER_SET_RESULTS=@@CHARACTER_SET_RESULTS */;
/*!40101 SET @OLD_COLLATION_CONNECTION=@@COLLATION_CONNECTION */;
/*!50503 SET NAMES utf8 */;
/*!40103 SET @OLD_TIME_ZONE=@@TIME_ZONE */;
/*!40103 SET TIME_ZONE='+00:00' */;
/*!40014 SET @OLD_UNIQUE_CHECKS=@@UNIQUE_CHECKS, UNIQUE_CHECKS=0 */;
/*!40014 SET @OLD_FOREIGN_KEY_CHECKS=@@FOREIGN_KEY_CHECKS, FOREIGN_KEY_CHECKS=0 */;
/*!40101 SET @OLD_SQL_MODE=@@SQL_MODE, SQL_MODE='NO_AUTO_VALUE_ON_ZERO' */;
/*!40111 SET @OLD_SQL_NOTES=@@SQL_NOTES, SQL_NOTES=0 */;

--
-- Table structure for table `clientes`
--

DROP TABLE IF EXISTS `clientes`;
/*!40101 SET @saved_cs_client     = @@character_set_client */;
/*!50503 SET character_set_client = utf8mb4 */;
CREATE TABLE `clientes` (
  `id` int NOT NULL AUTO_INCREMENT,
  `nombre` varchar(30) NOT NULL,
  `apellido1` varchar(30) NOT NULL,
  `apellido2` varchar(30) DEFAULT NULL,
  `email` varchar(100) NOT NULL,
  `telefono` varchar(15) NOT NULL,
  `id_pais` int DEFAULT NULL,
  PRIMARY KEY (`id`),
  KEY `id_pais` (`id_pais`),
  CONSTRAINT `clientes_ibfk_1` FOREIGN KEY (`id_pais`) REFERENCES `paises` (`id`) ON UPDATE CASCADE
) ENGINE=InnoDB AUTO_INCREMENT=1001 DEFAULT CHARSET=utf8mb4 COLLATE=utf8mb4_0900_ai_ci;
/*!40101 SET character_set_client = @saved_cs_client */;

--
-- Dumping data for table `clientes`
--

LOCK TABLES `clientes` WRITE;
/*!40000 ALTER TABLE `clientes` DISABLE KEYS */;
INSERT INTO `clientes` VALUES (1,'Billi','Peres','Purnell','bpurnell0@i2i.jp','698439341',208),(2,'Britt','Traher','Osbaldstone','bosbaldstone1@seesaa.net','642834285',121),(3,'Sinclare','Langer','Hurdidge','shurdidge2@tripadvisor.com','635224630',142),(4,'Myrvyn','Ewing','Basford','mbasford3@51.la','606417794',41),(5,'Ozzy','Guisler','Atthow','oatthow4@huffingtonpost.com','607703405',140),(6,'Mathilda','Mervyn','Dog','mdog5@si.edu','694664224',149),(7,'Rex','Georgeau','Mangion','rmangion6@cargocollective.com','671084516',130),(8,'Kris','Sheach','Fley','kfley7@techcrunch.com','691654565',141),(9,'Beverlie','Goodlife','Chaves','bchaves8@ucoz.com','664316492',136),(10,'Pascal','Lempel','Gansbuhler','pgansbuhler9@macromedia.com','635291652',58),(11,'Kerry','MacSorley','Pepineaux','kpepineauxa@imageshack.us','645156136',206),(12,'Glenn','Gumary','Jowett','gjowettb@tumblr.com','607802331',149),(13,'Marlena','Lapre','Jurewicz','mjurewiczc@nyu.edu','607337913',76),(14,'Merrielle','Lesmonde','Stryde','mstryded@theglobeandmail.com','658730586',63),(15,'Kaspar','Trosdall','Heinrici','kheinricie@psu.edu','658028995',54),(16,'Rachelle','Riddles','Rutherfoord','rrutherfoordf@ted.com','699684803',49),(17,'Cathi','Covington','Pencot','cpencotg@drupal.org','660145241',41),(18,'Sheba','McGibbon','Sergent','ssergenth@taobao.com','666270199',183),(19,'Margaux','Pitfield','Beuscher','mbeuscheri@unicef.org','645993645',13),(20,'Catlee','Zeplin','MacKenny','cmackennyj@bluehost.com','622661900',29),(21,'Katey','Joscelin','Pech','kpechk@soup.io','618040677',38),(22,'Shari','Duffy','Hacard','shacardl@seattletimes.com','615359605',46),(23,'Antonie','Chestnutt','Spadazzi','aspadazzim@1und1.de','680103423',119),(24,'Garnet','Shailer','Shevlane','gshevlanen@tinypic.com','689577831',21),(25,'Lilah','Dripp','Garthland','lgarthlando@tuttocitta.it','665458658',202),(26,'Sula','Lockie','Rosenkrantz','srosenkrantzp@is.gd','669637034',198),(27,'Innis','Stother','Bronger','ibrongerq@hud.gov','673588657',158),(28,'Arnaldo','Yakovich','Parish','aparishr@prnewswire.com','694630558',124),(29,'Byron','Manssuer','Rickerby','brickerbys@china.com.cn','648525646',104),(30,'Zachery','Fleis','Fulmen','zfulment@disqus.com','621512855',203),(31,'Bowie','Whiskin','de Werk','bdewerku@devhub.com','668637174',203),(32,'Enrique','Murrigan','Smerdon','esmerdonv@businesswire.com','681697565',1),(33,'Jordanna','Stracey','Dunnion','jdunnionw@ted.com','678213995',207),(34,'Jade','Toyne','Torregiani','jtorregianix@mit.edu','674684966',138),(35,'Chelsae','Scrigmour','Beals','cbealsy@tmall.com','658273550',97),(36,'Estele','Willgrass','Gartenfeld','egartenfeldz@stumbleupon.com','682604704',185),(37,'Powell','Speechly','Foucard','pfoucard10@skype.com','629562801',37),(38,'Dian','De La Hay','Dowker','ddowker11@twitter.com','683388405',37),(39,'Cori','Upcraft','Klaes','cklaes12@artisteer.com','634547995',92),(40,'Tomasina','Bowling','McCaig','tmccaig13@vistaprint.com','692779327',46),(41,'Arron','Ortsmann','Duiguid','aduiguid14@dropbox.com','697748709',3),(42,'Wren','Finicj','De Andreis','wdeandreis15@timesonline.co.uk','643614570',137),(43,'Suzanna','Lewcock','Sugars','ssugars16@bandcamp.com','643763105',197),(44,'Casar','Symmons','Giveen','cgiveen17@symantec.com','694416681',6),(45,'Thatcher','Bramelt','Caplis','tcaplis18@bravesites.com','692747473',152),(46,'Nilson','Crake','Bohlsen','nbohlsen19@samsung.com','679234836',41),(47,'Moyna','Biner','Flewin','mflewin1a@youtu.be','620520438',14),(48,'Maribelle','Lutzmann','Winkell','mwinkell1b@irs.gov','649152716',90),(49,'Theresa','Akett','Hunnybun','thunnybun1c@cnet.com','651708597',123),(50,'Eleni','Fahrenbach','Maior','emaior1d@mlb.com','633477111',214),(51,'Rayner','Cameli','Lorenzo','rlorenzo1e@ed.gov','610658793',110),(52,'Say','Maddrell','Lamboll','slamboll1f@pbs.org','676769386',119),(53,'Bartholomeo','Hurkett','Belvin','bbelvin1g@blogs.com','678501536',42),(54,'Melody','O\'Duilleain','Fairman','mfairman1h@rambler.ru','688409033',90),(55,'Aluino','Baldock','Jorcke','ajorcke1i@exblog.jp','611095320',39),(56,'Porty','Bullen','Gammade','pgammade1j@paypal.com','646157660',132),(57,'Angelique','Legion','Geraldo','ageraldo1k@usnews.com','653228175',178),(58,'Susi','Glenwright','Cokayne','scokayne1l@nsw.gov.au','600986429',213),(59,'Alphonso','Giacobillo','Dobel','adobel1m@fotki.com','606251180',60),(60,'Ricca','Gribben','Carrane','rcarrane1n@wikipedia.org','610072316',164),(61,'Xymenes','Mennell','McComiskie','xmccomiskie1o@earthlink.net','651057281',56),(62,'Alysia','Gatling','Tarr','atarr1p@thetimes.co.uk','632936990',181),(63,'Rheba','Rubinovitch','Elgie','relgie1q@newsvine.com','632870637',179),(64,'Terrie','Haxell','Loweth','tloweth1r@amazon.co.jp','636106584',71),(65,'Derk','Pierrepoint','Kolin','dkolin1s@fc2.com','634262042',11),(66,'Rachelle','Dumsday','O\'Tierney','rotierney1t@mit.edu','607150183',139),(67,'Nelson','Scrane','Elliston','nelliston1u@bizjournals.com','633943524',128),(68,'Arline','Honisch','Orae','aorae1v@addthis.com','648328856',87),(69,'Adamo','Beaconsall','Garrard','agarrard1w@gizmodo.com','678546448',181),(70,'Katine','Twoohy','Tod','ktod1x@sakura.ne.jp','637600331',80),(71,'Erl','Baser','Bastiman','ebastiman1y@mapquest.com','654715562',167),(72,'Konstance','Rowswell','Lemary','klemary1z@wikispaces.com','604637104',175),(73,'Kassey','Rapson','Chellingworth','kchellingworth20@archive.org','688874648',56),(74,'Viviana','Hintze','Capponer','vcapponer21@npr.org','647343733',99),(75,'Parry','Welham','Weatherley','pweatherley22@marriott.com','630759340',109),(76,'Walsh','Gadsden','Agronski','wagronski23@census.gov','699830106',140),(77,'Koo','Gillimgham','Bawle','kbawle24@japanpost.jp','677154466',174),(78,'Randene','Langstaff','Deware','rdeware25@storify.com','642363887',63),(79,'Carilyn','Brazear','Beckles','cbeckles26@businessweek.com','634137879',23),(80,'Daffy','Paten','O\'Lagen','dolagen27@unesco.org','638529707',83),(81,'Curcio','Gwynn','Kenrack','ckenrack28@psu.edu','680440148',202),(82,'Teena','Thorp','Spary','tspary29@odnoklassniki.ru','694087981',180),(83,'Eleanore','Trunchion','Gillian','egillian2a@nymag.com','611922831',147),(84,'Bernhard','Mangan','Lemmertz','blemmertz2b@webs.com','679264412',180),(85,'Nyssa','Cushe','Jellard','njellard2c@discuz.net','695216376',154),(86,'Issie','Claque','Paolino','ipaolino2d@mit.edu','608995381',193),(87,'Adaline','Brafield','Isaq','aisaq2e@google.ca','612892524',192),(88,'Trudi','Twycross','Dickie','tdickie2f@deliciousdays.com','658567402',67),(89,'Brandyn','Hyndson','Harkin','bharkin2g@ebay.co.uk','651080393',40),(90,'Kennan','Stranks','Brugger','kbrugger2h@multiply.com','634510035',41),(91,'Jeana','Binnie','Heister','jheister2i@tmall.com','608315207',63),(92,'Deina','Mazzia','Huthart','dhuthart2j@dyndns.org','605831601',27),(93,'Pattie','Buttler','Skaif','pskaif2k@hubpages.com','688878722',62),(94,'Dulcia','Abrahams','Plumb','dplumb2l@wisc.edu','644871168',202),(95,'Ronica','Landre','Adey','radey2m@reuters.com','631997079',58),(96,'Tresa','Witherbed','Nerney','tnerney2n@surveymonkey.com','670387730',191),(97,'Merl','Kershow','Dukesbury','mdukesbury2o@topsy.com','687823846',165),(98,'Franz','Mohan','Elston','felston2p@skype.com','657510435',111),(99,'Theda','Yele','Billion','tbillion2q@berkeley.edu','657519700',35),(100,'Karney','Pencott','Yeulet','kyeulet2r@symantec.com','604730702',82),(101,'Rowan','Lavington','De Stoop','rdestoop2s@cbsnews.com','631966979',98),(102,'Hobard','Jellico','Dodshun','hdodshun2t@google.nl','602451621',175),(103,'Ashly','Thacke','Pentycross','apentycross2u@nyu.edu','635623174',40),(104,'Humberto','Larrie','Kenforth','hkenforth2v@wikimedia.org','619299853',130),(105,'Ambur','Found','Lindegard','alindegard2w@discuz.net','626168724',35),(106,'Ania','Mathevet','Tarpey','atarpey2x@archive.org','681693064',204),(107,'Cly','Gittoes','Gonzalvo','cgonzalvo2y@sina.com.cn','608600984',60),(108,'Ximenez','Oliveti','Bavidge','xbavidge2z@booking.com','676406789',34),(109,'Tresa','Grewcock','Gurden','tgurden30@google.co.uk','644873351',174),(110,'Albrecht','Clint','Dunwoody','adunwoody31@sfgate.com','618813324',137),(111,'Corrina','Kidsley','Gori','cgori32@godaddy.com','660465879',98),(112,'Fons','Arnault','Atherley','fatherley33@army.mil','642905932',94),(113,'Pace','Goldberg','Vlasyuk','pvlasyuk34@google.com','655403854',159),(114,'Norbie','Vigus','Kulic','nkulic35@washington.edu','609909643',158),(115,'Krishna','Randals','Youll','kyoull36@blogspot.com','655996233',144),(116,'Constancia','Braybrooks','Deverille','cdeverille37@4shared.com','683200598',111),(117,'Andriette','Halloran','Radke','aradke38@google.co.jp','623915246',153),(118,'Theodora','Lorenzin','Glentworth','tglentworth39@indiatimes.com','631421802',50),(119,'Harry','Simoni','Llewhellin','hllewhellin3a@indiatimes.com','607191298',161),(120,'Rachelle','Marner','Lapish','rlapish3b@nifty.com','658966778',91),(121,'Katina','Mordin','Lithcow','klithcow3c@1und1.de','632158334',112),(122,'Iolande','Coslett','Gideon','igideon3d@soundcloud.com','670795504',163),(123,'Charlean','Greenroa','Fidell','cfidell3e@trellian.com','652368120',18),(124,'Holli','Gregon','de Merida','hdemerida3f@meetup.com','665830386',194),(125,'Kipp','Baggelley','Aasaf','kaasaf3g@xing.com','618674433',85),(126,'Sarge','Domenico','Mcwhinnie','smcwhinnie3h@auda.org.au','617115767',108),(127,'Bondon','Stuckford','Bence','bbence3i@google.de','683861703',33),(128,'Gertie','Glascott','Haycock','ghaycock3j@barnesandnoble.com','646029084',109),(129,'Blythe','Radband','Gaule','bgaule3k@last.fm','639887218',193),(130,'Celestia','Peller','Screas','cscreas3l@cornell.edu','636216312',86),(131,'Carney','Kilty','Britee','cbritee3m@usda.gov','649839172',174),(132,'Fanchette','Antcliff','Dulake','fdulake3n@tinyurl.com','622221483',59),(133,'Eva','Weatherill','Burrill','eburrill3o@trellian.com','679457923',59),(134,'Jaymee','Horsey','Larkin','jlarkin3p@ovh.net','674515365',71),(135,'Claudie','Larimer','Atyeo','catyeo3q@domainmarket.com','647209203',103),(136,'Franky','Crompton','Aliman','faliman3r@ed.gov','611768735',189),(137,'Phaidra','Lehrle','Emson','pemson3s@godaddy.com','629530289',91),(138,'Ketty','Espinosa','Phillps','kphillps3t@nbcnews.com','667879628',159),(139,'Waiter','Nowaczyk','Walklett','wwalklett3u@hexun.com','609076680',8),(140,'Fina','Dalloway','Ruslinge','fruslinge3v@prweb.com','677892064',125),(141,'Andeee','Ponnsett','Frapwell','afrapwell3w@t-online.de','680675748',203),(142,'Lilith','Horsley','Gallacher','lgallacher3x@sohu.com','696203905',88),(143,'Leelah','Tookey','Feathersby','lfeathersby3y@yahoo.com','601532501',67),(144,'Letisha','Cobbing','Niece','lniece3z@furl.net','685193302',157),(145,'Corrianne','O\'Devey','De Andreis','cdeandreis40@addtoany.com','687879260',52),(146,'Johan','Anthoin','Reolfi','jreolfi41@walmart.com','681185378',104),(147,'Nike','Ogilvie','Scad','nscad42@howstuffworks.com','655425785',134),(148,'Fredi','Bellison','Spinelli','fspinelli43@youku.com','673701214',120),(149,'Dannie','Fairlaw','Bransom','dbransom44@adobe.com','693814447',79),(150,'Chryste','Izkovitch','Kemsley','ckemsley45@tinypic.com','693607307',10),(151,'Mahalia','Valerius','Meus','mmeus46@myspace.com','605454889',46),(152,'Karrah','Halston','Boschmann','kboschmann47@twitter.com','619476593',60),(153,'Langsdon','Olyfant','Malser','lmalser48@macromedia.com','646025323',115),(154,'Modestine','Haruard','Van Eeden','mvaneeden49@g.co','629117064',16),(155,'Marylynne','Stuehmeyer','Tyson','mtyson4a@sina.com.cn','693842472',132),(156,'Noami','Fairbrace','Oldham','noldham4b@go.com','648885630',24),(157,'Donelle','Spada','Coveney','dcoveney4c@usnews.com','684700274',134),(158,'Frazer','Laudham','Coldwell','fcoldwell4d@twitpic.com','678559541',18),(159,'Payton','O\' Hogan','Wyon','pwyon4e@rambler.ru','627988697',82),(160,'Noach','Danford','Emmatt','nemmatt4f@flavors.me','616628813',44),(161,'Hart','Joannet','Illingsworth','hillingsworth4g@ox.ac.uk','627409789',79),(162,'Caria','Billiard','Hodgon','chodgon4h@trellian.com','689414830',38),(163,'Sawyer','Scammell','Castellan','scastellan4i@state.tx.us','659200281',21),(164,'Marv','Cowpe','Comazzo','mcomazzo4j@sakura.ne.jp','630630158',142),(165,'Robert','Tantum','Melior','rmelior4k@census.gov','644485486',6),(166,'Dulcie','Darbon','Klich','dklich4l@free.fr','697078814',198),(167,'Thomas','Slite','Khoter','tkhoter4m@csmonitor.com','622410069',89),(168,'Cyndie','Heinrici','Linge','clinge4n@weibo.com','693667096',115),(169,'Verina','Spurgeon','Hallan','vhallan4o@cbsnews.com','610797594',151),(170,'Robyn','Graal','Stallebrass','rstallebrass4p@sakura.ne.jp','635196227',197),(171,'Carce','Semered','Larimer','clarimer4q@github.com','672630053',75),(172,'Quintina','Skamell','Sackur','qsackur4r@imgur.com','614920953',127),(173,'Sallee','Cansfield','Bagwell','sbagwell4s@people.com.cn','634474255',97),(174,'Gabrila','Pirie','Hoolaghan','ghoolaghan4t@alibaba.com','661217758',165),(175,'Esma','Simacek','Fibbings','efibbings4u@ovh.net','689503305',8),(176,'Guillermo','Anthony','Mellonby','gmellonby4v@fda.gov','640507556',151),(177,'Winne','Minker','Koubek','wkoubek4w@a8.net','691842308',186),(178,'Susan','Piccop','Litzmann','slitzmann4x@e-recht24.de','612739124',66),(179,'Bordy','Ingerfield','Vakhonin','bvakhonin4y@cnbc.com','660562245',22),(180,'Staffard','Gerleit','Cromley','scromley4z@cpanel.net','618002637',157),(181,'Montague','Goodnow','Limpkin','mlimpkin50@vk.com','615709687',201),(182,'Yolanda','Maiden','Ferreli','yferreli51@printfriendly.com','614241235',5),(183,'Flinn','McCaighey','Trousdell','ftrousdell52@nymag.com','637821519',178),(184,'Odele','Ditchfield','Scrauniage','oscrauniage53@wp.com','603319408',187),(185,'Janela','Jeannard','Guerrin','jguerrin54@about.com','698795120',30),(186,'Morrie','Rysom','Lorrain','mlorrain55@netvibes.com','699253699',180),(187,'Lucy','Radloff','Danihel','ldanihel56@surveymonkey.com','695924456',163),(188,'Stormy','Daniellot','Titheridge','stitheridge57@163.com','629055999',96),(189,'Theodor','Neale','Blaisdell','tblaisdell58@thetimes.co.uk','672389749',10),(190,'Marten','Tomblett','Woloschinski','mwoloschinski59@google.de','636880674',2),(191,'Drud','Zelner','Brazur','dbrazur5a@wiley.com','691518910',98),(192,'Melba','Lawtey','Mellanby','mmellanby5b@cam.ac.uk','607158856',100),(193,'Florry','Beneix','Glauber','fglauber5c@mozilla.com','622352987',40),(194,'Emmet','Montrose','Lacasa','elacasa5d@t.co','691432265',45),(195,'Berkley','Stooders','Tempest','btempest5e@ycombinator.com','667057408',211),(196,'Isabelita','Saunders','Peltzer','ipeltzer5f@tumblr.com','650384273',207),(197,'Betti','Morch','Domleo','bdomleo5g@booking.com','646239508',84),(198,'Layney','Tangye','Poundsford','lpoundsford5h@jugem.jp','638034855',45),(199,'Lavinia','Mixon','Hann','lhann5i@odnoklassniki.ru','621126429',1),(200,'Bentlee','Coenraets','Davidow','bdavidow5j@wired.com','646015199',13),(201,'Barrie','Grent','Woodruff','bwoodruff5k@posterous.com','692206329',29),(202,'Cullin','Thorouggood','Bettley','cbettley5l@marketwatch.com','615105316',59),(203,'Michelina','Gidley','Nickerson','mnickerson5m@nationalgeographic.com','672324367',182),(204,'Verge','Gouda','Perassi','vperassi5n@123-reg.co.uk','631400154',119),(205,'Ambrosi','Morlon','Bergstram','abergstram5o@ed.gov','662174029',44),(206,'Tremaine','Andren','Fettis','tfettis5p@opera.com','660980830',10),(207,'Antoni','Bierman','Lotte','alotte5q@springer.com','642793161',124),(208,'Brigg','Cobb','Bernhart','bbernhart5r@desdev.cn','643957600',100),(209,'Molly','Shevlane','MacWhirter','mmacwhirter5s@miitbeian.gov.cn','629355144',9),(210,'Barry','Kelwick','Stoak','bstoak5t@eventbrite.com','662168434',44),(211,'Heddi','Budd','Purdie','hpurdie5u@netlog.com','646850014',122),(212,'Bibbie','Tapin','Baniard','bbaniard5v@harvard.edu','672133016',173),(213,'Bill','Hanbridge','Repper','brepper5w@ow.ly','624427352',78),(214,'Francois','Weyman','Pales','fpales5x@chicagotribune.com','684391202',56),(215,'Torin','Bachellier','Zannotti','tzannotti5y@mozilla.com','657831405',79),(216,'Sansone','Goolden','Ceschi','sceschi5z@flickr.com','626147282',123),(217,'Glenine','Buchanan','Bartels','gbartels60@scientificamerican.com','661343911',2),(218,'Madalyn','Davson','Pinar','mpinar61@wiley.com','699212406',120),(219,'Marianna','Daft','Cocks','mcocks62@youtu.be','633577850',184),(220,'Ellswerth','Meconi','Haffard','ehaffard63@umn.edu','640489848',49),(221,'Franklin','Blankman','Munt','fmunt64@gravatar.com','699654733',71),(222,'Darsie','Lade','Bockmaster','dbockmaster65@noaa.gov','631791558',115),(223,'Justine','Fears','Buntain','jbuntain66@independent.co.uk','670770629',28),(224,'Malissa','Trowler','Meni','mmeni67@wikia.com','690140674',200),(225,'Kimberley','Sneesby','Allaway','kallaway68@shareasale.com','605441410',171),(226,'Bili','Holde','Baines','bbaines69@hostgator.com','678552480',141),(227,'Willie','Leving','Ameer-Beg','wameerbeg6a@mayoclinic.com','614200266',161),(228,'Marsiella','Jills','Whatson','mwhatson6b@paginegialle.it','611201088',17),(229,'Kori','Glusby','Flaubert','kflaubert6c@nature.com','600558125',172),(230,'Isabelita','Mansell','Gaiter','igaiter6d@storify.com','695329401',204),(231,'Powell','Gomm','Rahl','prahl6e@statcounter.com','636499966',140),(232,'Hortense','Antrobus','Rolstone','hrolstone6f@virginia.edu','637811002',109),(233,'Frederique','Larrett','Drillingcourt','fdrillingcourt6g@vimeo.com','626621682',140),(234,'Sumner','Kingstne','Stuehmeier','sstuehmeier6h@archive.org','686101716',154),(235,'Dalila','Dodsley','Hardin','dhardin6i@cyberchimps.com','674452392',80),(236,'Catha','Concannon','Seakings','cseakings6j@purevolume.com','672161084',21),(237,'Dawna','Fernehough','Bertomeu','dbertomeu6k@reddit.com','603769653',116),(238,'Uriah','Kleinert','Schuler','uschuler6l@4shared.com','670519217',94),(239,'Angel','Feltham','Nelsey','anelsey6m@smugmug.com','678468189',44),(240,'Merry','Hughman','Seleway','mseleway6n@timesonline.co.uk','611937020',35),(241,'Tabitha','Leyninye','Etty','tetty6o@tiny.cc','660337976',11),(242,'Jessi','Hotchkin','O\'Bradden','jobradden6p@amazon.com','631397835',39),(243,'Christoph','Ferrick','Hacun','chacun6q@msn.com','624957606',41),(244,'Rainer','Losbie','Penylton','rpenylton6r@cnbc.com','647793065',119),(245,'Lauri','Pegler','Meredith','lmeredith6s@posterous.com','613932772',111),(246,'Coralie','Vaszoly','Kernar','ckernar6t@opera.com','670323730',197),(247,'Regan','Sarge','Paolillo','rpaolillo6u@eventbrite.com','633986971',122),(248,'Carlye','Guslon','Berthot','cberthot6v@g.co','624249709',135),(249,'Dael','Cholonin','Karolczyk','dkarolczyk6w@icio.us','613912515',168),(250,'Conny','Thorneywork','Dunkerton','cdunkerton6x@creativecommons.org','648699438',116),(251,'Zachary','Crampton','Breffitt','zbreffitt6y@360.cn','688936725',20),(252,'Callida','Cadell','Marking','cmarking6z@usatoday.com','609819786',74),(253,'Zilvia','Andress','Slopier','zslopier70@cbslocal.com','665915040',187),(254,'Chan','McVeigh','Antonik','cantonik71@ask.com','638315776',164),(255,'Bear','Fairbank','Attoe','battoe72@naver.com','662823721',7),(256,'Guthry','Mortlock','Darcey','gdarcey73@jalbum.net','673250591',50),(257,'Ynes','Dewick','Sandbatch','ysandbatch74@bloglovin.com','692290677',87),(258,'Chery','Philson','Esome','cesome75@about.com','622760467',67),(259,'Rakel','Theuff','Lacoste','rlacoste76@cafepress.com','646155405',213),(260,'Billi','Saunier','Harbard','bharbard77@w3.org','678126960',212),(261,'Vyky','Elener','Polendine','vpolendine78@xing.com','664476196',22),(262,'Winifred','Petris','Orford','worford79@dion.ne.jp','693140767',100),(263,'Evan','McTaggart','Pitrollo','epitrollo7a@digg.com','693109064',156),(264,'Monah','Longea','Crilley','mcrilley7b@exblog.jp','649201604',117),(265,'Mufi','MacFarland','MacAlinden','mmacalinden7c@guardian.co.uk','673369033',65),(266,'Victoria','Kilgallen','Bloor','vbloor7d@blog.com','630034837',197),(267,'Murray','Lillywhite','Littlepage','mlittlepage7e@rediff.com','610346314',1),(268,'Onofredo','Wherton','Reddings','oreddings7f@answers.com','621359446',123),(269,'Blakeley','Bourhill','Buddle','bbuddle7g@narod.ru','642020723',148),(270,'Petronille','Mapplethorpe','Dehmel','pdehmel7h@cbsnews.com','697960474',59),(271,'Vallie','Dawkins','Jutson','vjutson7i@storify.com','680426187',98),(272,'Valry','Coopper','Hawkey','vhawkey7j@livejournal.com','644256735',123),(273,'Freeland','Tunmore','Jensen','fjensen7k@shinystat.com','623156428',160),(274,'Jade','Kikke','Benduhn','jbenduhn7l@ed.gov','681496228',107),(275,'Dominica','Jack','Yarnton','dyarnton7m@123-reg.co.uk','694202998',154),(276,'Merle','Philippeaux','Faircley','mfaircley7n@gmpg.org','640944308',39),(277,'Hobard','Donett','Salmoni','hsalmoni7o@ftc.gov','696125666',94),(278,'Adolpho','Cornelius','Goodlatt','agoodlatt7p@webmd.com','690230782',154),(279,'Joell','MacRinn','Slimmon','jslimmon7q@reddit.com','686957945',159),(280,'Devinne','Trebble','Vickors','dvickors7r@lycos.com','672420528',148),(281,'Alyssa','Lougheed','Glastonbury','aglastonbury7s@techcrunch.com','672126723',29),(282,'Bridgette','Stickens','Quaif','bquaif7t@purevolume.com','680916458',133),(283,'Leontyne','Witson','Louthe','llouthe7u@mayoclinic.com','622506489',25),(284,'Tommy','Rosenblatt','Lemm','tlemm7v@free.fr','679600499',102),(285,'Zorana','Curro','Kettell','zkettell7w@dion.ne.jp','693692861',120),(286,'Nolie','Williams','Neiland','nneiland7x@ftc.gov','611583724',173),(287,'Adrien','Doubleday','Danielski','adanielski7y@apple.com','643723559',58),(288,'Sadella','Arnaldy','Tatersale','statersale7z@wufoo.com','691706044',47),(289,'Margit','Stollenwerck','Goatcher','mgoatcher80@theguardian.com','620793853',212),(290,'Bary','Shelsher','Beri','bberi81@businessinsider.com','697995281',178),(291,'Dominik','Roff','Rapaport','drapaport82@huffingtonpost.com','637188283',52),(292,'Diarmid','Allery','Lippiett','dlippiett83@squarespace.com','670905649',174),(293,'Loralee','Draxford','Farman','lfarman84@networksolutions.com','668744519',194),(294,'Gordan','Paxeford','Eckersall','geckersall85@thetimes.co.uk','669758132',102),(295,'Berty','Tavener','Saunier','bsaunier86@tamu.edu','660675984',153),(296,'Bill','Linnett','Sciacovelli','bsciacovelli87@liveinternet.ru','676899216',107),(297,'Edita','Breslau','McCowan','emccowan88@vk.com','630158661',95),(298,'Batsheva','Vaadeland','Bridgland','bbridgland89@craigslist.org','656129598',164),(299,'Lionello','Cochet','Middlemiss','lmiddlemiss8a@dailymail.co.uk','690885650',211),(300,'Meier','Berkely','Okenfold','mokenfold8b@technorati.com','667316597',73),(301,'Wenda','Jimson','Abbati','wabbati8c@mac.com','660226221',207),(302,'Ripley','Marquand','Toopin','rtoopin8d@guardian.co.uk','671097640',48),(303,'Orran','Galliver','Tennant','otennant8e@sina.com.cn','624322562',51),(304,'Monica','Gradley','Goolden','mgoolden8f@bravesites.com','682213858',80),(305,'Dulcine','Waldock','Koles','dkoles8g@engadget.com','675206821',113),(306,'Bern','Rideout','Ricciardelli','bricciardelli8h@oracle.com','623977754',26),(307,'Corrine','Blaisdale','Blondell','cblondell8i@etsy.com','600521163',198),(308,'Suki','Tiltman','Arson','sarson8j@hp.com','666959266',110),(309,'Dud','Leverich','Betts','dbetts8k@dropbox.com','670973261',46),(310,'Brynn','Barlas','Cursons','bcursons8l@oakley.com','693074842',14),(311,'Osborne','Tinmouth','Dewfall','odewfall8m@imgur.com','622058508',195),(312,'Lorine','Thornally','Nibloe','lnibloe8n@163.com','680790425',168),(313,'Maggee','Dennistoun','Shawcroft','mshawcroft8o@de.vu','600833369',124),(314,'Dominik','Sawden','Hullbrook','dhullbrook8p@purevolume.com','627005088',78),(315,'Ike','Gaspard','Ropcke','iropcke8q@instagram.com','651305331',34),(316,'Monty','Crumpton','Morad','mmorad8r@dot.gov','692056876',132),(317,'Jeanna','Rochford','Cinelli','jcinelli8s@shinystat.com','614058341',92),(318,'Jessey','MacKaig','Hawthorn','jhawthorn8t@bbb.org','660996488',78),(319,'Raviv','Ruddoch','De Simone','rdesimone8u@artisteer.com','669212616',12),(320,'Sheeree','Rimmington','Piddocke','spiddocke8v@irs.gov','626731681',170),(321,'Hadria','Scrowson','Marzella','hmarzella8w@adobe.com','641838488',193),(322,'Gusta','Walmsley','Spuner','gspuner8x@alibaba.com','694793524',68),(323,'Lyle','Preator','Poate','lpoate8y@naver.com','647493414',208),(324,'Mitchael','Harower','Rostern','mrostern8z@europa.eu','648578889',83),(325,'Christabel','Govenlock','Hardaway','chardaway90@bbc.co.uk','625955112',49),(326,'Sutherlan','Ringe','Unstead','sunstead91@w3.org','683118454',148),(327,'Lizbeth','Sommerling','Besemer','lbesemer92@mapy.cz','695812482',28),(328,'Winfield','Longford','Craggs','wcraggs93@shinystat.com','609264545',127),(329,'Cassi','Tallis','Atling','catling94@zimbio.com','644403559',169),(330,'Madalyn','Ciepluch','Aburrow','maburrow95@twitter.com','609001643',137),(331,'Ailis','Abrashkin','Denziloe','adenziloe96@hc360.com','672095151',68),(332,'Kirbee','Sawood','Jentgens','kjentgens97@hostgator.com','622035798',213),(333,'Danyette','Petkovic','Whetson','dwhetson98@odnoklassniki.ru','698175255',191),(334,'Tedi','Shermore','MacPhee','tmacphee99@aboutads.info','661226941',16),(335,'Leola','Marshman','Emmitt','lemmitt9a@google.fr','699354068',70),(336,'Gwyn','Cafferty','Polk','gpolk9b@baidu.com','627455199',122),(337,'Shirlee','Dirr','Grinston','sgrinston9c@google.de','601721512',85),(338,'Etti','Aldins','Leblanc','eleblanc9d@mediafire.com','692480918',43),(339,'Darline','Cave','Anthill','danthill9e@aboutads.info','695639626',108),(340,'Cly','Vinnicombe','Stribbling','cstribbling9f@npr.org','653032199',67),(341,'Irvin','Ainley','Madre','imadre9g@bandcamp.com','672844278',69),(342,'Val','Sisse','Brickdale','vbrickdale9h@networkadvertising.org','652854191',1),(343,'Heath','Mackieson','Pavlik','hpavlik9i@mysql.com','667133368',45),(344,'Carleen','Beet','Fairchild','cfairchild9j@list-manage.com','661463551',42),(345,'Aubrey','Yeulet','Devin','adevin9k@bloglovin.com','676860312',200),(346,'Kennie','Salt','Keymar','kkeymar9l@engadget.com','655017132',68),(347,'Ruggiero','Solomonides','Marrow','rmarrow9m@creativecommons.org','626886739',28),(348,'Clyve','Grinov','Fulkes','cfulkes9n@zimbio.com','607353819',54),(349,'Charmine','Orto','Noke','cnoke9o@jigsy.com','698590544',202),(350,'Jacquelynn','Tregien','Maxfield','jmaxfield9p@over-blog.com','670882413',200),(351,'Alonso','Mahedy','Anthill','aanthill9q@facebook.com','613152234',171),(352,'Tammie','Annetts','Trimnell','ttrimnell9r@bing.com','657203359',180),(353,'Arnaldo','Bushaway','Fassam','afassam9s@upenn.edu','639090642',121),(354,'Quinta','Isitt','Matussow','qmatussow9t@wired.com','637843860',164),(355,'Glenine','Hakewell','Sayes','gsayes9u@tiny.cc','672435561',2),(356,'Darelle','Duiguid','Gilffillan','dgilffillan9v@gmpg.org','671359689',127),(357,'Janeva','Kieran','Ilbert','jilbert9w@macromedia.com','661791041',74),(358,'Sherwynd','Jellybrand','Champken','schampken9x@ft.com','645429283',87),(359,'Sutherland','Mattersley','Chandler','schandler9y@boston.com','612980565',58),(360,'Timmy','Pleasants','Mulhill','tmulhill9z@furl.net','625246938',196),(361,'Gardener','Coldbreath','Mackett','gmacketta0@hugedomains.com','697160566',93),(362,'Ashlan','Realph','Teaz','ateaza1@simplemachines.org','662234715',179),(363,'Wilfred','Kerton','Meech','wmeecha2@zdnet.com','660314119',150),(364,'Amalia','Cheson','Large','alargea3@addtoany.com','641180115',191),(365,'Stanton','Frowing','Rouff','srouffa4@jigsy.com','658005505',204),(366,'Crin','O\'Sheeryne','Purchon','cpurchona5@4shared.com','612324002',101),(367,'Marv','Stubbins','Spurgin','mspurgina6@cocolog-nifty.com','689088886',200),(368,'Ezmeralda','Cribbin','Ayto','eaytoa7@github.io','604463191',108),(369,'Juliet','Victor','Shorton','jshortona8@hostgator.com','633181507',91),(370,'Steffie','Dressel','Wheatcroft','swheatcrofta9@yahoo.co.jp','688396914',137),(371,'Eugene','Charville','Belch','ebelchaa@nih.gov','617315328',193),(372,'Nicole','Masurel','Yurkevich','nyurkevichab@xing.com','631525574',210),(373,'Bradan','Kintzel','Barfitt','bbarfittac@dion.ne.jp','625031896',26),(374,'Sigrid','Lynas','Greave','sgreavead@hc360.com','664035143',208),(375,'Lambert','Copnar','Gennerich','lgennerichae@hubpages.com','654980269',20),(376,'Garrett','Alfonzo','Michie','gmichieaf@examiner.com','674752123',113),(377,'Bealle','Arpur','Hully','bhullyag@woothemes.com','699789953',157),(378,'Willey','Charette','O\'Longain','wolongainah@linkedin.com','674643433',40),(379,'Ulysses','Cummins','Merriott','umerriottai@bluehost.com','681727657',15),(380,'Lucio','Howlett','Caney','lcaneyaj@4shared.com','672266480',16),(381,'Sigismondo','Kingman','Peachment','speachmentak@php.net','609920364',56),(382,'Randene','Amy','Kneesha','rkneeshaal@furl.net','656655173',128),(383,'Jameson','Pakeman','Jacmar','jjacmaram@imdb.com','617795496',112),(384,'Tobi','Clouter','Rendle','trendlean@parallels.com','692937880',52),(385,'Kalinda','Samet','Bantham','kbanthamao@bing.com','647599607',89),(386,'Virgilio','Poinsett','Raison','vraisonap@i2i.jp','657777459',102),(387,'Krishna','Brawn','Tong','ktongaq@ameblo.jp','602183240',165),(388,'Manfred','Vaneev','Jeppe','mjeppear@sina.com.cn','605104580',154),(389,'Amara','Duffan','Bedminster','abedminsteras@cafepress.com','656104577',39),(390,'Janek','Artois','Geering','jgeeringat@oakley.com','675833225',17),(391,'Amalea','McCamish','Masedon','amasedonau@altervista.org','634330860',86),(392,'Queenie','Rowbottom','Valett','qvalettav@foxnews.com','687867754',158),(393,'Mala','Temperton','Hrishchenko','mhrishchenkoaw@forbes.com','680515246',38),(394,'Madalyn','Armytage','Bastow','mbastowax@webeden.co.uk','673866843',200),(395,'Salomo','Espin','Abade','sabadeay@dmoz.org','695357252',170),(396,'Karee','Blamires','Ianiello','kianielloaz@dailymotion.com','611034101',92),(397,'Justina','Pennini','Jiruca','jjirucab0@1688.com','616430169',139),(398,'Antons','Huie','Toxell','atoxellb1@constantcontact.com','643895076',113),(399,'Benedick','Waddams','Lodemann','blodemannb2@chicagotribune.com','629688415',22),(400,'Lucy','Suerz','Bootes','lbootesb3@trellian.com','641639629',46),(401,'Ban','Bright','Pinkie','bpinkieb4@phpbb.com','613181653',15),(402,'Rasla','Meneur','Ranner','rrannerb5@google.com.au','694530120',23),(403,'Mychal','Jaram','Pfeffel','mpfeffelb6@hao123.com','662764356',145),(404,'Waneta','Searight','Garrould','wgarrouldb7@who.int','651393285',142),(405,'Marley','Mathis','Perton','mpertonb8@seesaa.net','674026210',92),(406,'Jillane','Leivers','Crowley','jcrowleyb9@discovery.com','663115658',7),(407,'Timothea','McNern','Rolin','trolinba@netvibes.com','618901864',32),(408,'Maure','Drinnan','Kyte','mkytebb@auda.org.au','654600078',26),(409,'Christos','Broxup','Berka','cberkabc@techcrunch.com','668954963',12),(410,'Kearney','Sayward','Duly','kdulybd@seattletimes.com','694394951',63),(411,'Carlin','Lamers','Boag','cboagbe@oracle.com','645217497',42),(412,'Brana','Saltsberger','Pau','bpaubf@wikispaces.com','606597408',66),(413,'Dilan','Baggelley','Ninnotti','dninnottibg@nyu.edu','699046183',146),(414,'Maryanna','Wathall','Peckitt','mpeckittbh@latimes.com','673723632',25),(415,'Marc','Gillham','Meneely','mmeneelybi@chicagotribune.com','650807084',155),(416,'Ferrel','Anderbrugge','Maling','fmalingbj@oaic.gov.au','664295685',77),(417,'Wells','Dundridge','Braga','wbragabk@furl.net','658867487',185),(418,'Krystal','Paolillo','MacGaffey','kmacgaffeybl@oracle.com','646735458',24),(419,'Desiri','Rutigliano','Gull','dgullbm@altervista.org','672631857',114),(420,'Halie','Titt','Whittuck','hwhittuckbn@forbes.com','657723102',100),(421,'Marni','Edinburgh','Sowle','msowlebo@alibaba.com','656140273',58),(422,'Arly','Forre','Rochelle','arochellebp@weibo.com','627757276',191),(423,'Boris','Bulluck','Airey','baireybq@gizmodo.com','692863909',66),(424,'Teresa','Passingham','Fullwood','tfullwoodbr@nasa.gov','654540274',112),(425,'Sheelagh','Francom','De Michetti','sdemichettibs@go.com','660045370',128),(426,'Dori','Carwardine','Justun','djustunbt@about.com','625339062',141),(427,'Dallas','Bellwood','MacMychem','dmacmychembu@baidu.com','604292406',111),(428,'Edwin','Secombe','Sealove','esealovebv@answers.com','600754949',214),(429,'Aldin','Haglington','Comerford','acomerfordbw@cbc.ca','630066310',60),(430,'Alix','Hadye','Siddall','asiddallbx@rakuten.co.jp','628718374',26),(431,'Shaylah','Skitch','Nern','snernby@marketwatch.com','661697864',88),(432,'Emlynne','De la Zenne','Hallut','ehallutbz@mayoclinic.com','694884063',167),(433,'Thornie','Beagrie','Tort','ttortc0@dion.ne.jp','655421125',111),(434,'Neville','Jillis','Carbonell','ncarbonellc1@sogou.com','687110760',182),(435,'Anica','Heymann','Willatt','awillattc2@google.com.au','626997665',186),(436,'Nolie','Legan','Joncic','njoncicc3@behance.net','686326215',99),(437,'Chelsea','Dunstall','Freyn','cfreync4@weibo.com','648125128',8),(438,'Francisca','McKeeman','Hulk','fhulkc5@auda.org.au','677970889',187),(439,'Scotti','Cowp','Hattigan','shattiganc6@jiathis.com','662369470',76),(440,'Adi','McKnish','Rymer','arymerc7@jalbum.net','619789594',161),(441,'Morris','Sieb','Smallsman','msmallsmanc8@jigsy.com','618192441',151),(442,'Martino','Cressingham','Georg','mgeorgc9@slashdot.org','657601222',129),(443,'Fiona','Brimmell','Schwandermann','fschwandermannca@umn.edu','685907961',211),(444,'Markus','Cecely','Cracknall','mcracknallcb@odnoklassniki.ru','682851190',39),(445,'Jo-ann','Demsey','Lydster','jlydstercc@cnet.com','685075488',45),(446,'Burty','Matitiaho','Saunder','bsaundercd@google.ru','687230698',57),(447,'Meir','Durrand','Tallowin','mtallowince@github.com','631884487',20),(448,'Kaylil','Fitter','Foxley','kfoxleycf@scribd.com','673804675',105),(449,'Aarika','Hannam','Astell','aastellcg@bluehost.com','674344326',150),(450,'Maryrose','Sellek','Insall','minsallch@sfgate.com','652997319',198),(451,'Hedvige','Jeffcoate','Rockwill','hrockwillci@virginia.edu','689432479',135),(452,'Katharyn','Vasyuchov','Skocroft','kskocroftcj@goodreads.com','685339864',158),(453,'Lester','Tremayne','Spellecy','lspellecyck@jiathis.com','617711042',49),(454,'Harlin','Quinton','Spera','hsperacl@sphinn.com','614600166',128),(455,'Bambie','Habberjam','Culligan','bculligancm@intel.com','681747822',76),(456,'Jereme','Grossman','Borland','jborlandcn@amazonaws.com','667876957',11),(457,'Darlene','Ashurst','Mersh','dmershco@baidu.com','683704677',93),(458,'Ailey','Clemenzo','Klas','aklascp@tamu.edu','675294139',7),(459,'Margot','Cusiter','Plaistowe','mplaistowecq@statcounter.com','632240047',147),(460,'Gustaf','Ronaghan','Erickssen','gerickssencr@phpbb.com','653811457',83),(461,'My','Dobbs','Thompkins','mthompkinscs@narod.ru','684486544',9),(462,'Renaldo','Epsley','Ladson','rladsonct@va.gov','618653356',68),(463,'Rita','Grennan','Retchford','rretchfordcu@dell.com','623715062',20),(464,'Fraze','Fussie','Morland','fmorlandcv@constantcontact.com','622513582',59),(465,'Heather','Spieght','Reville','hrevillecw@ehow.com','635071600',152),(466,'Lombard','Hagard','Shine','lshinecx@va.gov','610897227',45),(467,'Sasha','Mosby','Skerritt','sskerrittcy@icio.us','605210450',120),(468,'Carolann','Chase','Finnick','cfinnickcz@answers.com','688420842',163),(469,'Wesley','Millyard','Olifard','wolifardd0@abc.net.au','609053957',61),(470,'Zonda','Joao','Arnke','zarnked1@merriam-webster.com','695700155',193),(471,'Emelia','McKeown','Whittle','ewhittled2@bloglovin.com','698418111',68),(472,'Enrico','Counihan','Leyland','eleylandd3@storify.com','636197925',109),(473,'Lorrayne','Glaves','Crowd','lcrowdd4@dell.com','649198069',85),(474,'Lib','Blunden','Stilgo','lstilgod5@paypal.com','671329510',37),(475,'Brodie','Geale','Kreuzer','bkreuzerd6@devhub.com','679071483',142),(476,'Reginauld','Stroder','Krolak','rkrolakd7@virginia.edu','623011711',178),(477,'Loretta','Crass','Lownie','llownied8@de.vu','698160383',148),(478,'Angela','Ashenhurst','MacGilmartin','amacgilmartind9@themeforest.net','670986248',153),(479,'Gretal','O\'Sharry','Critten','gcrittenda@gnu.org','625890894',23),(480,'Victoria','Fardoe','Mar','vmardb@msn.com','621739073',146),(481,'Ursala','Wynter','Sleep','usleepdc@paypal.com','689773525',99),(482,'Rosanne','Wooffinden','Scopes','rscopesdd@theglobeandmail.com','631596240',2),(483,'Dorelle','Lippini','Drivers','ddriversde@mozilla.com','653491171',178),(484,'Jillian','Curror','Merryweather','jmerryweatherdf@macromedia.com','686225996',161),(485,'Nico','Childe','MacCallester','nmaccallesterdg@uiuc.edu','627734292',126),(486,'Nicolas','Loakes','Piatto','npiattodh@youtube.com','637049566',167),(487,'Pembroke','Pentony','Hauxwell','phauxwelldi@upenn.edu','633214913',89),(488,'Avram','Nan Carrow','McCorkell','amccorkelldj@wp.com','640809992',125),(489,'Bailey','Peniman','MacKnockiter','bmacknockiterdk@senate.gov','615884840',214),(490,'Alisa','Loosemore','Gothrup','agothrupdl@amazon.co.jp','662096511',206),(491,'Jessie','Tenney','D\'Adda','jdaddadm@trellian.com','607637014',46),(492,'Roby','Raysdale','Dewing','rdewingdn@addthis.com','638048742',117),(493,'Marthena','Puttrell','Huckerbe','mhuckerbedo@bluehost.com','613708251',9),(494,'Tess','Woller','Ragbourne','tragbournedp@nasa.gov','658087491',47),(495,'Sully','Bennedick','Bouldstridge','sbouldstridgedq@mtv.com','686053426',205),(496,'Wandie','Kenelin','Arnson','warnsondr@mashable.com','605391086',103),(497,'Colet','Eland','Vanyard','cvanyardds@example.com','658117321',64),(498,'Bernadette','Reisk','Joliffe','bjoliffedt@tumblr.com','653006072',25),(499,'Audre','Haggett','Newdick','anewdickdu@tinypic.com','603390089',174),(500,'Jacinta','Ciccoloi','Cauthra','jcauthradv@github.io','632808956',75),(501,'Philomena','Starking','Topliss','ptoplissdw@sbwire.com','673967854',76),(502,'Jaclyn','Jaukovic','Hagan','jhagandx@yolasite.com','640982405',157),(503,'Skip','Kubalek','Farrin','sfarrindy@wp.com','654687379',192),(504,'Shaw','Swannell','Rabjohns','srabjohnsdz@qq.com','616974464',81),(505,'Garnette','Swannick','Poter','gpotere0@pbs.org','668144727',110),(506,'Bayard','Zink','Whymark','bwhymarke1@shinystat.com','657557148',172),(507,'Norry','Piggot','Giovannazzi','ngiovannazzie2@hostgator.com','630540463',3),(508,'Melba','Piatto','Penreth','mpenrethe3@linkedin.com','652763358',4),(509,'Suzanna','Gopsill','Mattusov','smattusove4@utexas.edu','626187234',41),(510,'Clementia','Plaid','Kiera','ckierae5@pcworld.com','638437633',174),(511,'Morgana','Djurevic','Meaders','mmeaderse6@examiner.com','691456050',52),(512,'Ursula','Fritz','Hoppner','uhoppnere7@narod.ru','644517312',95),(513,'Tanney','Folshom','Kenvin','tkenvine8@arizona.edu','649421798',155),(514,'Genna','Sulland','Gentiry','ggentirye9@naver.com','693659082',137),(515,'Gaby','Jori','Garbert','ggarbertea@huffingtonpost.com','610340120',58),(516,'Tyrone','Klimp','Hawking','thawkingeb@newyorker.com','665087926',184),(517,'Doyle','Speake','Skryne','dskryneec@ebay.com','686749393',67),(518,'Eimile','Beaty','Ferreo','eferreoed@geocities.com','690350594',130),(519,'Franky','Van der Velde','Ostrich','fostrichee@harvard.edu','635255231',52),(520,'Berk','Gricks','Hopkyns','bhopkynsef@goo.gl','674438457',59),(521,'Clo','Tottie','Autin','cautineg@cmu.edu','674605501',69),(522,'Tracie','Klausen','MacDiarmid','tmacdiarmideh@auda.org.au','665490988',190),(523,'Berty','Wonter','Coke','bcokeei@hao123.com','680579175',71),(524,'Gwenny','McIlmurray','Drable','gdrableej@springer.com','605889894',2),(525,'Madella','Kuzma','Biswell','mbiswellek@theglobeandmail.com','660772014',187),(526,'Dorolisa','Cannell','Cicchelli','dcicchelliel@nbcnews.com','667572668',107),(527,'Dominick','Discombe','Beevor','dbeevorem@blinklist.com','655403637',98),(528,'Effie','Breadmore','Standfield','estandfielden@unblog.fr','622401552',170),(529,'Burch','Tidgewell','Gabites','bgabiteseo@1und1.de','693450354',64),(530,'Elfrida','Wheatman','Shaylor','eshaylorep@jigsy.com','699215918',14),(531,'Stormi','Dury','Greenham','sgreenhameq@imdb.com','691329265',161),(532,'Jeff','Sivior','Ewen','jewener@nhs.uk','693626712',61),(533,'Pierce','Fawlo','Joris','pjorises@google.co.jp','608393709',123),(534,'Kimberli','Faustian','Handford','khandfordet@cnn.com','633961625',199),(535,'Valerye','Guichard','Braunlein','vbraunleineu@webeden.co.uk','664587746',14),(536,'Rosalinda','Jenkyn','Flude','rfludeev@hatena.ne.jp','622994471',112),(537,'Byrom','Dureden','Soldner','bsoldnerew@intel.com','650413200',92),(538,'Yvette','MacMichael','Laydon','ylaydonex@posterous.com','653683352',176),(539,'Albina','Stivers','Kinnane','akinnaneey@canalblog.com','623703521',48),(540,'Lorine','Copyn','Morten','lmortenez@discuz.net','637895286',151),(541,'Galvan','Martinek','Duffyn','gduffynf0@surveymonkey.com','639052482',4),(542,'Cari','Petrussi','Rowth','crowthf1@hibu.com','662883424',9),(543,'Mendie','Herreran','Bogey','mbogeyf2@techcrunch.com','698172035',177),(544,'Salli','Sheach','Hardman','shardmanf3@comcast.net','680380192',40),(545,'Elberta','Theobold','Komorowski','ekomorowskif4@fastcompany.com','649986588',84),(546,'Raynard','Wordley','Bouzek','rbouzekf5@nbcnews.com','651152100',77),(547,'Ernestine','Lipmann','Harding','ehardingf6@sohu.com','668898165',173),(548,'Nels','Nail','Colpus','ncolpusf7@google.de','600982398',29),(549,'Nora','Holttom','Pavia','npaviaf8@delicious.com','687152040',139),(550,'Jo ann','Back','Megarrell','jmegarrellf9@amazon.co.uk','697514373',117),(551,'Vida','Itzkovitch','Dechelette','vdechelettefa@typepad.com','600749907',45),(552,'Anya','Tierney','Freeburn','afreeburnfb@behance.net','640478125',52),(553,'Howey','Neligan','Eggleson','hegglesonfc@boston.com','659567839',38),(554,'Johnathon','Winsper','Soar','jsoarfd@goo.ne.jp','671433050',169),(555,'Abrahan','Butterworth','Knappen','aknappenfe@oracle.com','679743573',43),(556,'Clovis','Mansford','Reolfi','creolfiff@blogspot.com','654699656',188),(557,'Karyl','Stealfox','Alywen','kalywenfg@theatlantic.com','655305470',187),(558,'Una','Ivanshintsev','Elies','ueliesfh@illinois.edu','676751972',104),(559,'Earle','Piburn','Visco','eviscofi@whitehouse.gov','631001380',163),(560,'Parrnell','Daft','Cardwell','pcardwellfj@unblog.fr','681663023',10),(561,'Anatol','Youngman','Brecknell','abrecknellfk@ucoz.com','665393730',100),(562,'Niccolo','Borit','Sutton','nsuttonfl@canalblog.com','696901596',199),(563,'Waite','Balf','Dict','wdictfm@bravesites.com','623927576',76),(564,'Korrie','O\'Loinn','Horick','khorickfn@mit.edu','610197583',9),(565,'Corbin','Hyrons','Kimm','ckimmfo@cnbc.com','639999262',166),(566,'Edita','Trayton','Gage','egagefp@unc.edu','698846940',201),(567,'Knox','Stobbes','Dog','kdogfq@tinypic.com','634470736',94),(568,'Darcy','Ivashinnikov','Mulmuray','dmulmurayfr@bloglines.com','684935149',168),(569,'Kristyn','Lamar','Grinval','kgrinvalfs@mayoclinic.com','648783370',62),(570,'Georgette','Phayre','Dwine','gdwineft@google.fr','611691804',40),(571,'Quillan','Face','Heibl','qheiblfu@over-blog.com','631379671',4),(572,'Charmine','Doneld','Hapgood','chapgoodfv@noaa.gov','638821969',70),(573,'Mischa','Leadston','Arch','marchfw@pagesperso-orange.fr','684418426',86),(574,'Cacilia','Heckle','McClaurie','cmcclauriefx@adobe.com','651084629',79),(575,'Jerrylee','Rennocks','Jefferd','jjefferdfy@mozilla.com','693989842',113),(576,'Karlotte','Gaymar','Rickasse','krickassefz@newyorker.com','648733194',32),(577,'Meaghan','Shrimptone','Janoch','mjanochg0@examiner.com','601436863',169),(578,'Torry','Huddle','Jedrzejczak','tjedrzejczakg1@unc.edu','671398959',10),(579,'Jethro','Levane','Fossitt','jfossittg2@abc.net.au','689251899',113),(580,'Ingmar','Hussy','Tireman','itiremang3@hao123.com','613913004',184),(581,'Thomasine','Tunnicliff','Ellar','tellarg4@gnu.org','658408036',100),(582,'Modesty','Keattch','Lebbon','mlebbong5@livejournal.com','697839679',45),(583,'Merv','Bemment','Urrey','murreyg6@bing.com','669686232',198),(584,'John','Bernollet','MacGillacolm','jmacgillacolmg7@gnu.org','671094729',128),(585,'Sissy','Currey','Soitoux','ssoitouxg8@cafepress.com','603374264',59),(586,'Emeline','Bissatt','Orneblow','eorneblowg9@dmoz.org','608693094',127),(587,'Kitty','Mulgrew','Brunet','kbrunetga@ask.com','683982641',131),(588,'Trevor','Beames','Agett','tagettgb@topsy.com','658461011',180),(589,'Nealon','Rohfsen','Kytley','nkytleygc@mapquest.com','621707664',99),(590,'Tressa','Pedlow','Willimott','twillimottgd@google.com.br','695468754',107),(591,'Ramsay','Wolfit','Pischoff','rpischoffge@upenn.edu','613396924',207),(592,'Vittorio','Elderbrant','Dod','vdodgf@digg.com','601006627',77),(593,'Pryce','Manuaud','Ralston','pralstongg@booking.com','681481388',188),(594,'Michale','Celler','Imrie','mimriegh@sohu.com','608100898',99),(595,'Cyrus','Lewinton','Paddefield','cpaddefieldgi@google.es','620576468',174),(596,'Allayne','Popping','Clelland','aclellandgj@epa.gov','654309045',206),(597,'Maritsa','Grumley','Biddlestone','mbiddlestonegk@baidu.com','658500320',203),(598,'Adella','Bauduccio','Rosie','arosiegl@wiley.com','603916633',119),(599,'Waverley','Brimblecomb','Ladewig','wladewiggm@bigcartel.com','649202904',40),(600,'Barnaby','Fermoy','Napier','bnapiergn@fda.gov','611390099',111),(601,'Lisette','Yannoni','Grinston','lgrinstongo@simplemachines.org','602923894',130),(602,'Amabel','Fontin','Berriball','aberriballgp@spotify.com','627377956',93),(603,'Chadwick','Tyrie','Bertelet','cberteletgq@alibaba.com','654986208',159),(604,'Marys','Idill','Cricket','mcricketgr@accuweather.com','694138378',11),(605,'Atalanta','Huntingford','Lowbridge','alowbridgegs@yellowpages.com','696351259',187),(606,'Joceline','Leguey','Dewis','jdewisgt@scribd.com','675549511',88),(607,'Shepard','O\'Neill','Yarrall','syarrallgu@pbs.org','610252350',176),(608,'Colas','Halling','Cowcha','ccowchagv@amazon.co.uk','624160625',33),(609,'Corny','Annice','Ballantyne','cballantynegw@comcast.net','679276120',212),(610,'Odilia','Giovannacci','Antuoni','oantuonigx@howstuffworks.com','681098020',213),(611,'Engracia','Anstey','Rimbault','erimbaultgy@mac.com','600167313',140),(612,'Erie','Woolacott','Hurles','ehurlesgz@umn.edu','651190297',65),(613,'Dahlia','Power','Everton','devertonh0@unc.edu','673222499',63),(614,'Omar','Mullinder','Stoop','ostooph1@biglobe.ne.jp','645503049',52),(615,'Reidar','Stinton','Pellitt','rpellitth2@1und1.de','616112070',19),(616,'Felic','Ridsdole','Piffe','fpiffeh3@wikispaces.com','637513817',56),(617,'Lula','Jakobsson','Paver','lpaverh4@dagondesign.com','625140589',181),(618,'Carlynne','Erington','Ready','creadyh5@networksolutions.com','687430230',28),(619,'Wylie','Mariyushkin','Budget','wbudgeth6@mail.ru','687169770',167),(620,'Mada','Mil','Cord','mcordh7@blogs.com','629451328',53),(621,'Patience','Eefting','Clandillon','pclandillonh8@jimdo.com','626718953',197),(622,'Shela','Degoy','Klampk','sklampkh9@sfgate.com','682280976',141),(623,'Abra','Mindenhall','Bunstone','abunstoneha@histats.com','685724690',212),(624,'Byram','Klulicek','Lilford','blilfordhb@paypal.com','600419974',107),(625,'Patricio','Gooch','Edgeon','pedgeonhc@miibeian.gov.cn','656088528',207),(626,'Kalina','Benedtti','Sandiland','ksandilandhd@storify.com','600865868',78),(627,'Alisander','Mattiacci','Jancar','ajancarhe@istockphoto.com','695575999',107),(628,'Marcille','D\'Aguanno','Spinozzi','mspinozzihf@nasa.gov','615579939',104),(629,'Giordano','Haysey','Figgs','gfiggshg@deliciousdays.com','665752889',155),(630,'Donall','Boscott','Robak','drobakhh@delicious.com','631157331',99),(631,'Nancey','Broker','Garvagh','ngarvaghhi@yale.edu','689850820',37),(632,'Ingeberg','Langmead','Burhouse','iburhousehj@sohu.com','663865028',127),(633,'Hestia','Burrage','Battleson','hbattlesonhk@nature.com','682202930',5),(634,'Ryann','Berrey','Lindenblatt','rlindenblatthl@washington.edu','619902123',210),(635,'Munroe','Dunphy','Gozard','mgozardhm@rambler.ru','632986596',131),(636,'Sinclare','Mapam','Gathwaite','sgathwaitehn@adobe.com','648535856',174),(637,'Retha','Cambden','Fidelli','rfidelliho@oracle.com','655104407',8),(638,'Alvina','McGeady','Schermick','aschermickhp@smh.com.au','676101154',34),(639,'Forbes','Agostini','Teenan','fteenanhq@facebook.com','630749641',179),(640,'Dominic','Wigginton','Kasting','dkastinghr@webeden.co.uk','600535207',22),(641,'Hagen','Ellacott','Blaes','hblaeshs@icio.us','639945291',83),(642,'Carlee','Hodcroft','Eady','ceadyht@youtu.be','688367066',53),(643,'Farrah','Chadwyck','Klimkowski','fklimkowskihu@house.gov','675317416',187),(644,'Kayle','Skivington','Maryet','kmaryethv@digg.com','608033078',49),(645,'Aurie','Kohring','Gorry','agorryhw@miitbeian.gov.cn','617082237',144),(646,'Kassie','Maggiore','Shreeve','kshreevehx@amazon.com','655920362',3),(647,'Oriana','Terney','Ciciotti','ociciottihy@xinhuanet.com','663236680',145),(648,'Curt','Arbuckle','L\'Episcopi','clepiscopihz@behance.net','621694144',214),(649,'Stephanie','Tallowin','Rosiello','srosielloi0@google.it','680359550',182),(650,'Wenona','Curteis','Agerskow','wagerskowi1@acquirethisname.com','647003343',26),(651,'Cathyleen','Hawksley','Dawkes','cdawkesi2@noaa.gov','674206746',137),(652,'Godiva','Gartrell','Regnard','gregnardi3@friendfeed.com','697225130',108),(653,'Cornall','Huxster','Cahill','ccahilli4@scientificamerican.com','672274955',153),(654,'Joane','Winman','Raden','jradeni5@sbwire.com','661430387',196),(655,'Scotty','McKinnell','Tellenbrok','stellenbroki6@slideshare.net','611208020',63),(656,'Lillian','Stirley','Arnet','larneti7@un.org','679568508',212),(657,'Payton','Roseaman','Sherbrooke','psherbrookei8@state.gov','673645555',15),(658,'Caroline','Tuckie','Dirand','cdirandi9@example.com','617174191',20),(659,'Isidor','Cainey','Gemmill','igemmillia@salon.com','680365348',149),(660,'Dino','Paulmann','Lower','dlowerib@reuters.com','696578573',170),(661,'Malcolm','Scanlon','Smither','msmitheric@nature.com','665434830',55),(662,'Ahmad','Wyatt','Fairlie','afairlieid@home.pl','660649365',74),(663,'Christabella','Iwanowski','Bangs','cbangsie@blogger.com','614758924',195),(664,'Maris','Abbate','Cayser','mcayserif@naver.com','628342179',194),(665,'Tricia','Crole','Yakolev','tyakolevig@technorati.com','640229424',31),(666,'Carena','Winsley','Rand','crandih@stanford.edu','686738669',84),(667,'Cherilynn','Langwade','Graddon','cgraddonii@ehow.com','619917485',181),(668,'Lorine','Linggood','Jestico','ljesticoij@kickstarter.com','608222258',110),(669,'Nathan','Pengelley','Delort','ndelortik@hao123.com','610252562',4),(670,'Kessia','Josuweit','Freddi','kfreddiil@cnbc.com','661749184',126),(671,'Lucila','McKnockiter','Fantonetti','lfantonettiim@nyu.edu','663352841',201),(672,'Brade','Markovic','Skone','bskonein@nationalgeographic.com','669561772',159),(673,'Harrie','Blair','Ballister','hballisterio@census.gov','697526714',195),(674,'Leonard','Sachno','Ibanez','libanezip@usda.gov','649611967',189),(675,'Jillana','Simister','Tomkys','jtomkysiq@geocities.com','622904295',62),(676,'Dag','Dorling','Brittin','dbrittinir@lycos.com','630770984',195),(677,'Isabel','Dumbrell','Rigglesford','irigglesfordis@ustream.tv','611804690',111),(678,'Isa','McClinton','Denzilow','idenzilowit@scientificamerican.com','624007239',196),(679,'Saunder','Aspital','Wyke','swykeiu@google.co.uk','644847708',94),(680,'Nickolaus','Legrice','Tink','ntinkiv@java.com','647398314',65),(681,'Susanne','Staples','Shenfisch','sshenfischiw@omniture.com','658295977',156),(682,'Fletch','d\' Elboux','Bellon','fbellonix@nydailynews.com','657861966',210),(683,'Aurlie','Arstall','Brockherst','abrockherstiy@biglobe.ne.jp','695984618',184),(684,'Dalia','Aslam','Itzhak','ditzhakiz@drupal.org','603371565',75),(685,'Gerti','Trinbey','Grimestone','ggrimestonej0@jalbum.net','665278853',53),(686,'Ashli','Warret','Kidby','akidbyj1@wp.com','653749533',112),(687,'Jyoti','Peckitt','Huggins','jhugginsj2@tripadvisor.com','634137330',174),(688,'Joey','Normansell','Rosengarten','jrosengartenj3@yellowbook.com','632677666',133),(689,'Charisse','Bramhill','Le Sarr','clesarrj4@prlog.org','651451874',99),(690,'Clifford','Hillatt','Lambert','clambertj5@examiner.com','648902451',120),(691,'Agnola','Ingolotti','Greave','agreavej6@nature.com','684838438',16),(692,'Early','Routley','Thonason','ethonasonj7@ezinearticles.com','621658068',117),(693,'Sarge','Gladwish','Ivachyov','sivachyovj8@zimbio.com','659674593',99),(694,'Abagail','Tinline','Ebbotts','aebbottsj9@census.gov','665143700',46),(695,'Palm','Monier','Took','ptookja@usnews.com','615279372',74),(696,'Ailina','Pablos','Crummey','acrummeyjb@cmu.edu','689117040',41),(697,'Tandi','Pinnington','Stuer','tstuerjc@amazonaws.com','611122559',149),(698,'Malory','Mundford','Highnam','mhighnamjd@skype.com','637278755',42),(699,'Cordy','Plail','Wyre','cwyreje@msn.com','682806331',150),(700,'Sophey','Wallington','Mawtus','smawtusjf@bloomberg.com','649943532',196),(701,'Fraze','Langsbury','Bolino','fbolinojg@wp.com','696547791',152),(702,'Creighton','Vatini','Joncic','cjoncicjh@opensource.org','694227420',162),(703,'Perice','Pennino','Pettigrew','ppettigrewji@webmd.com','666140572',153),(704,'Claretta','Housbie','Crickmoor','ccrickmoorjj@purevolume.com','619358970',34),(705,'Mirilla','Pettican','Watts','mwattsjk@umn.edu','658183715',158),(706,'Obie','McGuiney','McVitty','omcvittyjl@discuz.net','656886733',142),(707,'Waverley','Urch','Sultana','wsultanajm@webs.com','645923975',71),(708,'Herman','MacMeanma','Vogel','hvogeljn@163.com','677462805',68),(709,'Vince','Calf','Ferreli','vferrelijo@live.com','657696155',142),(710,'Elly','McFarland','Chesnay','echesnayjp@mtv.com','602927549',27),(711,'Clim','Robertacci','Usherwood','cusherwoodjq@uiuc.edu','627218394',156),(712,'Darwin','Fowkes','Koba','dkobajr@hud.gov','672690950',176),(713,'Jania','Dudill','Smullen','jsmullenjs@oaic.gov.au','673180076',191),(714,'Nola','Sibly','Kincaid','nkincaidjt@last.fm','617333997',179),(715,'Stavros','Hardey','Lamblot','slamblotju@forbes.com','648628478',200),(716,'Almire','Grimmett','Tribble','atribblejv@zimbio.com','688980872',192),(717,'Frances','Gerrey','Wormstone','fwormstonejw@ezinearticles.com','602989211',3),(718,'Lonee','Giacomini','Pech','lpechjx@drupal.org','638630991',39),(719,'Phillipp','Peterkin','Blackburne','pblackburnejy@squidoo.com','659188905',6),(720,'Phyllis','Enbury','Colisbe','pcolisbejz@icio.us','641613731',191),(721,'Quintana','Lipyeat','Vasilchenko','qvasilchenkok0@timesonline.co.uk','673880729',204),(722,'Ruth','Earlam','Baldoni','rbaldonik1@4shared.com','649539678',91),(723,'Lazarus','Ride','Snoden','lsnodenk2@nydailynews.com','648069658',69),(724,'Clair','Hauxby','Bandey','cbandeyk3@google.de','620062369',125),(725,'Knox','Aspy','Paxforde','kpaxfordek4@instagram.com','600391698',121),(726,'Cassi','Toretta','Thow','cthowk5@i2i.jp','634013907',129),(727,'Dot','Burnyate','Blais','dblaisk6@issuu.com','645462622',3),(728,'Lisetta','Syred','Tomsen','ltomsenk7@g.co','664567551',20),(729,'Eustacia','Riddler','Treske','etreskek8@cafepress.com','667798225',71),(730,'Cameron','Alvarado','Bridgeman','cbridgemank9@princeton.edu','679371220',178),(731,'Jelene','McPartling','Tapin','jtapinka@mit.edu','613784533',141),(732,'Crawford','Shepperd','Goodwell','cgoodwellkb@meetup.com','634644202',89),(733,'Claire','Merrgen','Vila','cvilakc@latimes.com','610493446',103),(734,'Sayers','Figgs','Cornilleau','scornilleaukd@oaic.gov.au','641252673',147),(735,'Barclay','Deville','Scawen','bscawenke@nifty.com','603571458',78),(736,'Antonina','Comben','Lindblom','alindblomkf@aboutads.info','625863085',204),(737,'Tiertza','Schuler','McNirlan','tmcnirlankg@latimes.com','686261803',193),(738,'Mia','Decent','Ferrieroi','mferrieroikh@themeforest.net','699760335',114),(739,'Bernice','Dimmick','Mellodey','bmellodeyki@unc.edu','636331529',132),(740,'Alli','Luetchford','Wandtke','awandtkekj@smugmug.com','674233270',115),(741,'Leticia','Roswarne','Dungate','ldungatekk@friendfeed.com','680287018',14),(742,'Orv','Mitchley','Vian','oviankl@meetup.com','629472594',59),(743,'Viola','Hallford','Moen','vmoenkm@xrea.com','669140440',190),(744,'Kendell','Castagne','Goodspeed','kgoodspeedkn@webmd.com','672929061',129),(745,'Margareta','Peet','Chadwell','mchadwellko@eventbrite.com','661417677',160),(746,'Seamus','Botterill','Dimanche','sdimanchekp@icq.com','630280882',212),(747,'Alfy','Posvner','Harriss','aharrisskq@paginegialle.it','623775118',54),(748,'Kalle','Crannis','Kingsly','kkingslykr@exblog.jp','683557793',115),(749,'Delila','Romke','Haselden','dhaseldenks@usgs.gov','657281318',121),(750,'Henka','Glanville','Killik','hkillikkt@msu.edu','650623646',73),(751,'Josy','Clifft','Behn','jbehnku@zimbio.com','658223517',97),(752,'Moe','Gilvear','Doge','mdogekv@sciencedaily.com','645794425',16),(753,'Quentin','Halls','Castanaga','qcastanagakw@flickr.com','644826757',177),(754,'Edna','Elcoate','Carreck','ecarreckkx@parallels.com','624221018',155),(755,'Ashil','Pellett','Earney','aearneyky@engadget.com','656022247',156),(756,'Gualterio','Geroldo','Fleischer','gfleischerkz@rakuten.co.jp','643225180',48),(757,'Anton','Bratten','Reichartz','areichartzl0@oracle.com','602479257',192),(758,'Nicolais','Mattosoff','Bahike','nbahikel1@nifty.com','643328445',73),(759,'Chandra','Sinfield','Purchase','cpurchasel2@mlb.com','671561174',131),(760,'Sasha','Spinas','Gillyett','sgillyettl3@tinyurl.com','669338227',113),(761,'Barclay','Labet','Stopford','bstopfordl4@hostgator.com','669879773',23),(762,'Tasia','Cumbridge','Orpyne','torpynel5@tinyurl.com','645955720',126),(763,'Michale','Bridgwater','Abbatini','mabbatinil6@huffingtonpost.com','649868716',16),(764,'Zena','Rumble','Slipper','zslipperl7@discovery.com','672822892',121),(765,'Xerxes','Rivallant','Lindhe','xlindhel8@archive.org','661114795',209),(766,'Demetria','Taber','Wickey','dwickeyl9@dot.gov','690536942',51),(767,'Mattias','Shelton','Lockyer','mlockyerla@aboutads.info','625663137',101),(768,'Agnola','Townsley','Whilder','awhilderlb@theatlantic.com','640867196',48),(769,'Dori','Balentyne','Pigram','dpigramlc@sourceforge.net','675102131',171),(770,'Pebrook','Gillbe','Sharples','psharplesld@utexas.edu','619438109',203),(771,'Cleopatra','Botten','Hull','chullle@infoseek.co.jp','650811998',185),(772,'Gilberte','Mesnard','Hullett','ghullettlf@altervista.org','685189181',95),(773,'Iver','Kingaby','Aleswell','ialeswelllg@amazon.com','620781826',110),(774,'Orbadiah','Raphael','Rablin','orablinlh@mozilla.org','646501973',125),(775,'Udell','McMarquis','Larmouth','ularmouthli@google.de','646364980',165),(776,'Nananne','Hartzogs','Borris','nborrislj@mlb.com','697334051',81),(777,'Clevie','Inkpin','Somerled','csomerledlk@constantcontact.com','680230579',60),(778,'Karrie','Frederick','Tremberth','ktremberthll@huffingtonpost.com','682385103',28),(779,'Ricki','Geere','Iglesia','riglesialm@rakuten.co.jp','614042844',207),(780,'Toma','Leither','Rowcliffe','trowcliffeln@livejournal.com','621076601',111),(781,'Chrissy','Clinning','Lettley','clettleylo@omniture.com','662971536',54),(782,'Joy','Pye','Zoephel','jzoephellp@godaddy.com','625728928',61),(783,'Bev','Warton','Oubridge','boubridgelq@weebly.com','613593937',16),(784,'Sydney','Pohlak','Allitt','sallittlr@cbsnews.com','681589192',114),(785,'Benedict','Crowson','Paterno','bpaternols@cargocollective.com','650374682',48),(786,'Bridgette','Cussons','Lahrs','blahrslt@technorati.com','603209708',204),(787,'Kimball','Mossbee','Lorie','klorielu@ucoz.com','619834178',113),(788,'Josh','Hogsden','Hun','jhunlv@alibaba.com','684523827',151),(789,'Elke','Biggadike','Gresley','egresleylw@360.cn','632212083',106),(790,'Ketty','Mattsson','Leppington','kleppingtonlx@topsy.com','669172058',14),(791,'Kendell','McAmish','Beall','kbeallly@bbb.org','612734899',25),(792,'Patrica','Mattys','Skill','pskilllz@uol.com.br','679723656',15),(793,'Harv','Karolovsky','Demangeot','hdemangeotm0@issuu.com','659219499',52),(794,'Shaw','Semken','Sanders','ssandersm1@plala.or.jp','672999720',63),(795,'Levy','Minchinden','Chatburn','lchatburnm2@t.co','633725325',2),(796,'Derick','Seton','Wudeland','dwudelandm3@g.co','637510693',143),(797,'Reinaldo','Slatter','Crosfield','rcrosfieldm4@reference.com','659719118',122),(798,'Jewel','D\'eathe','Wattins','jwattinsm5@tumblr.com','631691310',38),(799,'Bridgette','Brislane','D\'Onisi','bdonisim6@gnu.org','627897940',35),(800,'Waring','Chatteris','Darlison','wdarlisonm7@dell.com','631473689',39),(801,'Evangeline','Pickervance','Mercy','emercym8@goodreads.com','638640247',35),(802,'Harmonia','Checchi','Sturton','hsturtonm9@techcrunch.com','642796959',76),(803,'Hugibert','Skrzynski','Dannell','hdannellma@ning.com','632591266',65),(804,'Dela','Stegel','Asple','dasplemb@newyorker.com','652864040',200),(805,'Ermina','Willans','Armsby','earmsbymc@cyberchimps.com','697723408',65),(806,'Sven','Auckland','Polding','spoldingmd@homestead.com','626122856',165),(807,'Reggi','Fonteyne','Iddenden','riddendenme@amazonaws.com','688814139',17),(808,'Daron','Syce','Dugdale','ddugdalemf@canalblog.com','634251131',62),(809,'Dione','Grimsdale','Vasyunin','dvasyuninmg@blogtalkradio.com','609536263',135),(810,'Janetta','Abramovicz','Berk','jberkmh@simplemachines.org','645646024',42),(811,'Stanwood','Adamczewski','Giacometti','sgiacomettimi@mozilla.org','658826736',93),(812,'Gusti','Saket','Phythien','gphythienmj@wix.com','660872898',19),(813,'Yoshi','Acosta','Marchi','ymarchimk@blogtalkradio.com','684856573',137),(814,'Modesta','Laughrey','Duddridge','mduddridgeml@nhs.uk','642232259',205),(815,'Maisey','Greenway','Seamarke','mseamarkemm@wufoo.com','656293556',96),(816,'Marietta','Morton','Marian','mmarianmn@comsenz.com','646126087',187),(817,'Vanya','Stuffins','Wethered','vwetheredmo@earthlink.net','646540649',142),(818,'Willie','Morpeth','Henze','whenzemp@msu.edu','690152650',58),(819,'Molly','Tarquini','Streak','mstreakmq@chicagotribune.com','634903850',211),(820,'Torry','Weldrake','Cassell','tcassellmr@mozilla.com','698950739',95),(821,'Rosemonde','Copozio','Fleg','rflegms@diigo.com','681403213',210),(822,'Pete','Hawley','Haxbie','phaxbiemt@admin.ch','678776604',172),(823,'Eldon','Raspin','Hayesman','ehayesmanmu@yellowbook.com','653154933',12),(824,'Kristel','Tunniclisse','Carnie','kcarniemv@dot.gov','605544642',192),(825,'Caye','Woodfield','Catterall','ccatterallmw@wired.com','619006033',122),(826,'Milzie','Wozencroft','Murfett','mmurfettmx@nydailynews.com','647661113',81),(827,'Lavina','Girvan','L\'Hommee','llhommeemy@google.com.br','627779692',123),(828,'Tiffie','Bletsoe','Audrey','taudreymz@ning.com','606870042',146),(829,'Meryl','Houlton','Grishelyov','mgrishelyovn0@dailymail.co.uk','611539656',210),(830,'Rand','Bruntje','Brymham','rbrymhamn1@bloglovin.com','657248668',4),(831,'Frank','De La Cote','Dickenson','fdickensonn2@purevolume.com','615398332',192),(832,'Teddi','Mendez','Acarson','tacarsonn3@stanford.edu','683244328',146),(833,'Jamil','Bayless','Galliard','jgalliardn4@gov.uk','665354426',178),(834,'Marthena','Kynastone','Brokenshaw','mbrokenshawn5@bloglines.com','640875433',20),(835,'Layney','Swafford','Adney','ladneyn6@creativecommons.org','634913770',64),(836,'Kath','Chinnick','Karby','kkarbyn7@bandcamp.com','647569237',168),(837,'Ermentrude','Keerl','Farfalameev','efarfalameevn8@intel.com','688748563',1),(838,'Phelia','Brandreth','Greger','pgregern9@posterous.com','688892070',23),(839,'Leesa','Chaston','Fewster','lfewsterna@elpais.com','626220752',117),(840,'Joelie','Sikora','Longstaffe','jlongstaffenb@cpanel.net','609969011',189),(841,'Alfy','Heersema','Flores','afloresnc@google.co.jp','664303134',139),(842,'Donetta','Kitlee','Lowres','dlowresnd@hibu.com','612926960',166),(843,'Dulci','Porte','Ilett','dilettne@myspace.com','629642097',41),(844,'Dorelle','Koch','Redholes','dredholesnf@zimbio.com','685637610',162),(845,'Alfie','Mergue','Gaskoin','agaskoinng@ow.ly','607128957',168),(846,'Arlette','Riddlesden','Cordell','acordellnh@over-blog.com','607826122',72),(847,'Mohammed','Curd','Godrich','mgodrichni@dagondesign.com','627490297',89),(848,'Lawry','Bonevant','Lemm','llemmnj@paginegialle.it','657189962',72),(849,'Jaimie','Ricoald','Bewicke','jbewickenk@homestead.com','681544246',176),(850,'Teodorico','Triggel','Sawnwy','tsawnwynl@google.de','644301351',163),(851,'Hugh','McDermott','Genney','hgenneynm@example.com','675764420',200),(852,'Susette','Rapsey','Rolles','srollesnn@over-blog.com','662973144',119),(853,'Gustie','Shergill','Gurney','ggurneyno@wikispaces.com','680605805',114),(854,'Alma','Boakes','Drakers','adrakersnp@columbia.edu','663509487',178),(855,'Ddene','Sprasen','Gough','dgoughnq@springer.com','648984452',112),(856,'Ertha','Blennerhassett','Levinge','elevingenr@nhs.uk','641159959',121),(857,'Leanor','Cartwright','Sayles','lsaylesns@nih.gov','628030552',59),(858,'Worden','Linnard','Eustanch','weustanchnt@ycombinator.com','630228512',76),(859,'Pren','Dymock','Siggee','psiggeenu@simplemachines.org','635501089',47),(860,'Rog','Biasotti','Dwight','rdwightnv@sakura.ne.jp','630768093',115),(861,'Jody','Overington','Najafian','jnajafiannw@multiply.com','685589783',34),(862,'Melodie','Sexten','Vanini','mvanininx@nationalgeographic.com','667960283',158),(863,'Ivy','Soanes','Waadenburg','iwaadenburgny@yelp.com','662243986',147),(864,'Myron','Clinch','Okenden','mokendennz@domainmarket.com','614733638',214),(865,'Nettie','Biggin','Kondratovich','nkondratovicho0@slideshare.net','658544476',65),(866,'Elora','Cansdall','Carluccio','ecarluccioo1@nationalgeographic.com','626820879',57),(867,'Vale','Cheston','Waddilove','vwaddiloveo2@twitter.com','648046691',63),(868,'Sande','Nono','Kindred','skindredo3@symantec.com','676035306',209),(869,'Giuseppe','Kinge','Huegett','ghuegetto4@posterous.com','609694091',193),(870,'Stirling','Dallas','Chelley','schelleyo5@opensource.org','627955289',194),(871,'Norah','Wilford','Pawlata','npawlatao6@rediff.com','685607602',48),(872,'Nickola','Crampsy','Langmuir','nlangmuiro7@msn.com','669569855',65),(873,'Poul','Eusden','Gallimore','pgallimoreo8@upenn.edu','628323726',59),(874,'Merwyn','Binnion','Summerson','msummersono9@businessweek.com','680463528',188),(875,'Michaela','Keble','Franc','mfrancoa@earthlink.net','653828359',140),(876,'Wernher','Humbey','Lillee','wlilleeob@weather.com','699113839',13),(877,'Burty','MacAless','MacKaile','bmackaileoc@unesco.org','694608046',194),(878,'Filide','Pelzer','Eyers','feyersod@facebook.com','681301251',119),(879,'Sherman','Jardine','Standall','sstandalloe@networksolutions.com','671018932',186),(880,'Flora','Deveral','Frederick','ffrederickof@epa.gov','640980313',49),(881,'Dun','Jolliffe','Blankman','dblankmanog@mac.com','615376557',23),(882,'Dotty','Dayton','Wanklin','dwanklinoh@123-reg.co.uk','689829335',195),(883,'Christan','MacMychem','Gallier','cgallieroi@cyberchimps.com','653844287',179),(884,'Wally','Dimitrie','Itscowics','witscowicsoj@icq.com','603014024',138),(885,'Steve','Newhouse','Janodet','sjanodetok@alibaba.com','670139172',177),(886,'Raffaello','Collimore','Gozzard','rgozzardol@ask.com','642795580',197),(887,'Annora','Aizikov','Mourge','amourgeom@surveymonkey.com','651277557',33),(888,'Bearnard','Guiett','Angear','bangearon@washington.edu','667811792',48),(889,'Keven','Enrique','Alwood','kalwoodoo@bloomberg.com','674631819',156),(890,'Faun','Stuther','Chapple','fchappleop@163.com','650125638',2),(891,'Marrilee','Tyrrell','Bly','mblyoq@miitbeian.gov.cn','667938538',19),(892,'Wilie','Eddow','Oaten','woatenor@liveinternet.ru','696360459',21),(893,'Jillana','Kidder','Lebell','jlebellos@amazonaws.com','615214943',81),(894,'Etty','Warsap','Clotworthy','eclotworthyot@hostgator.com','645438028',159),(895,'Ulla','Kingswood','Mandre','umandreou@blogger.com','652695934',7),(896,'Ashely','Dugue','Hamp','ahampov@bravesites.com','631506708',151),(897,'Yasmin','Clemenza','Bossons','ybossonsow@sciencedirect.com','619766542',73),(898,'Alaster','Putley','Bowick','abowickox@smugmug.com','607422592',158),(899,'Barnett','Trimmell','Vondruska','bvondruskaoy@1688.com','685735450',96),(900,'Cristy','Cathee','Goodhay','cgoodhayoz@feedburner.com','605919911',17),(901,'Amabel','Wyllcocks','Quarless','aquarlessp0@intel.com','676937770',213),(902,'Brennen','Rolf','Featenby','bfeatenbyp1@nymag.com','621005587',137),(903,'Desi','Floyed','Scad','dscadp2@multiply.com','629155187',92),(904,'Terrance','Stanhope','Spiller','tspillerp3@naver.com','670719852',200),(905,'Hersh','Snelgar','Puleston','hpulestonp4@bbb.org','687098495',197),(906,'Yulma','Robet','Willingham','ywillinghamp5@multiply.com','663420696',87),(907,'Mikaela','Danovich','Waumsley','mwaumsleyp6@sun.com','602750009',115),(908,'Sofia','Wyllcocks','Sullly','ssulllyp7@tinyurl.com','607408915',200),(909,'Maud','Melia','Congdon','mcongdonp8@last.fm','687506885',98),(910,'Jenna','Dahlbom','Bulman','jbulmanp9@myspace.com','636831411',14),(911,'Dorie','Douche','Lorans','dloranspa@netvibes.com','683608430',51),(912,'Engracia','Kmicicki','Pautot','epautotpb@ycombinator.com','639516621',206),(913,'Lutero','Izaks','Maseres','lmaserespc@reference.com','664686996',37),(914,'Tristam','Lathbury','Richard','trichardpd@canalblog.com','692250456',176),(915,'Nissie','Follacaro','Jonk','njonkpe@seattletimes.com','643349056',104),(916,'Marybelle','Braganca','Lanfear','mlanfearpf@slideshare.net','623379671',110),(917,'Bartram','Ewbanks','Irvine','birvinepg@youku.com','646564680',207),(918,'Abigael','Crevy','Staten','astatenph@about.me','690208884',160),(919,'Emmaline','Dowse','Callis','ecallispi@godaddy.com','648052774',175),(920,'Georgi','Klousner','Dey','gdeypj@surveymonkey.com','636184539',140),(921,'Heda','Jaimez','Fairhall','hfairhallpk@ocn.ne.jp','669802342',177),(922,'Quintin','O\' Connell','Bradd','qbraddpl@ftc.gov','654537723',111),(923,'Janos','Filoniere','Josifovic','jjosifovicpm@storify.com','699542773',65),(924,'Nora','Rendbaek','Pibsworth','npibsworthpn@walmart.com','648169681',90),(925,'Winn','Springer','Vogeller','wvogellerpo@zdnet.com','643984945',189),(926,'Quentin','Lisciandri','Heazel','qheazelpp@facebook.com','682021828',165),(927,'Gale','Tynewell','Champniss','gchampnisspq@pen.io','621502996',14),(928,'Mohandis','McCrystal','Oliphant','moliphantpr@whitehouse.gov','657213652',22),(929,'Moises','Benedito','Klais','mklaisps@linkedin.com','655642343',2),(930,'Franky','Rosenauer','DelaField','fdelafieldpt@nydailynews.com','654246193',165),(931,'Olly','Sallan','Wride','owridepu@jalbum.net','678206567',102),(932,'Culley','Reinard','Greed','cgreedpv@omniture.com','673703413',165),(933,'Annelise','Bellchamber','Josselson','ajosselsonpw@nasa.gov','654563331',79),(934,'Ellsworth','Stoner','Worsom','eworsompx@dailymotion.com','677728538',66),(935,'Cindy','Kellitt','Dancy','cdancypy@shinystat.com','601909263',121),(936,'Roseanna','Killock','Lazell','rlazellpz@drupal.org','663730477',74),(937,'Renard','Goalley','Crooks','rcrooksq0@msn.com','660271736',78),(938,'Charline','Gladdish','Stegell','cstegellq1@bloomberg.com','683343998',107),(939,'Meagan','Gorke','Harsum','mharsumq2@ovh.net','601865034',187),(940,'Wallis','Thow','Scintsbury','wscintsburyq3@unc.edu','683837475',40),(941,'Meredith','Phython','Tuhy','mtuhyq4@sun.com','602284488',100),(942,'Lanie','Bownde','Knapton','lknaptonq5@myspace.com','652679985',59),(943,'Reamonn','Farreil','Carneck','rcarneckq6@mtv.com','629070826',19),(944,'Cody','Kubiak','Overnell','covernellq7@usda.gov','601307647',140),(945,'Thatch','Duckitt','Gomez','tgomezq8@qq.com','678468645',22),(946,'Barnard','Fuggles','Lambart','blambartq9@arizona.edu','622562302',73),(947,'Merrill','Wormleighton','Leather','mleatherqa@issuu.com','664485646',172),(948,'Terri-jo','Schapero','Dudney','tdudneyqb@github.io','639917587',165),(949,'Lillis','Messam','Swalteridge','lswalteridgeqc@spiegel.de','679054727',108),(950,'Martina','Stitwell','Balk','mbalkqd@java.com','643069714',102),(951,'Oriana','Dunnan','Gabriel','ogabrielqe@deviantart.com','609635683',129),(952,'Rolland','Bance','Lotte','rlotteqf@alexa.com','611055325',208),(953,'Claudina','Groundwator','Barensen','cbarensenqg@tinypic.com','640798171',112),(954,'Vernice','Kos','Leppard','vleppardqh@nba.com','612293133',15),(955,'Hy','Trorey','Booley','hbooleyqi@over-blog.com','626425952',179),(956,'Dawna','Callar','Winfindine','dwinfindineqj@google.com.hk','672064861',7),(957,'Erena','Caves','Ferri','eferriqk@who.int','661107507',166),(958,'Karola','Edrich','Dewer','kdewerql@seattletimes.com','674672650',3),(959,'Sebastiano','Waplinton','Dunican','sdunicanqm@europa.eu','607027460',2),(960,'Zackariah','Eynaud','Boldry','zboldryqn@cnet.com','625756669',40),(961,'Estrellita','Verlinde','Veschambes','eveschambesqo@independent.co.uk','656008910',120),(962,'Morna','McIllroy','Getley','mgetleyqp@merriam-webster.com','657314593',18),(963,'Meara','Petrasek','Nethercott','mnethercottqq@reverbnation.com','682436218',67),(964,'Isak','Torrijos','Pitman','ipitmanqr@printfriendly.com','664075489',127),(965,'Bettina','Cheyenne','Klais','bklaisqs@salon.com','635479220',163),(966,'Gerta','Sevin','Clover','gcloverqt@wiley.com','635365162',164),(967,'Warden','Adacot','Teale','wtealequ@canalblog.com','661305153',10),(968,'Shadow','Gherardini','Lewtey','slewteyqv@deliciousdays.com','634827271',137),(969,'Vinny','O\'Monahan','Physic','vphysicqw@instagram.com','691591364',194),(970,'Tanner','Dummett','Talkington','ttalkingtonqx@drupal.org','696346230',173),(971,'Ashien','Tamlett','Glassup','aglassupqy@chicagotribune.com','608349015',52),(972,'Birgitta','Adamovitch','Archibold','barchiboldqz@sourceforge.net','602860253',35),(973,'Willamina','Skilbeck','Coaker','wcoakerr0@miitbeian.gov.cn','678582878',106),(974,'Orelle','Tibols','Corthes','ocorthesr1@lycos.com','627385366',125),(975,'Barbie','Aistrop','Tudor','btudorr2@google.com.br','672371150',54),(976,'Lois','Porcher','Ubanks','lubanksr3@sbwire.com','614769275',142),(977,'Carmon','Leppingwell','Ference','cferencer4@dailymotion.com','645489469',118),(978,'Tommy','Graveston','Alvey','talveyr5@icio.us','640611439',183),(979,'Doro','Stivens','Giacobo','dgiacobor6@symantec.com','636245385',147),(980,'Elissa','Shakeshaft','Macek','emacekr7@nifty.com','674585048',38),(981,'Shanon','Addekin','Burnel','sburnelr8@g.co','661445108',6),(982,'Allissa','Eary','Roggero','aroggeror9@bloglovin.com','652176912',168),(983,'Lief','Doyle','Stroobant','lstroobantra@example.com','635522459',152),(984,'Lennie','Rubin','Cudbertson','lcudbertsonrb@sphinn.com','649289918',178),(985,'Zebadiah','Sidery','Siely','zsielyrc@blogs.com','633832112',19),(986,'Aloise','Adami','Danby','adanbyrd@google.com.au','677711667',56),(987,'Svend','Leishman','Peaden','speadenre@tinypic.com','604705512',85),(988,'Yasmeen','Tabart','Meyrick','ymeyrickrf@umn.edu','621606300',23),(989,'Leyla','Senten','Ladell','lladellrg@youtu.be','629601733',76),(990,'Jere','Ahren','Ashe','jasherh@wisc.edu','691678612',82),(991,'Ellyn','Mellhuish','Kildahl','ekildahlri@stanford.edu','688446958',140),(992,'Geoff','Carnell','Rutherfoord','grutherfoordrj@gnu.org','610717022',165),(993,'Rafaellle','Wingar','Gerritzen','rgerritzenrk@ucoz.com','629947565',19),(994,'Frasco','Corbitt','Megarrell','fmegarrellrl@google.co.jp','612456117',102),(995,'Hendrick','Brehat','Poundesford','hpoundesfordrm@ucsd.edu','604552471',185),(996,'Kessiah','Ceely','Blum','kblumrn@prlog.org','627043185',49),(997,'Lela','Housaman','Gullane','lgullanero@npr.org','689447563',138),(998,'Jarib','Tolwood','Gristwood','jgristwoodrp@godaddy.com','667640277',110),(999,'Lambert','Stodd','Frid','lfridrq@amazon.co.jp','659812164',55),(1000,'Lethia','Godwyn','Gherardini','lgherardinirr@gov.uk','627118843',28);
/*!40000 ALTER TABLE `clientes` ENABLE KEYS */;
UNLOCK TABLES;

--
-- Table structure for table `departamentos`
--

DROP TABLE IF EXISTS `departamentos`;
/*!40101 SET @saved_cs_client     = @@character_set_client */;
/*!50503 SET character_set_client = utf8mb4 */;
CREATE TABLE `departamentos` (
  `id` int NOT NULL AUTO_INCREMENT,
  `departamento` varchar(30) NOT NULL,
  `id_jefe_dpto` int DEFAULT NULL,
  PRIMARY KEY (`id`),
  KEY `id_jefe_dpto` (`id_jefe_dpto`),
  CONSTRAINT `departamentos_ibfk_1` FOREIGN KEY (`id_jefe_dpto`) REFERENCES `empleados` (`id`) ON DELETE SET NULL ON UPDATE CASCADE
) ENGINE=InnoDB AUTO_INCREMENT=12 DEFAULT CHARSET=utf8mb4 COLLATE=utf8mb4_0900_ai_ci;
/*!40101 SET character_set_client = @saved_cs_client */;

--
-- Dumping data for table `departamentos`
--

LOCK TABLES `departamentos` WRITE;
/*!40000 ALTER TABLE `departamentos` DISABLE KEYS */;
INSERT INTO `departamentos` VALUES (1,'Ventas',477),(2,'Recursos Humanos',882),(3,'I+D',493),(4,'Direccin',78),(5,'Marketing y Publicidad',232),(6,'Atencin al cliente',260),(7,'Logstica',76),(8,'Gestin y Administracin',875),(9,'Finanzas',207),(10,'Compras',980),(11,'IT',971);
/*!40000 ALTER TABLE `departamentos` ENABLE KEYS */;
UNLOCK TABLES;

--
-- Table structure for table `empleados`
--

DROP TABLE IF EXISTS `empleados`;
/*!40101 SET @saved_cs_client     = @@character_set_client */;
/*!50503 SET character_set_client = utf8mb4 */;
CREATE TABLE `empleados` (
  `id` int NOT NULL AUTO_INCREMENT,
  `nombre` varchar(30) NOT NULL,
  `apellido1` varchar(30) NOT NULL,
  `apellido2` varchar(30) DEFAULT NULL,
  `fecha_nacimiento` date NOT NULL,
  `fecha_incorporacion` date NOT NULL,
  `sueldo` decimal(8,2) NOT NULL,
  `id_dpto` int DEFAULT NULL,
  PRIMARY KEY (`id`),
  KEY `id_dpto` (`id_dpto`),
  CONSTRAINT `empleados_ibfk_2` FOREIGN KEY (`id_dpto`) REFERENCES `departamentos` (`id`) ON DELETE SET NULL ON UPDATE CASCADE,
  CONSTRAINT `empleados_chk_1` CHECK ((`sueldo` > 0))
) ENGINE=InnoDB AUTO_INCREMENT=2001 DEFAULT CHARSET=utf8mb4 COLLATE=utf8mb4_0900_ai_ci;
/*!40101 SET character_set_client = @saved_cs_client */;

--
-- Dumping data for table `empleados`
--

LOCK TABLES `empleados` WRITE;
/*!40000 ALTER TABLE `empleados` DISABLE KEYS */;
INSERT INTO `empleados` VALUES (1,'Nikola','Snar','Bruhnke','1972-04-01','2020-10-18',43199.00,6),(2,'Micheline','Kyllford','De Stoop','1978-04-13','2018-02-04',68278.00,4),(3,'Ceciley','Arnoldi','McKinnon','1963-06-30','2014-02-16',61229.00,5),(4,'Mercedes','Fontel','Spiers','1964-02-15','2018-03-10',32757.00,11),(5,'Clemens','Iacavone','Hoggins','1983-08-10','2019-09-07',60618.00,11),(6,'Enoch','Fairclough','Hadenton','1989-09-13','2020-07-07',57217.00,9),(7,'Temple','Sutherns','Pagram','1971-05-11','2017-02-18',56706.00,4),(8,'Adan','Flori','Rodda','1973-02-09','2020-03-09',62411.00,11),(9,'Avis','Haucke','Duthy','1966-07-27','2019-10-30',67083.00,3),(10,'Keen','Aves','Blase','1962-11-20','2019-02-06',69677.00,8),(11,'Emerson','Paoletti','Lantuffe','1966-09-07','2016-05-04',59325.00,6),(12,'Gusta','Calderwood','Whelan','1989-08-11','2017-03-22',20130.00,9),(13,'Caryn','O\'Dare','Feilden','1974-04-05','2010-11-14',49844.00,11),(14,'Roobbie','Ellacott','Arniz','1975-03-28','2022-12-18',22403.00,6),(15,'Tomi','de Clerk','Kinnoch','1964-11-08','2016-02-06',33615.00,1),(16,'Aylmar','Sharpe','Ficken','1970-03-14','2017-07-19',23017.00,11),(17,'Edgar','Alves','Mebes','1980-10-30','2018-10-17',38727.00,1),(18,'Ericha','Dugood','Syddie','1970-12-26','2015-02-11',40923.00,9),(19,'Eliza','Climson','Swain','1972-06-20','2021-04-17',26084.00,10),(20,'Crichton','Jobb','Uwins','1972-01-27','2011-04-21',55906.00,7),(21,'Avery','Reddish','Cathesyed','1972-12-18','2017-08-09',49218.00,3),(22,'Sonny','Mohamed','Simonelli','1979-08-12','2017-06-14',68237.00,11),(23,'Timmie','Motte','Hallgath','1964-04-12','2018-06-21',55967.00,5),(24,'Bevan','Tabb','Mulcahy','1972-11-25','2011-10-09',69358.00,7),(25,'Jewelle','Lambal','Brocklehurst','1976-03-14','2013-02-21',58918.00,4),(26,'Shelby','Botton','Moncreiff','1983-03-08','2019-07-01',34214.00,4),(27,'Buddie','McIan','Spancock','1971-12-22','2018-11-28',61644.00,4),(28,'Rhetta','Bickford','Pifford','1979-03-21','2020-12-19',61690.00,6),(29,'Raeann','Ollerearnshaw','Billam','1987-09-20','2017-09-20',59817.00,4),(30,'Brocky','Twinning','Volonte','1962-04-13','2011-11-26',53103.00,8),(31,'Cello','Petrasek','Mercy','1978-09-25','2021-01-28',61274.00,2),(32,'Leonid','Pahlsson','Wharton','1978-03-02','2023-01-06',71723.00,10),(33,'Agneta','Artin','Merck','1986-12-10','2017-04-18',35555.00,8),(34,'Alphonse','Goning','Ralston','1978-04-11','2013-12-01',21604.00,3),(35,'Calida','Neil','Hirche','1965-08-23','2012-11-11',68111.00,10),(36,'Hetty','Morfell','Ivanovic','1962-04-26','2011-04-26',54452.00,1),(37,'Othello','Crickmore','Rihanek','1963-04-26','2019-02-06',52852.00,9),(38,'Danni','Duchant','Beesey','1965-10-28','2021-10-17',52053.00,1),(39,'Virgina','Fearne','Thorius','1984-09-25','2019-08-21',67521.00,9),(40,'Hermia','Marchington','MacAdam','1971-07-24','2016-04-18',71453.00,9),(41,'Berny','Naton','Hooks','1975-03-05','2016-07-01',22951.00,5),(42,'Rosabella','Denkin','Gensavage','1967-12-04','2020-11-03',51492.00,5),(43,'Eamon','Malkin','Robertet','1981-08-31','2018-06-25',67185.00,2),(44,'Linnea','Bellows','Beevens','1963-06-26','2023-02-01',61378.00,7),(45,'Donielle','Beany','Beaney','1988-05-30','2020-07-13',69060.00,2),(46,'Eugine','McCaskill','Cocci','1966-11-26','2013-10-27',47103.00,10),(47,'Crin','Pfeifer','Glaister','1970-09-07','2011-06-06',38535.00,4),(48,'Constantia','Shipston','Satterfitt','1973-08-12','2021-06-28',46035.00,8),(49,'Laural','McGilvary','Scarrisbrick','1989-08-11','2021-05-27',30149.00,2),(50,'Carlye','Rimer','Wharram','1989-06-28','2017-08-02',23464.00,5),(51,'Angelique','Wolfarth','Pietz','1981-10-21','2022-05-22',52727.00,3),(52,'Starlene','Redan','Fasham','1980-04-28','2022-10-15',36883.00,8),(53,'Efrem','Macenzy','Domange','1972-03-25','2019-06-29',33103.00,11),(54,'Arabela','Vagges','Meekin','1983-04-17','2012-05-24',27108.00,10),(55,'Noelani','Larret','Kumar','1976-06-28','2012-03-02',52193.00,7),(56,'Ferris','Le Ball','Titterington','1974-09-16','2014-01-03',29399.00,7),(57,'Starr','Merrgan','Bridge','1984-10-16','2019-08-22',40376.00,6),(58,'Milo','Golthorpp','Glasard','1989-01-23','2012-03-08',40228.00,5),(59,'Ruperto','Spalls','Cullagh','1978-05-18','2018-08-29',61002.00,2),(60,'Emmalynne','Rigolle','Tuckley','1983-01-30','2023-09-26',33633.00,2),(61,'Horace','Raison','Hrinchishin','1971-03-10','2014-11-12',55400.00,7),(62,'Jojo','Cowton','Favela','1988-05-09','2018-09-29',43594.00,7),(63,'Babbette','Fandrich','Paule','1987-01-29','2019-10-25',35315.00,2),(64,'Dulce','McMichell','Laydel','1963-05-08','2018-11-11',53570.00,1),(65,'Perry','Refford','Foxley','1984-01-24','2023-08-21',32585.00,2),(66,'Kelcy','MacGorman','Mougel','1965-02-12','2019-07-01',25502.00,3),(67,'Remus','Planks','Blackbourn','1971-09-08','2013-05-16',45677.00,10),(68,'Queenie','Losseljong','Rosensaft','1970-01-21','2019-03-05',52111.00,2),(69,'Grayce','Giorgeschi','Taggert','1974-04-22','2018-03-21',54367.00,3),(70,'Jason','Oxford','Ladds','1965-06-05','2020-11-25',48921.00,4),(71,'Karalee','Twyning','Sille','1963-01-26','2016-11-28',27362.00,8),(72,'Sheeree','Spollen','Aldersley','1988-07-26','2012-09-04',60100.00,9),(73,'Anitra','Robilliard','Stoffer','1986-04-26','2020-06-04',32841.00,8),(74,'Joelie','Forstall','Di Nisco','1973-10-08','2021-05-14',42461.00,9),(75,'Patrizio','Olliffe','Stenett','1973-07-22','2022-02-21',25994.00,9),(76,'Florencia','Goodge','Decker','1969-10-14','2017-06-01',73202.00,7),(77,'Marysa','Rodolf','Genge','1978-04-03','2014-03-31',25803.00,9),(78,'Wat','Jarrad','Mursell','1989-05-04','2020-05-12',74968.00,4),(79,'Gaylene','Youel','Verdey','1977-11-06','2012-01-20',33624.00,7),(80,'Link','Ianizzi','Wadlow','1982-07-25','2015-11-06',52759.00,1),(81,'Alexandra','Kerkham','Symper','1982-06-24','2010-02-25',68452.00,11),(82,'Alphonso','Jenson','Fitzroy','1965-07-17','2020-11-05',58807.00,7),(83,'Georgianna','Wix','Bottinelli','1973-06-24','2016-05-04',68971.00,5),(84,'Thornton','Thornthwaite','Storm','1962-07-31','2022-07-26',68723.00,1),(85,'Gratiana','Blamey','Madill','1975-08-25','2020-11-20',34626.00,2),(86,'Syman','Caldero','Mokes','1987-01-11','2024-01-14',21948.00,2),(87,'Kessia','Erridge','Ungerecht','1975-02-22','2019-01-25',51203.00,11),(88,'Tobie','Johantges','Skip','1973-03-18','2022-11-21',47638.00,5),(89,'Chickie','Fortman','Blethyn','1989-05-26','2023-05-19',48706.00,3),(90,'Jasper','O\'Connolly','Smallman','1972-11-29','2011-03-21',67263.00,4),(91,'Pamelina','Filippi','Carous','1980-01-03','2018-02-11',68991.00,2),(92,'Emera','Sealey','Maccrie','1972-04-25','2023-03-09',37264.00,10),(93,'Gaile','Kira','Southern','1972-04-03','2012-02-05',47371.00,10),(94,'Jamison','Minihane','Jouannin','1962-07-11','2019-07-03',65400.00,10),(95,'Vivyanne','Hulbert','Valasek','1970-04-29','2015-01-10',47287.00,1),(96,'Kaylyn','Stilldale','Blenkinsopp','1974-08-13','2019-03-07',61221.00,7),(97,'Lissy','Merrett','Rainsden','1986-01-24','2010-02-24',55248.00,3),(98,'Pip','Haycroft','Wiggam','1981-04-04','2023-04-26',55468.00,6),(99,'Lou','Wildman','Monteath','1965-11-01','2016-09-11',42269.00,8),(100,'Renell','Brewin','Pool','1980-05-25','2011-06-24',25926.00,6),(101,'Aymer','Budnk','Leworthy','1981-09-30','2016-05-03',67700.00,9),(102,'Otto','Sonnenschein','Vasser','1972-03-13','2014-03-13',38745.00,2),(103,'Alidia','Woolen','Sexti','1982-03-25','2011-03-06',69207.00,5),(104,'Maribel','Lake','Andrich','1986-05-27','2020-11-25',54222.00,6),(105,'Louis','Kitteman','Fullagar','1985-01-28','2019-09-21',42215.00,11),(106,'Lyndsay','Withams','Loveguard','1983-06-21','2023-09-29',53952.00,3),(107,'Lorain','Pegrum','Danev','1966-12-07','2019-04-03',21404.00,4),(108,'Angelica','Kemish','Howford','1966-11-25','2016-01-16',43645.00,10),(109,'Cathlene','McCleverty','Maycock','1974-10-06','2013-12-26',24130.00,1),(110,'Gene','Onions','Ashe','1981-05-14','2015-09-02',46731.00,7),(111,'Erda','Mumm','Bartolomeazzi','1982-10-15','2017-05-29',52600.00,2),(112,'Ky','Hawse','Borg','1973-03-11','2018-04-19',45849.00,3),(113,'Harmon','Dies','Kelway','1978-01-19','2021-01-20',34078.00,3),(114,'Sheree','Hicklingbottom','McClymont','1974-11-19','2014-04-01',37087.00,9),(115,'Donnie','Agass','Hengoed','1985-04-22','2012-09-12',25687.00,10),(116,'Kienan','Beake','Scorthorne','1978-01-14','2011-03-04',23079.00,7),(117,'Shea','McLorinan','Hodgets','1986-01-31','2020-05-01',54071.00,11),(118,'Devonne','Message','Kuhndel','1977-06-07','2023-02-06',47509.00,1),(119,'Gerrilee','McLaren','Bettington','1976-01-06','2010-01-18',45992.00,8),(120,'Lance','Abbado','Withrop','1986-07-14','2021-05-06',41311.00,4),(121,'Lorinda','Fleote','Card','1977-03-26','2011-10-26',44765.00,1),(122,'Phaidra','Matthisson','Lazenbury','1988-12-06','2018-11-05',43188.00,9),(123,'Julie','Verrall','Schulkins','1971-11-05','2012-10-09',62964.00,5),(124,'Ingaborg','Gatheridge','Varndell','1989-10-20','2015-09-02',37767.00,1),(125,'Cad','Tolumello','Thomelin','1977-09-21','2021-01-21',21349.00,4),(126,'Xena','Purselowe','Hubbucks','1978-09-05','2010-01-18',55790.00,4),(127,'Nickey','Abys','Tithecott','1976-07-14','2021-08-08',59032.00,3),(128,'Erminie','Bossingham','Issacov','1969-04-06','2019-09-01',43914.00,10),(129,'Crysta','Eglinton','Webb','1984-10-23','2022-10-15',73179.00,9),(130,'Neville','Lumsdaine','Kirrens','1964-01-09','2011-08-11',25064.00,7),(131,'Toinette','Jameson','Batrick','1966-10-05','2014-02-24',70716.00,3),(132,'Annadiana','Messiter','Lemery','1971-06-29','2012-02-11',59923.00,9),(133,'Tadeo','Lukasik','Escale','1980-09-15','2013-06-10',39880.00,7),(134,'Hy','Branchett','Hayth','1988-12-17','2017-10-21',32508.00,2),(135,'Shani','Bayston','Emblin','1978-10-05','2011-11-02',66917.00,9),(136,'Bertram','Oxtarby','Hutten','1964-03-13','2018-11-07',36663.00,5),(137,'Richardo','Brauninger','Gull','1970-01-06','2010-12-24',73184.00,9),(138,'Fin','Lumsdaine','Blaxter','1963-09-12','2018-05-15',28387.00,10),(139,'Rivkah','Antoney','Culleford','1975-11-15','2019-08-13',47541.00,10),(140,'Kaleb','Umbert','Whate','1981-06-01','2018-04-10',22022.00,4),(141,'Donna','Guerola','Josephs','1977-08-27','2014-01-18',29181.00,2),(142,'Correy','Iskowitz','Eyles','1965-04-05','2013-06-16',59823.00,10),(143,'Marian','Volante','Sommerscales','1977-09-03','2016-05-07',37356.00,10),(144,'Jocelin','Bignall','Laval','1987-05-23','2012-06-21',70412.00,7),(145,'Leonhard','Climer','Grimm','1985-08-11','2020-11-15',68700.00,1),(146,'Joelie','Alen','Veelers','1976-02-17','2020-11-20',24896.00,4),(147,'Olenka','Mc Comb','Prichet','1965-07-05','2018-12-19',51883.00,11),(148,'Darice','Crafts','Phorsby','1975-05-28','2011-02-16',64509.00,8),(149,'Shanta','Barczewski','Hearson','1981-08-19','2022-01-07',40225.00,10),(150,'De witt','Grimsdell','Trouncer','1988-10-30','2018-09-13',40875.00,5),(151,'Bar','Randall','Sherwin','1968-12-12','2013-11-01',37004.00,1),(152,'Del','Begent','California','1971-04-25','2010-05-09',65680.00,11),(153,'Roxine','Dubber','Loncaster','1970-01-18','2011-11-29',69289.00,10),(154,'Mort','Caulwell','Hallt','1972-10-21','2020-07-28',51734.00,4),(155,'Kip','Mitchinson','Pinkney','1975-05-09','2014-06-05',39478.00,1),(156,'Gerta','Sang','Liddiard','1977-09-29','2021-09-06',57660.00,7),(157,'Merilee','Penwright','Reed','1976-01-16','2015-07-12',54779.00,8),(158,'Rikki','McSperrin','Thorley','1981-02-10','2023-11-22',52858.00,7),(159,'Caitlin','Barbara','Ricci','1965-09-22','2016-11-08',21305.00,2),(160,'Amery','Reppaport','Leggatt','1976-10-27','2022-06-01',43022.00,5),(161,'Basia','Exell','Doby','1986-06-24','2018-12-26',33132.00,10),(162,'Penny','Rowney','Vahey','1967-11-14','2015-01-26',72439.00,10),(163,'Lanny','McFee','Eldritt','1975-03-11','2010-07-26',56475.00,7),(164,'Silvain','Hovert','Abden','1989-05-19','2015-03-26',70527.00,7),(165,'Marian','Yakolev','Mildmott','1968-03-20','2020-12-31',40807.00,3),(166,'Gwennie','Akitt','Cornelius','1975-10-29','2021-02-26',26680.00,5),(167,'Vernor','Gittins','Jaram','1972-08-26','2012-08-30',36998.00,4),(168,'Jeane','Bolsover','Hathway','1986-11-18','2022-09-18',36428.00,6),(169,'Carolynn','Chilcotte','Carbonell','1987-02-14','2022-09-13',49432.00,10),(170,'Currey','Ziemsen','Dunwoody','1971-11-14','2012-07-24',42237.00,9),(171,'Courtenay','McQuarter','Liepina','1986-09-18','2020-03-28',39090.00,9),(172,'Abigael','Grigorian','Sher','1981-08-22','2022-09-05',43774.00,11),(173,'Kimbra','Lambricht','Harrisson','1981-05-22','2010-07-15',54140.00,5),(174,'Elisabetta','Favill','Antliff','1975-06-10','2011-08-08',49843.00,6),(175,'Kikelia','Kliment','Eates','1968-02-16','2020-05-29',29707.00,6),(176,'Vladamir','O\'Fihily','Kupke','1980-12-14','2012-03-29',44411.00,3),(177,'Justin','O\'Sheeryne','Hinks','1965-09-17','2017-06-16',63362.00,8),(178,'Dalston','Giorgielli','Pennigar','1975-11-13','2022-01-17',71370.00,10),(179,'Todd','Benck','Fitzroy','1964-05-31','2010-01-05',48126.00,4),(180,'Bernardina','Killoran','Doyland','1984-03-04','2016-06-24',62463.00,2),(181,'Alice','Rogers','Deering','1983-02-17','2016-04-29',55556.00,1),(182,'Lethia','Derkes','Boydon','1971-10-20','2021-05-19',59264.00,10),(183,'Mart','Willmett','Smorthwaite','1978-10-23','2018-12-18',72549.00,5),(184,'Shelby','Keat','Oddey','1979-12-06','2010-09-27',46430.00,1),(185,'Maximo','Ennor','Gervaise','1965-02-15','2010-09-22',38401.00,6),(186,'Tye','Duinkerk','Sabathier','1963-06-16','2014-10-05',49080.00,11),(187,'Tommi','D\'Onisi','Gommes','1982-05-19','2012-12-18',32727.00,1),(188,'Eldredge','Spancock','Du Hamel','1984-08-07','2016-04-18',70771.00,11),(189,'Sibeal','Fursse','Habbin','1983-09-03','2015-10-20',57144.00,3),(190,'Truman','Comins','Paddefield','1986-10-02','2011-04-21',34469.00,3),(191,'Allina','Larkcum','Kirman','1965-02-15','2022-04-20',69159.00,10),(192,'Hort','Denny','Tritten','1963-08-03','2010-09-05',43729.00,1),(193,'Jedediah','Rippingall','Horley','1966-01-31','2011-08-20',55917.00,10),(194,'Jade','Bradforth','Barnfield','1980-08-19','2010-08-10',23575.00,9),(195,'Katya','Gooderidge','Sacher','1989-04-30','2011-02-09',33526.00,3),(196,'Adham','Whittock','Pessold','1982-10-15','2010-01-19',38786.00,7),(197,'Alys','Mew','Dael','1965-10-07','2014-10-29',54313.00,8),(198,'Billie','Fuggle','Hannabuss','1972-05-14','2015-03-09',33491.00,10),(199,'Kris','Treuge','Tatersale','1986-11-14','2014-08-14',20150.00,3),(200,'Bell','O\'Duggan','Maudlin','1970-01-28','2010-08-03',47886.00,3),(201,'Waylan','Nottingham','Battlestone','1979-03-23','2011-06-13',51333.00,1),(202,'Ailis','Arstall','Blacktin','1984-09-29','2016-06-16',22351.00,10),(203,'Vittoria','Kristof','Eaglestone','1987-06-10','2019-10-06',54985.00,4),(204,'Raymund','Pedlingham','Turle','1982-11-04','2020-09-29',55506.00,3),(205,'Elset','Kira','Siburn','1963-09-04','2021-11-16',64764.00,11),(206,'Robenia','Afield','Blagbrough','1985-07-10','2017-11-29',64620.00,8),(207,'Abramo','D\'Almeida','Eustace','1984-06-03','2018-12-29',73964.00,9),(208,'Cassaundra','Salvidge','Kingscott','1985-03-16','2016-11-14',32605.00,8),(209,'Morten','d\'Arcy','Perrigo','1967-01-02','2020-11-08',23497.00,9),(210,'Omero','Palethorpe','Kraut','1970-05-18','2015-10-13',30890.00,5),(211,'Batsheva','Bridgeland','Dakin','1969-12-14','2019-12-16',53623.00,8),(212,'Tanny','Lathwood','Moylan','1964-03-17','2022-02-09',71848.00,9),(213,'Helen-elizabeth','Mayger','Rivers','1981-07-27','2014-09-22',41579.00,3),(214,'Town','Dragge','Corey','1986-12-18','2017-12-25',34080.00,9),(215,'Wang','Creane','Greenhill','1965-04-14','2010-09-05',39311.00,7),(216,'Gelya','Durn','Brion','1964-02-21','2010-03-19',28453.00,2),(217,'Carma','Cockshutt','Haughian','1962-02-08','2011-08-12',63791.00,10),(218,'Marisa','Dinnage','Bartley','1973-01-01','2023-09-28',60975.00,5),(219,'Flossi','Franklin','Gadney','1970-07-28','2020-05-08',68639.00,1),(220,'Ilse','Bennell','Wildey','1975-03-22','2019-08-21',72457.00,8),(221,'Rodie','Chesworth','Coxhead','1972-10-19','2017-11-24',69051.00,9),(222,'Davida','Tort','Bourtoumieux','1965-04-24','2017-05-31',55332.00,6),(223,'Dicky','Reville','Weyman','1987-06-30','2020-03-29',43660.00,11),(224,'Richmond','Najafian','Tovey','1977-03-01','2011-06-23',23697.00,11),(225,'Selie','Isaksson','Onthank','1971-05-07','2022-07-19',56031.00,11),(226,'Lacey','Boik','Mulcahy','1977-02-25','2022-10-26',44786.00,9),(227,'Reeta','Gradon','Sedcole','1964-08-24','2011-06-16',72079.00,6),(228,'Elroy','Rizzardi','Bonass','1972-07-29','2023-07-19',69361.00,3),(229,'Erl','Bateson','De Stoop','1974-02-25','2021-01-17',35578.00,5),(230,'Camellia','Dulson','Tripp','1967-06-10','2013-02-13',44137.00,10),(231,'Jana','Chapelle','Emanuele','1983-05-19','2020-04-06',58405.00,2),(232,'Pennie','Lelliott','Marzelle','1966-06-15','2011-12-31',73460.00,5),(233,'Sissie','Tezure','Peer','1963-02-02','2016-01-12',44781.00,10),(234,'Earle','Merit','Sommerly','1972-04-30','2016-02-02',63138.00,5),(235,'Lynea','Polle','Muehle','1984-04-17','2010-03-12',32127.00,9),(236,'Jeanie','Hansed','Ratie','1983-11-25','2015-02-24',60046.00,6),(237,'Northrup','Humberston','Savidge','1986-02-18','2022-03-20',73058.00,7),(238,'Gillian','Barsam','Hickeringill','1975-05-05','2014-12-22',62455.00,6),(239,'Hailey','Nixon','Nealey','1965-02-11','2016-12-25',51292.00,9),(240,'Karmen','Abelov','Southouse','1984-07-15','2022-11-28',65441.00,2),(241,'Marlon','Pfaff','Aspinell','1963-11-28','2018-11-22',58191.00,2),(242,'Rori','Yukhnevich','Morrowe','1971-11-12','2019-10-17',40919.00,7),(243,'Mandel','Ribou','Sisson','1969-04-20','2020-05-27',25094.00,7),(244,'Vernon','Helleckas','Areles','1962-07-07','2011-09-17',68312.00,3),(245,'Corina','Paddock','Favela','1989-08-16','2018-11-20',33704.00,3),(246,'Lucho','Frawley','Beech','1974-08-07','2015-01-17',64175.00,1),(247,'Lemar','Kohring','Jest','1987-11-19','2010-09-06',61056.00,6),(248,'Leo','Pringuer','Wombwell','1981-08-05','2020-02-01',56381.00,10),(249,'Sheela','Garlinge','Jansens','1989-07-22','2021-11-26',33807.00,1),(250,'Ax','Marusik','Deex','1979-01-10','2011-08-03',31562.00,4),(251,'Tillie','Dewerson','Maslin','1972-05-18','2012-12-03',27024.00,11),(252,'Nanci','Baumadier','Quade','1982-11-24','2014-04-15',58744.00,10),(253,'Lorettalorna','Clayden','Hanington','1976-01-02','2014-05-03',54474.00,7),(254,'Nikolos','Middleton','Elion','1981-11-04','2013-03-03',41830.00,6),(255,'Ciel','Dodswell','Blunderfield','1966-02-07','2019-03-14',20065.00,11),(256,'Maire','Crombie','Roscamp','1972-08-04','2021-07-24',42857.00,10),(257,'Bil','Sandars','Lambird','1986-09-02','2022-10-18',63009.00,2),(258,'Lewiss','Odney','Binns','1988-09-19','2017-01-02',57940.00,6),(259,'Yves','Feaveryear','Foskew','1987-04-07','2020-09-30',35295.00,7),(260,'Kaia','Linthead','Tassaker','1974-02-02','2023-10-11',74699.00,6),(261,'Christina','O\'Lennane','Sinderson','1968-09-08','2021-03-14',28844.00,10),(262,'Ruthie','Stathor','Farrall','1984-06-28','2019-08-31',27479.00,5),(263,'Tony','McShea','Calbrathe','1978-06-12','2011-12-27',40381.00,11),(264,'Andrea','Zettoi','Cattini','1964-02-24','2015-08-27',69802.00,3),(265,'Emmi','Sanchiz','Fairrie','1972-01-12','2018-11-18',41825.00,11),(266,'Tiebout','Ellissen','Longbottom','1971-11-08','2019-03-09',56333.00,11),(267,'Nonnah','Mimmack','Pozzi','1973-07-08','2011-11-11',30669.00,11),(268,'Annecorinne','Gourlie','McGonagle','1965-09-28','2016-09-07',24839.00,10),(269,'Doloritas','Renac','Maynard','1962-04-26','2020-10-16',52674.00,8),(270,'Dud','Mushart','Moryson','1975-10-25','2012-11-28',70465.00,9),(271,'Joletta','Conway','Sandercroft','1976-05-11','2010-06-29',48428.00,1),(272,'Elvin','Brogiotti','Ashness','1973-08-16','2016-05-28',46103.00,2),(273,'Aland','Anderson','Tanby','1979-10-04','2018-10-26',43979.00,6),(274,'Noak','Sinderland','Fairpo','1978-09-24','2022-08-04',26004.00,6),(275,'Leah','Karoly','Lafferty','1988-09-18','2014-02-07',63462.00,11),(276,'Meredith','Caghan','Abbatini','1987-08-11','2021-05-27',45847.00,6),(277,'Gradeigh','Arendsen','Lemery','1980-01-18','2011-09-13',56178.00,3),(278,'Waly','Lown','Plane','1984-04-28','2011-03-23',67514.00,2),(279,'Ivonne','Dominelli','Rooksby','1982-11-03','2019-12-18',27092.00,7),(280,'Normand','Huxstep','Patient','1979-04-07','2021-07-09',64135.00,10),(281,'Josepha','Frostdicke','Garcia','1966-11-13','2023-02-01',62411.00,8),(282,'Boris','Thurborn','Brittian','1962-07-09','2020-03-02',27000.00,7),(283,'Stacy','Caird','Lahiff','1989-06-16','2020-05-17',26500.00,8),(284,'Leshia','Rebert','Jacobsen','1987-11-10','2021-11-18',53070.00,5),(285,'Zelda','Micheu','Aarons','1964-04-04','2021-03-29',64911.00,6),(286,'Donalt','Craythorne','Kerin','1975-06-09','2017-03-11',62884.00,7),(287,'Renelle','Suddell','Gally','1988-02-29','2016-08-10',59893.00,6),(288,'Lorettalorna','Behrendsen','Thwaites','1964-03-24','2010-02-21',37321.00,6),(289,'Boote','Cawthra','Coles','1987-07-27','2016-11-04',34202.00,8),(290,'Laina','Kennaird','Kinsella','1985-04-26','2019-01-01',32161.00,2),(291,'Alano','Geindre','Fayerman','1985-07-26','2016-12-06',47508.00,2),(292,'Allister','Skelington','Barnby','1981-05-26','2020-12-21',53737.00,7),(293,'Dene','Pimlott','Bothwell','1971-12-29','2023-05-05',37311.00,8),(294,'Dix','McAuslene','Carville','1977-08-24','2019-10-09',33806.00,7),(295,'Tally','Andriveaux','Theurer','1987-10-25','2011-04-02',71281.00,8),(296,'Eadith','Pawlaczyk','Buey','1983-07-04','2018-12-06',28711.00,3),(297,'Andrew','Balaison','Tipton','1967-09-17','2014-03-05',42852.00,8),(298,'Elga','Burnall','Deguara','1980-02-27','2010-12-24',53206.00,7),(299,'Charlean','Mose','Melin','1971-04-12','2015-06-11',70104.00,7),(300,'Ruperto','Tregenza','Grishinov','1970-11-08','2019-01-16',39310.00,5),(301,'Prent','Balke','Barneville','1977-03-02','2010-04-09',59182.00,4),(302,'Donica','Shill','Lisamore','1966-05-01','2013-03-12',32006.00,5),(303,'Dick','Ducaen','Petschel','1983-03-25','2015-01-21',28668.00,1),(304,'Clayborn','Assiratti','Cockrill','1981-02-17','2021-05-17',61961.00,4),(305,'Edvard','Heardman','O\'Kuddyhy','1984-08-03','2013-07-14',27064.00,8),(306,'Allyn','Le Frank','Teck','1964-03-27','2010-08-08',73107.00,4),(307,'Glenda','Camili','Brende','1974-01-03','2023-04-08',54354.00,3),(308,'Benjamen','Mettricke','Musto','1977-11-17','2021-02-14',41494.00,3),(309,'Patricio','Candy','Billings','1982-03-04','2016-01-30',54529.00,1),(310,'Alane','Bradman','Kiehl','1986-10-14','2016-05-23',41660.00,3),(311,'Rafael','Cunio','Mancktelow','1977-07-04','2011-04-15',61899.00,3),(312,'Salome','Robshaw','Suttaby','1969-09-13','2010-02-26',46831.00,3),(313,'Tadeo','Ead','Duesberry','1984-03-17','2015-12-01',65379.00,8),(314,'Ruddy','Garron','Yurchishin','1987-11-25','2023-01-17',29852.00,8),(315,'Steven','Perren','Panner','1988-07-09','2014-09-01',48479.00,10),(316,'Dell','Major','Castelow','1966-04-13','2017-11-02',63177.00,11),(317,'Patsy','Volke','Scrauniage','1984-05-20','2017-03-05',71090.00,5),(318,'Laverna','Ibell','Cleever','1971-02-20','2015-07-26',37247.00,4),(319,'Basile','Petrushanko','Giddens','1974-09-23','2010-10-15',27768.00,6),(320,'Marven','Tessington','Jell','1987-11-14','2010-10-03',59110.00,3),(321,'Dewitt','MacGiolla Pheadair','Cappel','1974-01-29','2012-07-05',39604.00,8),(322,'Sumner','Cheshire','McEniry','1979-03-31','2015-12-14',23947.00,6),(323,'Anastassia','Reolfi','Walklott','1979-03-06','2017-03-09',27184.00,5),(324,'Pearle','Denyukin','Marchant','1982-05-26','2016-01-27',28961.00,3),(325,'Franni','Farquar','Lampett','1976-04-16','2016-09-25',35957.00,11),(326,'Christophorus','Hilling','Colvin','1985-01-22','2011-09-15',31781.00,5),(327,'Waneta','Wetherell','Anstie','1987-01-13','2011-01-03',57034.00,11),(328,'Clemmy','Raphael','Donaher','1963-10-31','2011-09-16',69453.00,5),(329,'Ignatius','Snookes','Sandell','1988-01-16','2023-09-20',59270.00,5),(330,'Elden','Wenn','Corson','1978-01-30','2012-03-24',71281.00,4),(331,'Boniface','Wanderschek','Corking','1981-12-29','2019-08-24',34861.00,5),(332,'Neel','Creffeild','Pencott','1983-02-12','2010-03-18',49334.00,6),(333,'Leia','McGlaud','Corsham','1985-07-10','2017-02-01',31733.00,4),(334,'Ailene','Barniss','McFadden','1962-05-20','2016-08-19',32821.00,3),(335,'Bunni','Birrel','Chatters','1962-05-11','2022-06-11',27048.00,6),(336,'Shanie','Gair','Flintoff','1975-12-06','2023-09-25',63830.00,8),(337,'Cristionna','Muston','Steere','1970-08-08','2013-06-13',69762.00,1),(338,'Kelvin','Havers','Vondrasek','1983-11-14','2015-06-05',36888.00,8),(339,'Clevey','Gullick','Lovatt','1970-01-23','2022-07-15',73123.00,5),(340,'Camey','Leipnik','Chansonne','1980-12-05','2017-09-13',56217.00,5),(341,'Amil','Kahler','Bugdale','1975-02-22','2011-12-08',35571.00,7),(342,'Claire','Abele','Thebe','1975-05-06','2021-04-02',22617.00,4),(343,'Oby','Markushkin','Splevins','1984-12-26','2015-03-10',40189.00,1),(344,'Lucio','Cottrill','Coldicott','1969-03-11','2022-05-01',65862.00,3),(345,'Hamish','de la Valette Parisot','Chatelain','1973-05-03','2010-08-16',35181.00,3),(346,'Georg','Dolby','Coupe','1972-02-08','2010-09-25',24970.00,6),(347,'Lesley','Izen','Roantree','1984-12-15','2010-02-15',21389.00,11),(348,'Sigismond','Elmhirst','Plumb','1971-05-24','2023-06-15',46279.00,7),(349,'Land','Gait','Grindley','1985-06-25','2017-09-23',49222.00,9),(350,'Cloe','Mariaud','Strotone','1962-06-03','2023-11-30',33631.00,5),(351,'Rosie','Keemer','Curtain','1972-03-03','2021-05-29',42575.00,7),(352,'Eachelle','Grinyer','Patroni','1981-10-30','2013-03-30',32213.00,6),(353,'Maximilian','Esche','Albrighton','1966-06-24','2017-10-31',50146.00,1),(354,'Michell','Hackleton','Adamolli','1969-11-05','2013-11-03',52553.00,10),(355,'Merry','Bediss','Healings','1977-12-19','2023-12-07',40404.00,2),(356,'Edgard','Manach','Ferraretto','1963-07-29','2011-03-07',44601.00,6),(357,'Joeann','Beaulieu','De la Barre','1983-10-11','2013-01-17',31742.00,6),(358,'Ronni','Mathewes','Obispo','1980-07-18','2010-06-13',30673.00,9),(359,'Jenelle','Tanman','Huckin','1977-12-06','2013-10-20',70953.00,9),(360,'Nadeen','Klainer','Broadberrie','1978-10-22','2020-03-24',63349.00,8),(361,'Clarinda','Jacquemard','Preskett','1982-06-14','2014-03-12',33780.00,2),(362,'Shaun','Tomkin','Salerg','1967-12-11','2011-02-18',67158.00,10),(363,'Carmelina','McCosker','Brooksbank','1968-12-26','2017-11-16',53635.00,11),(364,'Rosaleen','Lambrechts','Headey','1966-06-02','2020-05-01',31697.00,1),(365,'Tate','Conochie','Shapero','1982-02-19','2012-07-03',73144.00,7),(366,'Elaine','Tollmache','Ormrod','1963-11-24','2010-12-10',27617.00,5),(367,'Fredra','Porrett','Huburn','1976-12-01','2012-03-21',35662.00,6),(368,'Susan','Garrud','Duce','1979-12-08','2016-05-24',40933.00,3),(369,'Alene','Oertzen','Poleykett','1965-01-18','2011-07-30',49191.00,7),(370,'Reeba','Binny','Houltham','1965-09-25','2017-08-30',71843.00,4),(371,'Eloisa','Kasting','De Laci','1976-09-15','2013-02-21',74414.00,1),(372,'Giffer','Shearer','Toyne','1962-07-15','2021-07-08',28822.00,1),(373,'Deane','Whitemarsh','Splain','1979-11-09','2010-10-18',59003.00,11),(374,'Allissa','Filipychev','Merryman','1987-06-30','2022-06-14',54886.00,4),(375,'Ari','Ogus','Bramwich','1964-01-22','2023-03-28',51661.00,2),(376,'Aldridge','Vanes','Cholonin','1973-01-01','2021-11-07',29942.00,4),(377,'Dorolisa','Kilvington','Ballintime','1983-06-01','2012-05-25',70285.00,2),(378,'Zed','Ramshaw','Gotcher','1985-02-16','2013-04-21',60810.00,9),(379,'Arluene','Caukill','Rousel','1980-02-27','2019-08-01',51119.00,8),(380,'Frannie','Rappoport','Truswell','1977-10-25','2015-01-12',27407.00,10),(381,'Tommie','Brodway','Nulty','1965-11-06','2017-08-25',73884.00,8),(382,'Zenia','Philpin','Brownill','1986-04-26','2017-09-07',34169.00,11),(383,'Cullin','Kleynen','Ellse','1970-12-17','2019-10-24',63651.00,8),(384,'Robbert','LAbbet','Stoade','1988-12-27','2011-06-27',42103.00,3),(385,'Blondell','Glen','Quirke','1970-10-31','2016-01-09',41944.00,10),(386,'Margaretha','Reddle','Keig','1964-08-28','2016-01-01',73059.00,11),(387,'Harv','Pearde','Broscombe','1983-05-21','2017-11-26',65015.00,1),(388,'Idelle','Ragsdale','Detoile','1965-12-13','2022-08-23',68816.00,3),(389,'Alwin','Fassbender','Andrys','1966-09-09','2022-03-27',30461.00,4),(390,'Cecil','Henrionot','Chadwell','1984-11-02','2021-04-22',43601.00,7),(391,'Edy','Whymark','Wallentin','1979-10-19','2020-03-31',61954.00,8),(392,'Delainey','Tarry','Abbett','1978-02-23','2019-06-10',39941.00,2),(393,'Denyse','Melbourn','Cromie','1964-05-02','2015-09-08',29543.00,3),(394,'Isiahi','Macconachy','Dairton','1971-09-28','2011-04-26',70701.00,11),(395,'Cindi','Goldsby','Cluney','1979-01-22','2015-01-16',59375.00,10),(396,'Worden','Moir','Bennell','1970-03-08','2015-07-20',59780.00,11),(397,'Monique','Terzi','Polhill','1973-12-09','2022-11-11',59545.00,11),(398,'April','Beszant','Tresvina','1985-01-02','2018-01-09',40963.00,9),(399,'Philipa','Kinsella','Woolger','1964-09-03','2014-04-24',61066.00,6),(400,'Sissy','Weitzel','Augustine','1980-11-13','2010-01-17',26295.00,6),(401,'Caresa','Swatheridge','Spedroni','1974-01-30','2011-03-31',54535.00,2),(402,'Berkley','Goering','McGeffen','1973-03-15','2020-11-29',66602.00,10),(403,'Morry','Chapple','Chapellow','1968-05-22','2018-10-31',58989.00,6),(404,'Alfreda','Iorio','Hutcheons','1979-05-14','2011-06-23',32749.00,11),(405,'Daisi','Sneller','Tregidga','1967-02-25','2015-06-09',39782.00,8),(406,'Andromache','Lere','Yvens','1981-01-19','2017-12-11',36907.00,4),(407,'Christian','Berth','Liddon','1984-07-18','2012-06-22',27490.00,5),(408,'Denni','Beeston','Durrant','1985-11-11','2011-12-30',62704.00,6),(409,'Angil','Bratt','Dreamer','1967-11-02','2020-09-20',62636.00,10),(410,'Graig','Jevons','Humble','1984-07-15','2016-08-01',74722.00,11),(411,'Bryan','Pimblett','Bawden','1962-09-17','2021-12-11',42101.00,5),(412,'Fee','Wellman','Kunkler','1985-09-13','2010-07-02',70502.00,9),(413,'Sybille','Rubinsohn','Durtnal','1965-04-25','2018-09-19',35890.00,10),(414,'Sascha','Alexandersen','Van Driel','1965-12-12','2022-04-06',36461.00,1),(415,'Dayna','Tomisch','Studdert','1982-09-02','2012-07-03',32995.00,3),(416,'Elias','Bramer','Ratchford','1975-12-25','2022-01-13',22097.00,7),(417,'Raquel','McDonnell','Elles','1986-04-12','2011-01-05',27014.00,6),(418,'Kylen','Yokel','Climo','1978-04-04','2023-03-09',26602.00,2),(419,'Corrina','Huttley','Sivill','1973-03-21','2012-08-01',51606.00,6),(420,'Ericka','Spillane','Seakes','1967-09-17','2014-12-08',50814.00,11),(421,'Willis','Dufore','Curwood','1983-03-10','2023-09-28',51614.00,3),(422,'Dmitri','Rodman','Skures','1977-01-03','2015-06-09',58059.00,2),(423,'Herc','Scoffins','Paradyce','1976-11-23','2017-07-17',20175.00,2),(424,'Westley','Dedenham','Maldin','1967-10-09','2015-04-21',61718.00,1),(425,'Tabbie','Johansen','Fosken','1982-12-27','2021-02-15',70429.00,8),(426,'Clarie','Draper','Vasilchenko','1982-07-11','2012-07-03',36287.00,8),(427,'Teresita','Merrilees','Tweddle','1974-06-11','2013-04-16',45616.00,10),(428,'Yovonnda','Duinkerk','Windrus','1963-11-09','2018-02-05',20054.00,10),(429,'Brandise','Buy','Kennford','1965-08-26','2013-09-30',69088.00,4),(430,'Errol','Edmunds','Henzley','1978-03-15','2012-09-09',29888.00,7),(431,'Tedra','Steinson','Hillhouse','1964-08-14','2023-04-23',49626.00,6),(432,'Naomi','Trighton','Willatts','1967-09-25','2015-10-05',52867.00,3),(433,'Pall','Cotton','Hazel','1969-03-26','2018-11-13',39532.00,3),(434,'Rayshell','Waind','Trappe','1982-04-27','2016-01-08',72024.00,8),(435,'Blisse','Somner','Stowell','1974-09-07','2017-11-15',66840.00,9),(436,'Benedetta','Immer','Titchard','1974-09-22','2017-10-01',57844.00,4),(437,'Bellanca','Ware','Ladds','1989-12-18','2020-10-16',55274.00,10),(438,'Noni','Hounson','Borth','1963-01-19','2016-11-07',36405.00,4),(439,'Dynah','Hinsche','Vinick','1973-02-14','2013-07-09',60653.00,6),(440,'Kassi','Eick','Norgate','1964-05-10','2018-02-22',68781.00,8),(441,'Terri','Castellaccio','Sansome','1974-11-05','2010-06-02',66681.00,1),(442,'Emmott','Castri','Atcock','1971-07-27','2020-01-08',55068.00,9),(443,'Reeta','Blackledge','Petrello','1975-04-12','2018-06-23',20976.00,7),(444,'Rosaline','Jaycocks','Mabbs','1984-02-23','2016-07-12',59717.00,2),(445,'Pinchas','Bickell','Jenken','1979-12-27','2014-11-01',56390.00,9),(446,'Gloria','Klaassens','Labb','1969-09-11','2011-07-02',50819.00,1),(447,'Kain','Vogl','Febry','1975-12-22','2022-01-14',55047.00,7),(448,'Helen','O\'Nion','Gilman','1982-04-19','2011-03-12',45814.00,11),(449,'Korry','Hansman','Wolverson','1965-04-20','2019-04-18',20995.00,5),(450,'Michele','Kohter','Ionesco','1974-04-08','2022-06-03',29409.00,2),(451,'Caralie','O\'Dyvoy','Couser','1981-02-22','2022-04-05',35527.00,4),(452,'Ky','Cleaver','Hartegan','1988-07-24','2010-12-29',61090.00,2),(453,'Pris','Lewty','Hartus','1965-01-27','2012-07-20',54701.00,1),(454,'Elvina','Hutable','Wildblood','1982-12-31','2016-06-13',62504.00,4),(455,'Cosimo','Wychard','Sprigin','1980-06-16','2010-07-13',29740.00,9),(456,'Phillip','Rispen','Baudino','1971-12-19','2013-01-29',58660.00,9),(457,'Rosina','Wilsone','O\'Loghlen','1980-02-14','2022-12-24',71906.00,10),(458,'Tommy','Whitlock','Thody','1980-01-10','2019-06-17',22861.00,1),(459,'Flory','Bispham','Dilleston','1974-04-07','2022-04-10',48843.00,4),(460,'Margaretta','Rush','Thonason','1983-02-01','2022-01-13',72612.00,7),(461,'Joanna','Wotton','Errey','1962-12-17','2011-01-05',68884.00,5),(462,'Eryn','Serman','Jerome','1972-05-18','2015-11-30',65144.00,3),(463,'Phebe','Lummus','Mushrow','1965-06-23','2023-07-08',44023.00,1),(464,'Fedora','Bullock','Goodbar','1971-03-06','2010-01-05',60409.00,7),(465,'Pearce','Foskett','Gorioli','1962-05-29','2014-10-30',35927.00,10),(466,'Pren','Prime','Weippert','1963-06-21','2020-07-15',38580.00,7),(467,'Lek','Wombwell','Richie','1982-08-29','2018-02-22',31842.00,10),(468,'Josiah','Whyler','Awton','1964-01-29','2018-10-01',41537.00,9),(469,'Annadiana','Goodnow','Morefield','1966-07-28','2023-01-28',40625.00,5),(470,'Izabel','Clell','Ghilardini','1962-02-12','2011-05-14',26726.00,7),(471,'Chelsy','Gorman','Hutchinson','1976-12-06','2018-12-11',64698.00,3),(472,'Kenon','Utterson','Eite','1974-08-28','2012-04-08',57097.00,9),(473,'Selinda','McIllroy','McMillan','1971-10-21','2013-05-19',64088.00,4),(474,'Bonnie','Boake','Denver','1969-05-25','2021-08-20',40541.00,1),(475,'Sutherlan','Abel','Schultze','1978-07-09','2016-03-29',63746.00,3),(476,'Ive','Walklett','O\'Devey','1971-06-14','2017-05-21',67658.00,8),(477,'Hoebart','Magwood','McGrayle','1974-10-01','2017-01-29',74833.00,1),(478,'Mab','Havesides','Jarrell','1966-08-16','2021-06-26',72369.00,4),(479,'Sancho','Cocklin','Nutting','1966-12-12','2013-03-12',23694.00,8),(480,'Arabelle','Pochet','Aldhouse','1963-01-23','2017-03-10',68919.00,2),(481,'Olga','Patriche','Battye','1985-02-23','2016-09-08',20633.00,4),(482,'Granthem','Brendeke','Malser','1966-10-12','2014-06-22',59850.00,1),(483,'Shaylyn','Doe','Lewson','1981-12-31','2022-07-10',20168.00,4),(484,'Phoebe','Allridge','Saltsberg','1962-07-12','2012-05-12',29136.00,11),(485,'Binky','Jordi','Grevatt','1983-10-20','2017-10-04',71555.00,4),(486,'Alexina','Shevels','Dennick','1981-01-14','2022-10-03',24084.00,7),(487,'Chadd','Storrock','Timothy','1966-06-12','2018-02-18',40675.00,1),(488,'Adrienne','Dole','Parcall','1987-12-04','2011-06-08',27945.00,6),(489,'Corissa','Persitt','Cuolahan','1989-05-03','2013-05-03',34972.00,10),(490,'Peyton','Hinkley','Bird','1985-12-16','2010-12-20',57857.00,5),(491,'Loni','Innwood','Hacker','1965-04-09','2023-12-29',68210.00,8),(492,'Carver','Kensy','Lambis','1976-03-24','2010-07-16',48928.00,7),(493,'Parker','Levitt','Mayger','1972-02-29','2011-04-19',73170.00,3),(494,'Adrienne','Oxbrow','Chaplyn','1978-11-10','2010-05-15',40444.00,6),(495,'Eb','Ackhurst','Minigo','1986-08-04','2015-11-09',29132.00,3),(496,'Greg','Nelius','Aiton','1977-07-30','2022-03-18',73765.00,1),(497,'Skye','Beal','Grinishin','1984-05-31','2010-04-23',20835.00,5),(498,'Corene','Haston','Henrique','1966-05-05','2013-07-24',29051.00,5),(499,'Griffy','Jouannot','Selland','1979-11-07','2022-05-14',58244.00,8),(500,'Peyton','O\'Hagerty','Buxcy','1978-04-07','2021-06-11',46165.00,7),(501,'Daile','Lowre','Gatward','1978-01-01','2010-01-09',60827.00,7),(502,'Bartlett','Bristow','Nelmes','1977-12-03','2021-12-09',39794.00,6),(503,'Selestina','Wayman','Ollander','1965-09-24','2019-04-22',54403.00,7),(504,'Denna','Griston','Niece','1980-08-14','2019-08-16',72886.00,2),(505,'Consolata','Graver','Farnorth','1974-05-12','2013-01-14',74259.00,4),(506,'Josias','Hamments','Galbraeth','1972-12-28','2021-01-10',53236.00,11),(507,'Anet','Lauthian','Doog','1976-01-01','2018-02-11',46359.00,5),(508,'Kingsly','Griffitts','Matteau','1981-10-10','2021-01-26',25471.00,7),(509,'Ursala','Worgen','Swayland','1963-04-09','2018-08-02',20699.00,3),(510,'Odessa','Lemin','Breen','1977-09-16','2010-09-07',36547.00,9),(511,'Dedie','Franzonello','Skelhorne','1979-09-08','2022-08-24',67536.00,1),(512,'Leora','Sinkin','Edgley','1969-06-19','2013-10-21',31832.00,7),(513,'Kai','Mugg','Pydcock','1965-01-15','2020-05-13',32418.00,4),(514,'Lenee','Combe','Peltz','1967-06-05','2011-05-24',21962.00,3),(515,'Reynold','Fearnall','Titcom','1974-12-17','2012-09-26',70745.00,5),(516,'Garey','Mousley','Lucio','1987-09-30','2012-10-13',53658.00,9),(517,'Andeee','Klulisek','Tuerena','1986-01-15','2016-06-22',33730.00,4),(518,'Margareta','Warnes','Devanney','1989-09-10','2020-01-07',68225.00,9),(519,'Ariela','Quigley','Muxworthy','1983-10-22','2023-08-22',40046.00,1),(520,'Willy','Tulloch','Pagett','1973-08-02','2017-02-14',31494.00,2),(521,'Melinda','Gatland','Gowman','1986-11-14','2021-07-01',49197.00,4),(522,'Theodora','Humble','Demkowicz','1986-10-19','2018-10-04',45335.00,7),(523,'Gelya','Picard','Deener','1978-12-06','2012-04-18',45898.00,7),(524,'Gloria','Purdey','Midlar','1975-10-05','2014-04-10',51557.00,5),(525,'Henrik','Boadby','Kemmet','1970-02-28','2010-02-11',70661.00,2),(526,'Sigismond','Farrow','Annear','1973-11-04','2015-09-08',54096.00,11),(527,'Grannie','Oldershaw','Mille','1977-09-29','2019-01-25',73755.00,10),(528,'Hertha','Craythorne','Suatt','1965-06-28','2010-05-12',44705.00,11),(529,'Caroljean','Pippin','Rihosek','1983-08-22','2021-01-06',42782.00,1),(530,'Mellisent','Beller','Galpin','1967-04-10','2012-03-01',58263.00,8),(531,'Ricki','Cushion','Knowller','1974-01-25','2017-02-09',63703.00,2),(532,'Jenni','Hadkins','Towndrow','1973-05-13','2010-07-28',38980.00,11),(533,'Friedrich','Wolvey','Yesipov','1976-02-23','2015-06-11',22064.00,6),(534,'Tawsha','McGuinley','MacAlpyne','1985-09-09','2019-12-10',25596.00,7),(535,'Dido','McKea','Wennington','1983-02-13','2021-12-01',44479.00,2),(536,'Samaria','Loft','Venneur','1981-05-26','2015-06-12',55529.00,4),(537,'Selia','Blakes','Andrivel','1987-04-10','2021-11-15',73404.00,2),(538,'Cathyleen','Hail','Farrear','1984-02-04','2020-01-10',37859.00,3),(539,'Fanni','Leppard','Cogdell','1978-08-15','2016-08-01',53261.00,7),(540,'Peta','Sprott','Patifield','1969-11-12','2016-11-20',29186.00,8),(541,'Brigham','Swedeland','Maciejewski','1981-09-08','2022-09-25',66060.00,6),(542,'Van','Barnaclough','Hotton','1978-09-08','2022-09-23',29876.00,3),(543,'Massimo','Fuster','Besemer','1976-12-01','2010-07-30',73756.00,6),(544,'Braden','Halliburton','Light','1973-01-20','2017-07-29',70882.00,6),(545,'Sada','Swanne','Mc Queen','1970-01-22','2012-12-17',23346.00,7),(546,'Ivett','Heakey','Nockles','1987-07-30','2018-02-17',25184.00,4),(547,'Dexter','Heintzsch','Bollom','1988-11-11','2018-12-16',56265.00,6),(548,'Natalya','Hildred','Courteney','1983-09-13','2018-01-09',50094.00,3),(549,'Nev','Duguid','Boote','1987-10-16','2017-09-04',39146.00,3),(550,'Danyelle','Rourke','Juliano','1989-10-10','2014-07-08',24608.00,5),(551,'Kurtis','Oldcroft','Aldhouse','1978-12-21','2015-07-07',42465.00,11),(552,'Brandise','Moore','Pallesen','1975-12-07','2010-03-31',61909.00,3),(553,'Talbert','Copner','Wittrington','1963-12-03','2022-06-15',34576.00,8),(554,'Cari','Bertenshaw','Pettifer','1967-06-15','2017-01-12',42601.00,6),(555,'Law','Pettko','Masi','1964-02-06','2012-10-15',59125.00,1),(556,'Broddy','Hallard','Thompson','1987-04-14','2018-10-14',28711.00,10),(557,'Keene','Dyke','Eccott','1965-06-29','2011-10-13',56826.00,5),(558,'Meade','Hayhurst','Dibley','1964-02-16','2023-09-24',62237.00,3),(559,'Kimmie','Leyshon','Attewill','1976-03-10','2012-10-14',67295.00,11),(560,'Hieronymus','Muscat','Huegett','1972-04-20','2020-06-07',60572.00,3),(561,'Bret','Bompas','Dewdeny','1989-12-25','2022-12-06',72942.00,10),(562,'Nero','Meegin','Mate','1971-10-31','2016-05-24',69958.00,2),(563,'Geneva','Niesegen','Shynn','1970-11-25','2017-02-25',35501.00,2),(564,'Faith','O\' Faherty','Trowsdale','1980-03-08','2011-11-07',49506.00,2),(565,'Kean','Tomaino','Tanfield','1978-07-16','2023-10-02',26530.00,1),(566,'Vida','Biswell','Stainer','1984-08-21','2014-03-10',62793.00,10),(567,'Ted','Legier','Adie','1975-10-12','2015-10-16',60453.00,2),(568,'Kassandra','MacTrustam','Lennon','1977-09-16','2016-11-20',32920.00,7),(569,'Woodrow','Avory','Scryne','1972-12-02','2018-03-29',24146.00,10),(570,'Carmelle','Saer','Auchterlony','1982-05-02','2021-07-05',47883.00,11),(571,'Alessandra','Ivanichev','Morrilly','1969-03-21','2015-07-16',32605.00,7),(572,'Ashley','Tumilty','O\'Cosgra','1982-11-03','2015-04-29',64919.00,1),(573,'Mortimer','Hawkyens','Ledgerton','1977-03-03','2013-04-23',70609.00,8),(574,'Lovell','Moneti','Andryushchenko','1976-06-17','2018-08-29',32792.00,3),(575,'Thaine','Laxson','Plak','1963-04-09','2012-11-30',54955.00,9),(576,'Thomasina','Taggert','Strode','1983-03-10','2014-10-05',60759.00,7),(577,'Rossy','Gairdner','Peter','1978-09-11','2018-12-26',36156.00,4),(578,'Bailie','Laugheran','De Filippi','1962-04-20','2020-10-14',54565.00,10),(579,'Tedra','Purdie','Minot','1976-01-04','2014-01-10',61509.00,8),(580,'Candida','Peoples','Cuttles','1965-02-17','2015-12-09',35353.00,4),(581,'Sibeal','Caldwall','Gingle','1967-09-16','2014-02-06',21876.00,4),(582,'Pansy','Becarra','Naseby','1979-11-26','2011-08-17',48841.00,8),(583,'Sheilakathryn','Elcocks','Lorenzin','1973-11-20','2013-07-24',38896.00,5),(584,'Mitchell','Lestor','Dungey','1983-07-15','2017-08-16',66266.00,2),(585,'Dionysus','Dyneley','Letson','1989-11-11','2014-07-03',42171.00,2),(586,'Rubetta','Callear','Klagges','1985-05-03','2019-10-22',53479.00,8),(587,'Swen','Kingsly','Clyde','1983-07-23','2023-04-26',61014.00,1),(588,'Verla','Alti','Gillard','1985-11-15','2019-01-20',74596.00,4),(589,'Blancha','Somerville','Smitten','1986-03-05','2012-02-11',63256.00,2),(590,'Julianna','Felstead','Colbrun','1976-09-10','2010-12-11',70776.00,5),(591,'Walliw','Aers','Rosita','1964-11-02','2019-02-15',72477.00,4),(592,'Taddeusz','Hillitt','Poure','1982-04-17','2013-05-24',20895.00,10),(593,'Nataline','Tewkesberry','Jochen','1976-12-24','2011-11-17',73624.00,11),(594,'Donalt','Chadburn','Howels','1964-10-24','2016-12-11',59738.00,5),(595,'Murdock','Annakin','Stivers','1980-05-28','2022-05-24',73306.00,9),(596,'Leandra','Streeting','Trewhitt','1969-09-06','2014-11-07',74656.00,1),(597,'Erinn','Hukin','Peirson','1970-08-02','2021-06-02',27613.00,1),(598,'Aurea','Pittman','Rainon','1968-06-27','2013-06-06',43444.00,2),(599,'Goober','Tungay','Shapcott','1985-03-12','2020-01-10',20207.00,3),(600,'Halley','Virgin','Sleath','1986-08-27','2011-01-07',67730.00,2),(601,'Christie','Mowen','Stolz','1965-11-13','2015-03-16',64195.00,4),(602,'Bealle','Haestier','Cristofalo','1964-02-12','2020-05-21',72014.00,3),(603,'Umeko','Ciraldo','Bonsall','1965-10-21','2023-06-29',38720.00,7),(604,'Hester','Perrottet','Gerault','1968-12-19','2017-07-22',66055.00,8),(605,'Glenn','Rockhill','Blazy','1979-12-19','2022-08-31',43243.00,5),(606,'Cherey','Kay','Dreinan','1986-06-02','2023-09-09',45730.00,2),(607,'Lev','Vauter','Tunkin','1982-04-01','2019-09-26',53350.00,5),(608,'Hillie','Cashin','Sambiedge','1964-08-02','2017-05-23',68491.00,3),(609,'Delano','Krauze','Jedras','1989-03-20','2017-09-25',53702.00,7),(610,'Cobb','Mioni','Kenyam','1985-11-26','2023-12-12',35140.00,1),(611,'Emmaline','Turnor','Ogdahl','1979-05-06','2018-01-12',64949.00,9),(612,'Rikki','Custy','Eagell','1982-03-04','2015-12-14',42880.00,7),(613,'Tanitansy','Swanborrow','Bamb','1989-03-17','2015-12-01',28450.00,8),(614,'Inna','Pywell','Alywen','1973-08-30','2023-03-11',46920.00,9),(615,'Enoch','Bradborne','Filyaev','1985-03-15','2012-04-27',53143.00,6),(616,'Catarina','Sell','Mushet','1971-07-28','2016-04-29',71228.00,11),(617,'Lucas','Plester','Iacavone','1985-07-06','2019-06-20',25405.00,4),(618,'Patrica','Schinetti','Hasloch','1973-12-14','2017-04-28',36066.00,2),(619,'Darci','Yardley','McGuane','1977-12-16','2012-06-13',27665.00,10),(620,'Archibold','Klimus','Measen','1978-08-23','2017-10-01',25435.00,1),(621,'Benedetto','Bargery','Catonnet','1969-05-07','2017-10-07',58035.00,4),(622,'Mame','Lambourn','Woodman','1986-04-02','2017-04-19',58676.00,1),(623,'Baxie','Wallentin','Stolting','1966-10-31','2018-05-15',53188.00,9),(624,'Jakob','Breakwell','Lodwig','1982-07-25','2021-04-02',37172.00,3),(625,'Feodora','Duddridge','Adamini','1979-03-26','2019-11-23',36283.00,3),(626,'Ingeborg','Berthon','Castelyn','1982-01-18','2015-01-05',22952.00,6),(627,'Norma','Itzkovici','Allibon','1982-11-19','2021-05-13',38457.00,7),(628,'Anet','Shakespear','Fasson','1972-08-08','2014-08-24',71633.00,9),(629,'Sandra','Ellicock','Macartney','1965-11-04','2013-02-07',24244.00,5),(630,'Caralie','Tribbeck','Playfoot','1982-05-04','2014-04-22',20037.00,11),(631,'Georgena','Andriolli','Emerton','1972-02-18','2010-04-20',72405.00,6),(632,'Perren','Pullin','Glewe','1986-10-15','2012-02-09',37556.00,9),(633,'Dewitt','Dunbobbin','Gonning','1988-04-15','2023-06-18',70833.00,7),(634,'Hughie','Sprull','Landis','1967-05-16','2018-01-23',72914.00,7),(635,'Mose','Ward','Burghall','1986-04-25','2016-06-22',47422.00,3),(636,'Tommy','Bengtsson','Boles','1964-06-09','2013-07-22',36086.00,4),(637,'Ema','Cryer','Hinzer','1980-06-14','2017-10-01',46225.00,8),(638,'Lulita','Farbrace','Vedyaev','1983-07-28','2016-08-12',61848.00,1),(639,'Elvyn','Drewet','Heustice','1969-11-20','2013-03-15',31845.00,10),(640,'Onfre','Bolwell','Dumphreys','1984-05-27','2019-09-15',60735.00,9),(641,'Veradis','Romanski','Wissbey','1982-06-11','2014-03-18',33447.00,10),(642,'Phylis','Elverstone','Roughey','1977-06-16','2012-05-02',55421.00,3),(643,'Aron','Bocke','Tamblyn','1973-04-15','2011-07-30',27784.00,10),(644,'Gabie','Eckart','Leblanc','1975-08-26','2021-08-10',65632.00,11),(645,'Cole','Arndt','Vigors','1970-04-24','2011-07-22',56728.00,3),(646,'Rowen','Nucci','Thomlinson','1963-06-07','2019-03-17',27147.00,5),(647,'Arlie','D\'Alesco','Probbin','1978-01-10','2021-11-12',68116.00,6),(648,'Herminia','Rahill','Portail','1988-01-14','2015-01-09',35354.00,9),(649,'Doria','Paulton','Leward','1983-11-18','2016-11-15',56635.00,9),(650,'Alexandr','MacAree','Lippitt','1973-07-07','2020-07-25',43037.00,8),(651,'Claudina','Jancic','Andreuzzi','1975-12-22','2014-12-16',60447.00,2),(652,'Mildrid','Gravey','Amey','1981-08-15','2013-09-06',66993.00,4),(653,'Ollie','Malham','Marikhin','1975-09-24','2015-09-01',49037.00,4),(654,'Kaitlynn','Dillestone','Duncanson','1970-09-24','2019-08-08',21307.00,4),(655,'Melba','Ondrich','Littleton','1969-10-08','2020-02-16',32777.00,6),(656,'Wyndham','Spottiswood','de Zamora','1979-01-23','2020-02-19',73779.00,11),(657,'Shepard','Spiers','Maffey','1975-11-29','2022-12-16',71388.00,2),(658,'Helen-elizabeth','Swine','Thombleson','1981-11-12','2011-07-21',43155.00,9),(659,'Doralynn','Mitchley','Saltrese','1963-04-24','2012-06-29',24863.00,1),(660,'Julie','Zorzini','Carlesso','1973-08-01','2011-07-20',22467.00,7),(661,'Ariel','Purcell','Berriball','1978-04-04','2018-10-16',34984.00,11),(662,'Langsdon','Esch','Tomkins','1963-07-15','2012-09-23',39797.00,1),(663,'Corri','Wixey','Gudgeon','1966-06-09','2010-10-28',23566.00,4),(664,'Estevan','Spadelli','Roderigo','1981-03-15','2014-09-27',53906.00,2),(665,'Fulton','Loach','Scraggs','1972-12-20','2011-12-31',59741.00,3),(666,'Bobbie','Whitty','Stiell','1963-02-09','2015-02-06',47543.00,10),(667,'Mechelle','Storrier','Hickeringill','1980-06-15','2018-05-21',44283.00,9),(668,'Ford','Robben','Drysdale','1974-09-29','2022-02-28',58400.00,10),(669,'Dari','Bosse','Board','1981-05-14','2017-11-02',23084.00,4),(670,'Rickey','Maxted','Franscioni','1973-04-25','2012-06-16',27281.00,10),(671,'Yard','Sneath','Ayto','1962-11-05','2014-02-17',53492.00,6),(672,'Dodi','Blackmuir','Beeching','1985-07-31','2018-07-22',46510.00,11),(673,'Abramo','Josey','Jent','1985-05-15','2021-04-27',71008.00,9),(674,'Herby','Satterlee','Slym','1966-06-05','2022-12-14',35183.00,4),(675,'Meredith','L\'argent','Aynsley','1963-10-09','2010-02-23',39138.00,1),(676,'Emmery','Lownie','Ambrogini','1976-09-05','2022-06-04',53271.00,6),(677,'Ferdinanda','Pealing','Casier','1962-07-20','2012-01-14',21139.00,4),(678,'Vasilis','Bartaloni','Keyes','1989-05-14','2019-05-24',40105.00,1),(679,'Robinett','Margrett','Jankin','1979-09-11','2012-03-28',62064.00,7),(680,'Tiebold','O\'Grogane','Duckham','1964-11-30','2019-07-13',65988.00,11),(681,'Abelard','Winspear','Charleston','1967-01-31','2014-05-09',43802.00,9),(682,'Lenna','Haszard','Codron','1972-08-11','2012-03-30',45373.00,5),(683,'Tedi','Gallon','Barthropp','1975-08-08','2020-11-03',63198.00,11),(684,'Clementia','Jouannot','Iskower','1975-11-08','2012-05-30',38694.00,6),(685,'Nealson','Hull','Feye','1964-03-06','2023-09-03',51555.00,1),(686,'El','Gummery','Demschke','1965-10-27','2010-03-17',71873.00,1),(687,'Meara','Rehm','Tregunnah','1974-02-26','2013-04-18',21113.00,10),(688,'Melvyn','Beton','Brearty','1978-09-23','2010-09-14',24940.00,5),(689,'Kyle','Sargint','Coslett','1977-08-20','2010-05-30',21941.00,11),(690,'Veronike','Aimable','Lever','1969-10-03','2017-04-05',46975.00,8),(691,'Pegeen','Vondra','Geraghty','1964-06-20','2021-11-26',55050.00,2),(692,'Darnell','Ribey','Tattersill','1975-05-05','2011-09-28',53866.00,7),(693,'Madelle','Patillo','Arendt','1983-02-18','2023-05-03',24338.00,2),(694,'Jehanna','Marian','Heggie','1965-10-20','2020-05-30',25652.00,8),(695,'Norah','Bellino','Bortolini','1962-05-25','2022-10-25',44891.00,10),(696,'Ira','Rooksby','Bradnam','1973-10-13','2020-11-15',38485.00,11),(697,'Cori','Stoyell','Farr','1964-09-27','2015-03-30',43810.00,11),(698,'Eleonora','Torrecilla','Van Velde','1982-07-09','2019-11-30',55557.00,8),(699,'Matilda','Bauckham','De Zamudio','1972-02-14','2021-03-06',45922.00,6),(700,'Cullen','Condie','Pandey','1989-06-25','2018-02-21',33955.00,4),(701,'Louie','Merck','Yushachkov','1988-12-20','2011-05-27',40471.00,10),(702,'Gottfried','Pes','Philpotts','1979-10-16','2021-11-04',20619.00,3),(703,'Nissy','Souch','Capeling','1987-09-26','2015-09-03',54817.00,1),(704,'Dew','O\'Sharry','Castelluzzi','1966-05-02','2022-03-24',46211.00,6),(705,'Lu','Schorah','Odd','1986-12-02','2014-12-04',73187.00,4),(706,'Lucilia','Sarfat','Huckett','1962-02-10','2023-05-11',38041.00,7),(707,'Alastair','Obert','Buckleigh','1975-12-11','2013-01-27',28452.00,7),(708,'Osbert','Edmons','Flynn','1969-03-24','2017-05-21',67952.00,9),(709,'Devlen','Perrie','Ingolotti','1971-04-20','2015-09-19',26651.00,4),(710,'Garland','Winkett','Gilhouley','1964-10-14','2015-10-21',52446.00,9),(711,'Basil','Bamlet','Sissel','1988-11-11','2016-01-26',46492.00,5),(712,'Ignace','Bailes','Puffett','1974-02-04','2022-10-26',45348.00,9),(713,'Reggie','Gepheart','Baldcock','1986-05-30','2019-10-01',44375.00,2),(714,'Alfons','Soans','Beament','1971-05-11','2023-12-22',49233.00,9),(715,'Jonathan','Cohani','Atwool','1964-05-04','2013-12-07',21876.00,5),(716,'Cicily','Bauckham','Philippeaux','1975-04-16','2011-11-20',52008.00,9),(717,'Marlon','Bapty','Delagnes','1968-06-28','2023-03-03',54270.00,8),(718,'Dasha','Bocke','Vagg','1982-05-23','2015-03-01',33762.00,11),(719,'Lodovico','Baxstair','Peer','1987-07-15','2018-10-11',56547.00,8),(720,'Willi','Amoore','Culpen','1970-03-29','2013-11-26',69824.00,8),(721,'Alverta','Pindell','Howden','1962-04-06','2018-04-14',31449.00,7),(722,'Norry','O\'Lagene','Lochet','1977-06-03','2014-08-25',47802.00,8),(723,'Jeannie','Cowdery','Temlett','1964-04-15','2022-03-03',49935.00,9),(724,'Manda','Mutton','Fawdry','1966-08-26','2021-10-30',24111.00,11),(725,'Morley','Gulliver','Dunkerton','1968-10-10','2021-12-10',60955.00,2),(726,'Phylis','Lorentz','Labrone','1968-05-03','2014-11-07',56048.00,11),(727,'Noelyn','Coulston','Blanckley','1979-04-20','2013-03-26',66523.00,11),(728,'Theadora','Stollman','Gartside','1965-06-11','2014-09-30',37083.00,2),(729,'Elwira','Casacchia','Ottiwill','1967-07-13','2019-05-26',32094.00,4),(730,'Dene','Paul','Jollands','1975-08-19','2018-03-04',33954.00,8),(731,'Mallorie','Varren','Di Frisco','1966-12-27','2018-09-13',43233.00,9),(732,'Paulina','Durham','Grimley','1968-10-22','2022-11-03',30181.00,2),(733,'Aida','Goodacre','Beades','1963-06-12','2012-09-01',28711.00,4),(734,'Janie','Marshman','Aspy','1962-01-11','2019-11-19',51181.00,10),(735,'Halsy','Beharrell','Navein','1963-05-16','2023-04-02',53636.00,1),(736,'Franzen','Bagshaw','Birtwell','1979-09-19','2018-12-12',39918.00,7),(737,'Moe','Halley','Faltin','1968-03-29','2018-12-16',72347.00,3),(738,'Mortimer','Baldacco','Brodest','1970-12-15','2021-05-08',68987.00,1),(739,'Merrill','Cheesley','Charville','1967-06-16','2020-01-15',46046.00,5),(740,'Jasen','McEntee','Works','1966-07-15','2014-09-14',71803.00,10),(741,'Lucius','Harries','Drewes','1974-06-18','2013-04-12',48248.00,6),(742,'Glen','Arstall','Bursnoll','1984-05-14','2023-05-07',50532.00,6),(743,'Alanna','Mee','Cluney','1963-07-05','2023-07-23',57903.00,10),(744,'Jerald','Shackesby','Whittlesea','1965-05-17','2016-09-11',56178.00,8),(745,'Darren','Baldocci','Breton','1983-01-07','2022-06-21',67311.00,10),(746,'Lorna','Learie','Nestoruk','1972-09-09','2014-01-16',65965.00,1),(747,'Dario','Jepp','Condell','1965-02-08','2017-01-29',48926.00,4),(748,'Bern','Kyberd','Breydin','1970-03-22','2019-12-17',41788.00,2),(749,'Bondie','Beebe','Eckert','1987-04-07','2015-09-10',21265.00,8),(750,'Dulsea','Echallier','Woolam','1962-11-26','2016-04-11',51582.00,6),(751,'Claiborn','Shapcote','Colbridge','1971-09-17','2021-09-15',59529.00,7),(752,'Skylar','Mummery','Olohan','1963-09-26','2012-06-05',28501.00,5),(753,'Benjamin','Kundt','Malster','1964-12-10','2022-09-09',63772.00,5),(754,'Johannes','Cattrall','de Keep','1983-04-14','2016-02-25',58612.00,1),(755,'Kingston','Lazer','Shilladay','1977-01-19','2024-02-01',58713.00,1),(756,'Emlynn','Danilenko','Roberson','1971-04-18','2019-06-28',48624.00,1),(757,'Tobe','Stedman','Pilgrim','1964-07-12','2015-02-27',23933.00,9),(758,'Sayres','Hansill','Ascroft','1979-06-20','2012-10-06',24774.00,6),(759,'Katine','Lening','Baskerville','1966-12-13','2012-12-16',60073.00,7),(760,'Elisha','Toy','Zywicki','1976-01-12','2022-06-29',35585.00,6),(761,'Killie','McGairl','Spata','1975-12-12','2018-09-13',58533.00,6),(762,'Zena','Garretts','Cortnay','1964-05-26','2021-03-13',54534.00,4),(763,'Zane','Lydden','Angerstein','1988-09-26','2016-01-21',47288.00,1),(764,'Lorene','Blei','Pirson','1984-03-20','2012-02-24',53958.00,8),(765,'Rena','Bradnick','Fullwood','1989-06-16','2012-08-03',42888.00,2),(766,'Elvyn','Tewkesberrie','Bousquet','1987-05-26','2015-03-09',32083.00,9),(767,'Kimberly','Laurent','Desvignes','1982-06-07','2016-09-11',68785.00,1),(768,'Fanny','Venn','Hambly','1973-10-16','2012-03-02',69218.00,9),(769,'Timmie','Doag','Banstead','1986-05-28','2015-06-18',70949.00,7),(770,'Erie','Choake','Henri','1982-01-20','2017-03-23',31402.00,7),(771,'Nat','Wiseman','Connold','1972-05-30','2018-12-27',30559.00,7),(772,'Loutitia','Quantrell','Ducker','1964-08-26','2010-06-08',31866.00,9),(773,'Moises','De Haven','Gero','1976-09-19','2022-07-23',50997.00,1),(774,'Kellby','Vellender','Wasteney','1974-01-21','2016-07-23',34781.00,2),(775,'Jaclin','Boler','Kench','1988-11-16','2019-12-20',70591.00,8),(776,'Jerri','McReath','Metcalf','1983-03-23','2018-06-11',64520.00,6),(777,'Miof mela','Bartoleyn','Piercy','1970-11-18','2014-09-10',48270.00,1),(778,'Starr','Swalwel','Gearing','1965-12-13','2015-10-15',53448.00,3),(779,'Ariella','Colter','Adolf','1963-08-11','2016-05-21',60425.00,10),(780,'Wittie','Swinden','Gorwood','1987-06-24','2010-02-18',55321.00,10),(781,'Giulietta','Woodings','Witcherley','1969-06-12','2016-06-23',39528.00,8),(782,'Lynde','MacIlriach','Tiffin','1965-12-01','2016-01-11',23997.00,8),(783,'Nefen','Cordeau','Gilyatt','1971-11-15','2019-10-23',59275.00,7),(784,'Stirling','Eslinger','Pidwell','1978-06-14','2016-05-27',36190.00,9),(785,'Reine','Raith','Petken','1964-04-05','2015-09-14',70117.00,9),(786,'Ferdie','Beddon','Guiot','1972-07-26','2011-01-03',25693.00,9),(787,'Evelin','Bresnen','Edgeller','1982-04-13','2024-02-09',29306.00,1),(788,'Cacilie','MacMoyer','Sims','1971-09-14','2017-03-14',71421.00,2),(789,'Waneta','Gerok','McAdam','1977-11-29','2017-01-10',55405.00,1),(790,'Letti','Burnyeat','Brigstock','1965-01-07','2021-09-08',57148.00,1),(791,'Salim','Westhoff','Measom','1982-05-18','2019-12-24',43895.00,5),(792,'Clemmie','Bratton','Wimbury','1978-01-18','2023-06-19',40534.00,6),(793,'Rowland','Ferreri','Railton','1967-08-13','2011-01-25',70437.00,3),(794,'Padraig','Kynder','Iliff','1962-10-17','2015-07-18',43579.00,5),(795,'Horten','Wiggington','Fudger','1988-01-02','2013-04-23',54348.00,10),(796,'Conny','Mityashev','Frushard','1964-03-30','2022-03-15',41122.00,5),(797,'Willamina','Kenwyn','Laguerre','1979-11-18','2010-02-16',45406.00,6),(798,'Brittani','Cadney','Handscomb','1986-03-26','2017-07-13',32924.00,4),(799,'Gratia','Pepler','Gofforth','1989-10-10','2016-12-22',39534.00,10),(800,'Shaun','Hablot','MacFadin','1986-07-08','2021-05-15',63103.00,5),(801,'Sheelah','Poleye','Cutler','1983-10-22','2020-02-10',38441.00,4),(802,'Mordecai','Fittis','Hayth','1986-12-08','2012-10-18',59226.00,4),(803,'Thorndike','Cosyns','Kalinke','1968-12-30','2015-08-31',30460.00,1),(804,'Francesco','Ginley','Manning','1980-12-14','2020-09-13',74405.00,4),(805,'Gretchen','Teffrey','O\' Hanvey','1975-11-09','2014-09-24',62843.00,2),(806,'Silva','Bales','Sunnex','1974-02-27','2011-09-22',28686.00,9),(807,'Jeannette','Keston','Poel','1976-04-05','2010-08-04',47695.00,10),(808,'Ida','Radmer','Blaszczak','1988-08-25','2020-07-20',58298.00,4),(809,'Alaine','Radbourne','Isaksen','1980-07-31','2010-09-24',57259.00,2),(810,'Catharine','Possell','Pontefract','1968-12-10','2017-02-13',49816.00,4),(811,'Quintus','Manach','Odell','1989-11-01','2015-08-26',62888.00,4),(812,'Lennie','Frankton','Testro','1963-03-16','2011-12-20',26657.00,2),(813,'Olympe','Brownstein','Flasby','1983-08-17','2021-08-26',73099.00,3),(814,'Eberhard','Mourant','Helleckas','1972-10-29','2023-02-11',67270.00,2),(815,'Marilyn','Dalley','Conrad','1971-06-11','2017-10-13',45322.00,5),(816,'Effie','Harber','Rown','1979-09-07','2018-08-20',36869.00,8),(817,'Bartie','Putnam','Mostyn','1965-07-18','2023-03-06',24881.00,4),(818,'Roxanna','Sonnenschein','Lendrem','1979-04-08','2012-06-27',49180.00,2),(819,'Reggis','Drews','Byart','1965-07-19','2017-05-26',72126.00,7),(820,'Clerkclaude','Newham','Donneely','1976-05-29','2016-10-16',60566.00,3),(821,'Hildy','Zylberdik','Overthrow','1972-05-02','2011-01-30',57700.00,1),(822,'Timmy','Cornbill','Tousey','1980-05-27','2020-11-11',45557.00,5),(823,'Arte','Grieger','Scoble','1970-01-25','2014-05-10',49639.00,11),(824,'Darrin','Simonds','Woolston','1989-02-27','2011-03-19',51910.00,7),(825,'Cristionna','Laverick','Sprosson','1965-01-15','2020-10-28',21900.00,1),(826,'Hally','Goodrich','Lawee','1989-07-17','2022-08-08',70956.00,2),(827,'Howard','Dickings','Thomas','1975-01-05','2021-04-13',20246.00,9),(828,'Stepha','Gorger','Sephton','1975-06-18','2011-04-16',32603.00,9),(829,'Demeter','Giraldo','Butterwick','1983-12-11','2016-05-16',23690.00,11),(830,'Ilario','Studdal','Felipe','1974-06-27','2011-10-31',48897.00,2),(831,'Tedie','Kop','Parncutt','1988-10-03','2011-09-06',35858.00,8),(832,'Tierney','Trounce','Buckhurst','1968-03-17','2020-01-11',62782.00,1),(833,'Salomo','Grinham','Pidgeley','1984-08-24','2015-04-22',54922.00,1),(834,'Orelie','Hanselmann','Janczyk','1975-02-01','2015-03-21',72439.00,9),(835,'Drucill','Riddall','Solleme','1985-08-13','2022-01-15',59766.00,7),(836,'Jone','Pirson','Atkirk','1964-11-23','2020-06-20',20710.00,5),(837,'Beatrisa','Warland','O\' Gara','1966-12-23','2019-02-13',36161.00,9),(838,'Saidee','Alekseicik','Delea','1988-02-24','2013-06-05',53504.00,8),(839,'Valdemar','O\'Regan','Meneghi','1983-01-16','2014-11-21',30819.00,9),(840,'Gabriel','Pinard','Oliver-Paull','1973-02-04','2016-02-18',72884.00,1),(841,'Reade','Rissen','Sleicht','1971-08-07','2022-02-09',59237.00,2),(842,'Karrah','Cavanaugh','Massard','1968-01-28','2018-01-19',41076.00,2),(843,'Orin','Marley','Kun','1965-01-22','2013-09-01',36865.00,4),(844,'Kristal','Leving','Rustman','1989-04-21','2023-09-14',24772.00,3),(845,'Antonio','Colls','Attryde','1962-02-09','2020-04-27',62257.00,3),(846,'Fred','Batterbee','Krysztofiak','1967-06-02','2018-01-03',55138.00,11),(847,'Carmelita','Diben','Megarry','1964-07-26','2014-01-30',46445.00,5),(848,'Aliza','Cantu','Swain','1970-04-19','2013-03-18',45379.00,9),(849,'Dorelia','Gedling','Ragate','1980-07-16','2018-01-21',52106.00,10),(850,'Nye','Jorgesen','Woodage','1962-12-21','2013-01-28',70518.00,10),(851,'Orlando','Kitchingman','Klampt','1983-07-30','2015-08-06',40776.00,2),(852,'Faustine','Phebee','Pavolillo','1968-05-18','2019-09-24',57695.00,9),(853,'Sybila','Benedick','Dymock','1962-02-22','2021-11-07',56930.00,7),(854,'Cart','Hurran','Densham','1967-07-21','2019-06-24',50991.00,4),(855,'Bret','Doxsey','Baltzar','1974-06-20','2019-10-18',22314.00,8),(856,'Pietra','Colicot','Rielly','1970-01-26','2024-02-23',71029.00,4),(857,'Karlotte','Lonnon','Digwood','1967-03-29','2017-02-16',53634.00,2),(858,'Tann','Pakenham','Stebbings','1967-12-02','2016-07-06',28027.00,1),(859,'Karry','Haxbie','Urlin','1964-04-06','2010-02-15',73930.00,1),(860,'Joy','Jaycox','Maddox','1969-05-07','2023-07-22',67716.00,2),(861,'Juliette','McKintosh','Lummus','1967-02-15','2014-01-15',60655.00,8),(862,'Douglas','Tillerton','Cawkill','1979-06-20','2016-07-18',45474.00,5),(863,'Adrea','Faulconer','Benyan','1984-06-12','2011-04-27',52448.00,6),(864,'Harbert','Blest','Godney','1986-02-20','2019-12-20',27545.00,1),(865,'Jobi','Booton','Jerrard','1985-02-15','2018-10-19',63032.00,5),(866,'Cirillo','O\'Fergus','Cosgrive','1979-06-24','2016-04-18',40150.00,4),(867,'Tresa','Sawbridge','Joire','1964-12-23','2018-01-10',71212.00,4),(868,'Nelia','Kopman','Titlow','1968-10-31','2023-01-11',59471.00,7),(869,'Ike','Welbrock','Gladwell','1966-01-29','2018-08-22',56296.00,7),(870,'Rhea','Garrow','Roch','1966-06-05','2022-09-04',60464.00,4),(871,'Rhea','Candlin','Keeler','1981-11-17','2011-07-02',51235.00,8),(872,'Roberta','Graffin','Segar','1973-08-22','2013-12-13',25073.00,2),(873,'Hart','Ashpital','Yuryichev','1963-12-30','2023-08-21',46868.00,7),(874,'Dur','Linsey','Whyberd','1983-09-29','2012-01-14',32107.00,11),(875,'Alfreda','Leirmonth','Rupp','1984-05-08','2010-12-15',74676.00,8),(876,'Leon','Meatyard','Baggelley','1989-05-01','2016-10-11',62234.00,11),(877,'Karlie','Rosenstein','Demer','1978-12-15','2010-10-01',61042.00,3),(878,'Iver','Bleythin','Kirstein','1989-10-03','2010-12-28',38560.00,11),(879,'Dru','Doherty','Crooke','1962-03-14','2014-09-11',63626.00,5),(880,'Horatia','Simnett','Jeens','1983-09-21','2014-04-19',28419.00,11),(881,'Otes','Gravenor','Kellett','1973-05-24','2021-06-03',50833.00,7),(882,'Anabella','Sackey','Cully','1973-04-06','2022-09-25',74194.00,2),(883,'Bern','Cragg','Cosgry','1979-01-08','2016-07-16',64960.00,9),(884,'Tiffanie','Dace','Cosgrave','1988-10-21','2011-01-09',31866.00,9),(885,'Arney','Pierpoint','Bragginton','1975-12-10','2023-11-20',37804.00,1),(886,'Norri','Van Dalen','Branscomb','1986-04-08','2015-03-01',74101.00,8),(887,'Cob','Bilston','Triplet','1980-06-24','2022-08-25',45653.00,6),(888,'Olivette','Fortune','Dosdale','1978-02-05','2021-02-03',73021.00,4),(889,'Danni','Jerrome','Silverwood','1984-03-22','2018-02-08',64569.00,10),(890,'Donia','Conklin','Raunds','1986-02-12','2012-02-17',42361.00,3),(891,'Gardiner','Matfield','Dake','1983-01-18','2018-09-05',65533.00,5),(892,'Sean','Alcott','Portchmouth','1988-07-10','2018-06-24',48561.00,3),(893,'Cal','Luxton','Buttfield','1984-02-03','2021-03-06',34616.00,1),(894,'Estel','Litchmore','Dugall','1974-12-25','2017-04-13',23218.00,3),(895,'Kent','Barsham','McSkin','1980-10-31','2019-06-25',64918.00,8),(896,'Adena','Makeswell','Pizey','1980-08-09','2020-04-17',25832.00,8),(897,'Emerson','Dudney','Belsham','1980-12-24','2016-08-18',53001.00,8),(898,'Estell','Mulvy','Andryunin','1977-04-14','2012-06-27',71940.00,3),(899,'Bibi','Palmar','Baumber','1971-12-31','2010-12-22',40384.00,5),(900,'Ryley','Malkinson','Beartup','1973-09-02','2016-06-10',59352.00,5),(901,'Arman','Cavalier','Horning','1976-05-19','2016-10-05',42999.00,6),(902,'Tomi','Gulleford','Bebb','1971-03-16','2013-09-05',29267.00,2),(903,'Judd','Argyle','Blazey','1983-07-21','2021-09-14',56852.00,11),(904,'Minta','Grimme','Blasli','1971-11-04','2011-12-07',52984.00,9),(905,'Shirlene','Chainey','Climie','1984-04-20','2018-10-09',67168.00,9),(906,'Babs','Strivens','Yakebovich','1975-12-11','2016-01-31',72618.00,2),(907,'Niki','Bechley','Clemerson','1983-09-09','2015-05-21',59852.00,8),(908,'Hillyer','Kindley','Dearnley','1974-11-11','2010-03-25',73252.00,9),(909,'Billy','Jorissen','Matthisson','1978-05-16','2022-01-04',59929.00,10),(910,'Darla','Skewis','Cobon','1978-06-10','2013-12-02',68397.00,11),(911,'Malory','Sealy','Latliff','1988-07-10','2019-10-28',30556.00,10),(912,'Ellette','Duiged','Kenchington','1963-04-21','2023-12-21',74497.00,6),(913,'Melosa','Dy','Vannar','1977-04-05','2018-06-21',20448.00,10),(914,'Egbert','Cabena','Olivia','1966-07-24','2017-06-10',73562.00,1),(915,'Nicolea','Blamphin','Cardnell','1983-12-18','2013-01-15',24080.00,5),(916,'Randolf','Gillan','Davern','1984-04-21','2015-09-08',27270.00,10),(917,'Eal','Graal','Sigert','1975-01-04','2020-01-21',49373.00,8),(918,'Lamond','Osbidston','Smiz','1976-06-08','2020-09-15',69625.00,6),(919,'Theodosia','Gritsaev','Oswal','1973-03-15','2016-01-12',30992.00,7),(920,'Brianna','Schuster','Gniewosz','1965-05-16','2023-11-18',46892.00,10),(921,'Byran','Daelman','Collacombe','1977-11-20','2023-10-06',22817.00,9),(922,'Niki','Grishukhin','Mournian','1975-10-16','2022-12-26',37442.00,10),(923,'Dore','Gullis','Mahmood','1965-03-06','2020-04-26',29530.00,4),(924,'Melodie','Seden','Simister','1971-07-03','2018-11-17',22072.00,1),(925,'Justine','Sinkings','Klaessen','1972-09-20','2011-12-18',62825.00,3),(926,'Bucky','Kells','Friedman','1965-07-17','2010-09-19',54895.00,7),(927,'Scarlett','Paprotny','Chominski','1968-03-17','2010-03-11',49307.00,8),(928,'Alisa','Bustard','Willes','1967-02-07','2017-07-25',64522.00,3),(929,'Steffane','Grubey','Cammis','1975-04-01','2010-07-10',52763.00,7),(930,'Dermot','Hardiker','Fidgeon','1972-11-15','2022-07-26',44258.00,3),(931,'Tina','Kilalea','Laverty','1982-01-25','2013-01-26',73209.00,4),(932,'Welbie','Cobain','Carvill','1986-09-14','2021-05-05',66150.00,10),(933,'Mannie','Spencley','Laytham','1963-04-24','2021-01-26',40106.00,2),(934,'Gerick','Seals','Iddins','1985-03-10','2018-02-17',29394.00,7),(935,'Hazel','Wallman','Kelling','1989-02-06','2017-11-27',24912.00,1),(936,'York','Padfield','Aisthorpe','1981-02-27','2022-03-11',38805.00,8),(937,'Bren','Dron','Furby','1987-11-28','2015-07-01',58509.00,6),(938,'Antoinette','Rosenthal','Chalfont','1980-06-23','2018-01-19',20863.00,5),(939,'Agatha','Vitler','Darben','1973-01-28','2021-06-11',41338.00,7),(940,'Matthias','Sheryn','Ridgley','1989-11-07','2021-01-23',23394.00,4),(941,'Dale','Burchall','Whyteman','1985-04-25','2014-01-30',27499.00,9),(942,'Carin','Saterweyte','Wotton','1964-06-09','2021-12-19',34196.00,11),(943,'Desiri','Sentinella','Bamford','1963-03-07','2021-06-09',69325.00,7),(944,'Kelsy','Feron','Desseine','1982-01-12','2018-05-21',30842.00,1),(945,'Mellie','Conkey','Hardy-Piggin','1984-12-05','2014-12-14',71493.00,4),(946,'Robinson','Dantesia','Vernalls','1967-07-15','2020-12-04',54212.00,2),(947,'Shandee','Matuszewski','Mauchlen','1978-11-05','2015-12-10',27013.00,10),(948,'Kristen','Bushrod','Ferrone','1983-07-30','2012-05-21',52812.00,9),(949,'Vilma','Stoner','Glaves','1979-10-30','2018-03-15',61454.00,3),(950,'Emilio','Adne','Latus','1988-07-17','2018-06-23',51324.00,4),(951,'Lindsay','Eusden','Donoher','1972-02-15','2018-10-03',28366.00,5),(952,'Hebert','Wabb','Theodoris','1977-07-01','2018-01-03',37522.00,2),(953,'Tandi','Hurring','Killich','1980-01-04','2018-01-06',34954.00,6),(954,'Diannne','Hallum','McRory','1979-11-27','2021-02-09',31667.00,11),(955,'Erasmus','Farenden','Pead','1970-03-07','2011-06-14',21714.00,3),(956,'Lucas','Gibard','Hegdonne','1967-12-01','2017-12-15',73263.00,9),(957,'Richmound','Puig','Wigginton','1964-11-19','2015-11-07',39996.00,10),(958,'Lidia','Greetham','Gedge','1981-10-22','2019-02-11',49690.00,7),(959,'Kippy','Eastlake','Havelin','1975-12-08','2018-11-19',20566.00,8),(960,'Michelle','Bricket','Goldthorpe','1967-04-28','2023-03-05',71653.00,11),(961,'Gussy','Sandon','MacPhee','1986-02-26','2010-08-01',53721.00,11),(962,'Griswold','Hunday','Mardle','1981-01-12','2016-03-04',40796.00,10),(963,'Aleta','Ikin','Showering','1984-03-18','2021-09-09',28306.00,11),(964,'Roxy','Cristofori','Beardsworth','1973-06-11','2012-02-10',32593.00,10),(965,'Deane','Bohin','Leng','1969-05-28','2010-07-18',69036.00,2),(966,'Suzann','Freke','Oganian','1975-09-17','2021-05-27',25223.00,3),(967,'Eryn','Souley','Atack','1977-04-22','2013-05-30',39716.00,11),(968,'Hunter','Libbie','Pook','1988-08-08','2012-07-16',41011.00,3),(969,'Elianore','Boscher','Gilardoni','1966-07-31','2016-03-10',28549.00,10),(970,'Bailey','Rickcord','Hassall','1968-02-22','2019-07-25',32880.00,1),(971,'Portie','Taggart','Nathon','1969-02-06','2014-03-19',74850.00,11),(972,'Beatrice','Carney','Fetherby','1980-03-23','2018-10-07',68480.00,6),(973,'Brandise','Gilardone','Bence','1962-12-21','2017-03-29',65729.00,7),(974,'Cchaddie','Pancoust','Clemenson','1965-11-07','2014-01-16',20769.00,10),(975,'Anastassia','Abbison','Boyne','1973-03-06','2015-12-19',60768.00,8),(976,'Stinky','Gilfillan','Tully','1988-03-23','2010-09-09',29035.00,2),(977,'Bobbye','Beacock','Jansey','1969-05-13','2018-05-26',25507.00,10),(978,'Roddy','Asche','Benjefield','1979-08-10','2024-01-31',25936.00,7),(979,'Tricia','Gleed','Brookson','1978-01-15','2018-03-20',47868.00,1),(980,'Kayle','Birdwhistell','Thecham','1977-06-10','2021-09-12',74187.00,10),(981,'Neddie','Custed','Tremolieres','1981-02-14','2020-05-15',71251.00,8),(982,'Hube','Ginnally','Shapira','1973-02-02','2011-04-22',55914.00,10),(983,'Margarita','Parr','Askaw','1988-10-30','2021-08-12',50850.00,11),(984,'Crawford','Goolding','Mattessen','1975-06-21','2020-12-07',56036.00,9),(985,'Barclay','Roach','Diego','1971-01-15','2018-06-20',63279.00,7),(986,'Hendrik','Baldack','Breed','1984-05-26','2023-01-16',68835.00,9),(987,'Grant','Ohms','Simmings','1975-04-07','2011-09-22',23778.00,11),(988,'Korey','Kinneally','McBride','1965-10-06','2021-02-06',20295.00,2),(989,'Randi','Thomsen','Filipowicz','1978-04-06','2012-06-04',47123.00,3),(990,'Adda','Lawlee','Weatherdon','1971-10-23','2012-06-06',39706.00,5),(991,'Ricoriki','Cagan','Aspden','1988-11-08','2019-12-03',26445.00,3),(992,'Jewelle','Egar','Lawlee','1967-03-14','2019-04-08',63652.00,7),(993,'Ursula','De Avenell','Pollastrino','1971-04-05','2015-12-15',57855.00,5),(994,'Carroll','Wreakes','Renfrew','1970-05-25','2019-04-08',44804.00,3),(995,'Thatch','Sheahan','Lambourne','1982-03-03','2023-11-21',54451.00,8),(996,'Glenda','Corstan','Paprotny','1984-04-02','2021-10-06',45176.00,7),(997,'Gretchen','Tabbernor','Sheahan','1966-06-11','2013-03-14',71179.00,8),(998,'Fielding','Dumingos','Corah','1971-12-25','2010-01-17',61325.00,7),(999,'Pat','Creaser','Staning','1973-01-31','2014-01-15',44171.00,4),(1000,'Ruttger','Chifney','Zapatero','1987-06-08','2018-04-03',42249.00,11);
/*!40000 ALTER TABLE `empleados` ENABLE KEYS */;
UNLOCK TABLES;

--
-- Table structure for table `paises`
--

DROP TABLE IF EXISTS `paises`;
/*!40101 SET @saved_cs_client     = @@character_set_client */;
/*!50503 SET character_set_client = utf8mb4 */;
CREATE TABLE `paises` (
  `id` int NOT NULL AUTO_INCREMENT,
  `pais` varchar(30) NOT NULL,
  `ue` tinyint(1) DEFAULT NULL,
  PRIMARY KEY (`id`)
) ENGINE=InnoDB AUTO_INCREMENT=215 DEFAULT CHARSET=utf8mb4 COLLATE=utf8mb4_0900_ai_ci;
/*!40101 SET character_set_client = @saved_cs_client */;

--
-- Dumping data for table `paises`
--

LOCK TABLES `paises` WRITE;
/*!40000 ALTER TABLE `paises` DISABLE KEYS */;
INSERT INTO `paises` VALUES (1,'Afganistn',0),(2,'Albania',0),(3,'Alemania',1),(4,'Algeria',0),(5,'Andorra',0),(6,'Angola',0),(7,'Anguilla',0),(8,'Antigua y Barbuda',0),(9,'Antillas Holandesas',0),(10,'Arabia Saudita',0),(11,'Argentina',0),(12,'Armenia',0),(13,'Aruba',0),(14,'Australia',0),(15,'Austria',1),(16,'Azerbaiyn',0),(17,'Blgica',1),(18,'Bahamas',0),(19,'Bahrein',0),(20,'Bangladesh',0),(21,'Barbados',0),(22,'Belice',0),(23,'Benn',0),(24,'Bermudas',0),(25,'Bielorrusia',0),(26,'Bolivia',0),(27,'Bosnia y Herzegovina',0),(28,'Botsuana',0),(29,'Brasil',0),(30,'Bruni',0),(31,'Bulgaria',1),(32,'Burkina Faso',0),(33,'Burundi',0),(34,'Butn',0),(35,'Cabo Verde',0),(36,'Camboya',0),(37,'Camern',0),(38,'Canad',0),(39,'Chad',0),(40,'Chile',0),(41,'China',0),(42,'Chipre',1),(43,'Colombia',0),(44,'Comores',0),(45,'Congo (Brazzaville)',0),(46,'Congo (Kinshasa)',0),(47,'Cook, Islas',0),(48,'Corea del Norte',0),(49,'Corea del Sur',0),(50,'Costa de Marfil',0),(51,'Costa Rica',0),(52,'Croacia',1),(53,'Cuba',0),(54,'Dinamarca',1),(55,'Djibouti, Yibuti',0),(56,'Ecuador',0),(57,'Egipto',0),(58,'El Salvador',0),(59,'Emiratos rabes Unidos',0),(60,'Eritrea',0),(61,'Eslovaquia',1),(62,'Eslovenia',1),(63,'Espaa',1),(64,'Estados Unidos',0),(65,'Estonia',1),(66,'Etiopa',0),(67,'Feroe, Islas',0),(68,'Filipinas',0),(69,'Finlandia',1),(70,'Fiyi',0),(71,'Francia',1),(72,'Gabn',0),(73,'Gambia',0),(74,'Georgia',0),(75,'Ghana',0),(76,'Gibraltar',0),(77,'Granada',0),(78,'Grecia',1),(79,'Groenlandia',0),(80,'Guadalupe',0),(81,'Guatemala',0),(82,'Guernsey',0),(83,'Guinea',0),(84,'Guinea Ecuatorial',0),(85,'Guinea-Bissau',0),(86,'Guyana',0),(87,'Haiti',0),(88,'Honduras',0),(89,'Hong Kong',0),(90,'Hungra',1),(91,'India',0),(92,'Indonesia',0),(93,'Irn',0),(94,'Irak',0),(95,'Irlanda',1),(96,'Isla Pitcairn',0),(97,'Islandia',0),(98,'Islas Salomn',0),(99,'Islas Turcas y Caicos',0),(100,'Islas Virgenes Britnicas',0),(101,'Israel',0),(102,'Italia',1),(103,'Jamaica',0),(104,'Japn',0),(105,'Jersey',0),(106,'Jordania',0),(107,'Kazajstn',0),(108,'Kenia',0),(109,'Kirguistn',0),(110,'Kiribati',0),(111,'Kuwait',0),(112,'Lbano',0),(113,'Laos',0),(114,'Lesotho',0),(115,'Letonia',1),(116,'Liberia',0),(117,'Libia',0),(118,'Liechtenstein',0),(119,'Lituania',1),(120,'Luxemburgo',1),(121,'Mxico',0),(122,'Mnaco',0),(123,'Macedonia',0),(124,'Madagascar',0),(125,'Mal',0),(126,'Malasia',0),(127,'Malawi',0),(128,'Maldivas',0),(129,'Malta',1),(130,'Man, Isla de',0),(131,'Marruecos',0),(132,'Martinica',0),(133,'Mauricio',0),(134,'Mauritania',0),(135,'Moldavia',0),(136,'Mongolia',0),(137,'Mozambique',0),(138,'Myanmar',0),(139,'Nger',0),(140,'Namibia',0),(141,'Nauru',0),(142,'Nepal',0),(143,'Nicaragua',0),(144,'Nigeria',0),(145,'Norfolk Island',0),(146,'Noruega',0),(147,'Nueva Caledonia',0),(148,'Nueva Zelanda',0),(149,'Omn',0),(150,'Pases Bajos, Holanda',1),(151,'Pakistn',0),(152,'Panam',0),(153,'Papa-Nueva Guinea',0),(154,'Paraguay',0),(155,'Per',0),(156,'Polinesia Francesa',0),(157,'Polonia',1),(158,'Portugal',1),(159,'Puerto Rico',0),(160,'Qatar',0),(161,'Reino Unido',0),(162,'Repblica Checa',1),(163,'Repblica Dominicana',0),(164,'Reunin',0),(165,'Ruanda',0),(166,'Rumana',1),(167,'Rusia',0),(168,'Shara Occidental',0),(169,'Samoa',0),(170,'San Cristobal y Nevis',0),(171,'San Marino',0),(172,'San Pedro y Miqueln',0),(173,'San Tom y Prncipe',0),(174,'San Vincente y Granadinas',0),(175,'Santa Elena',0),(176,'Santa Luca',0),(177,'Senegal',0),(178,'Serbia y Montenegro',0),(179,'Seychelles',0),(180,'Sierra Leona',0),(181,'Singapur',0),(182,'Siria',0),(183,'Somalia',0),(184,'Sri Lanka',0),(185,'Sudfrica',0),(186,'Sudn',0),(187,'Suecia',1),(188,'Suiza',0),(189,'Surinam',0),(190,'Swazilandia',0),(191,'Tadjikistan',0),(192,'Tailandia',0),(193,'Taiwan',0),(194,'Tanzania',0),(195,'Tnez',0),(196,'Timor Oriental',0),(197,'Togo',0),(198,'Tokelau',0),(199,'Tonga',0),(200,'Trinidad y Tobago',0),(201,'Turkmenistan',0),(202,'Turqua',0),(203,'Tuvalu',0),(204,'Ucrania',0),(205,'Uganda',0),(206,'Uruguay',0),(207,'Uzbekistn',0),(208,'Vanuatu',0),(209,'Venezuela',0),(210,'Vietnam',0),(211,'Wallis y Futuna',0),(212,'Yemen',0),(213,'Zambia',0),(214,'Zimbabwe',0);
/*!40000 ALTER TABLE `paises` ENABLE KEYS */;
UNLOCK TABLES;

--
-- Table structure for table `pedidos`
--

DROP TABLE IF EXISTS `pedidos`;
/*!40101 SET @saved_cs_client     = @@character_set_client */;
/*!50503 SET character_set_client = utf8mb4 */;
CREATE TABLE `pedidos` (
  `id` int NOT NULL AUTO_INCREMENT,
  `fecha` datetime NOT NULL,
  `id_cliente` int NOT NULL,
  `id_vendedor` int NOT NULL,
  PRIMARY KEY (`id`),
  KEY `id_cliente` (`id_cliente`),
  KEY `id_vendedor` (`id_vendedor`),
  CONSTRAINT `pedidos_ibfk_1` FOREIGN KEY (`id_cliente`) REFERENCES `clientes` (`id`) ON UPDATE CASCADE,
  CONSTRAINT `pedidos_ibfk_2` FOREIGN KEY (`id_vendedor`) REFERENCES `empleados` (`id`) ON UPDATE CASCADE
) ENGINE=InnoDB AUTO_INCREMENT=1001 DEFAULT CHARSET=utf8mb4 COLLATE=utf8mb4_0900_ai_ci;
/*!40101 SET character_set_client = @saved_cs_client */;

--
-- Dumping data for table `pedidos`
--

LOCK TABLES `pedidos` WRITE;
/*!40000 ALTER TABLE `pedidos` DISABLE KEYS */;
INSERT INTO `pedidos` VALUES (1,'2017-03-21 00:00:00',842,756),(2,'2016-06-24 00:00:00',931,572),(3,'2018-10-09 00:00:00',154,38),(4,'2011-08-08 00:00:00',272,840),(5,'2021-08-12 00:00:00',515,353),(6,'2023-12-19 00:00:00',357,17),(7,'2024-01-03 00:00:00',123,84),(8,'2014-06-06 00:00:00',696,790),(9,'2024-01-27 00:00:00',521,337),(10,'2022-02-07 00:00:00',488,565),(11,'2020-02-23 00:00:00',701,84),(12,'2014-03-12 00:00:00',973,777),(13,'2021-09-17 00:00:00',159,38),(14,'2015-02-11 00:00:00',642,364),(15,'2014-04-09 00:00:00',652,787),(16,'2020-08-05 00:00:00',803,95),(17,'2012-09-21 00:00:00',192,463),(18,'2020-12-09 00:00:00',219,840),(19,'2021-10-04 00:00:00',273,181),(20,'2016-04-09 00:00:00',25,703),(21,'2011-02-14 00:00:00',994,777),(22,'2022-07-18 00:00:00',169,935),(23,'2011-09-12 00:00:00',370,803),(24,'2018-07-05 00:00:00',97,821),(25,'2014-10-06 00:00:00',118,789),(26,'2021-01-03 00:00:00',573,858),(27,'2013-08-20 00:00:00',578,777),(28,'2014-01-24 00:00:00',97,219),(29,'2012-01-25 00:00:00',867,638),(30,'2018-02-17 00:00:00',119,453),(31,'2017-10-09 00:00:00',766,565),(32,'2023-03-30 00:00:00',313,192),(33,'2016-02-13 00:00:00',402,833),(34,'2014-02-24 00:00:00',204,219),(35,'2019-01-01 00:00:00',213,337),(36,'2016-07-17 00:00:00',450,924),(37,'2019-09-25 00:00:00',897,659),(38,'2012-09-09 00:00:00',699,790),(39,'2017-09-20 00:00:00',837,935),(40,'2022-11-07 00:00:00',783,790),(41,'2011-04-20 00:00:00',425,935),(42,'2017-10-31 00:00:00',438,777),(43,'2014-06-27 00:00:00',523,151),(44,'2017-05-27 00:00:00',635,885),(45,'2021-12-05 00:00:00',30,219),(46,'2013-03-27 00:00:00',855,371),(47,'2012-09-17 00:00:00',502,970),(48,'2020-08-12 00:00:00',475,496),(49,'2020-03-31 00:00:00',739,610),(50,'2017-09-09 00:00:00',195,610),(51,'2017-06-16 00:00:00',49,777),(52,'2016-05-05 00:00:00',934,565),(53,'2022-11-20 00:00:00',177,790),(54,'2016-05-17 00:00:00',809,833),(55,'2018-02-28 00:00:00',490,572),(56,'2019-01-25 00:00:00',392,893),(57,'2011-03-09 00:00:00',565,192),(58,'2016-06-11 00:00:00',383,192),(59,'2013-08-22 00:00:00',23,914),(60,'2016-11-23 00:00:00',623,864),(61,'2019-02-09 00:00:00',131,124),(62,'2019-12-11 00:00:00',107,924),(63,'2017-07-08 00:00:00',504,424),(64,'2021-07-17 00:00:00',669,587),(65,'2012-05-10 00:00:00',769,151),(66,'2015-10-25 00:00:00',755,789),(67,'2015-10-12 00:00:00',672,192),(68,'2018-05-12 00:00:00',169,36),(69,'2017-12-17 00:00:00',121,944),(70,'2019-12-21 00:00:00',573,372),(71,'2019-06-17 00:00:00',243,64),(72,'2020-10-12 00:00:00',961,192),(73,'2020-11-06 00:00:00',950,511),(74,'2013-10-21 00:00:00',775,249),(75,'2018-08-17 00:00:00',127,17),(76,'2013-03-18 00:00:00',147,219),(77,'2014-01-20 00:00:00',935,151),(78,'2021-03-08 00:00:00',110,249),(79,'2018-12-22 00:00:00',558,678),(80,'2023-05-22 00:00:00',129,337),(81,'2023-12-31 00:00:00',338,458),(82,'2013-02-10 00:00:00',582,271),(83,'2012-10-07 00:00:00',762,767),(84,'2011-09-13 00:00:00',654,519),(85,'2015-03-01 00:00:00',604,659),(86,'2016-08-21 00:00:00',672,754),(87,'2021-12-09 00:00:00',847,756),(88,'2016-10-11 00:00:00',568,555),(89,'2022-11-04 00:00:00',585,482),(90,'2021-07-13 00:00:00',805,80),(91,'2012-10-19 00:00:00',219,755),(92,'2018-05-25 00:00:00',146,678),(93,'2022-10-11 00:00:00',27,84),(94,'2011-12-19 00:00:00',409,675),(95,'2014-09-13 00:00:00',603,638),(96,'2015-01-11 00:00:00',9,95),(97,'2017-03-01 00:00:00',529,364),(98,'2021-03-26 00:00:00',752,424),(99,'2014-06-10 00:00:00',627,387),(100,'2022-06-14 00:00:00',315,924),(101,'2023-08-08 00:00:00',518,364),(102,'2024-01-15 00:00:00',924,201),(103,'2022-08-20 00:00:00',730,622),(104,'2019-10-24 00:00:00',551,529),(105,'2023-09-06 00:00:00',943,519),(106,'2012-12-18 00:00:00',302,678),(107,'2019-02-03 00:00:00',503,36),(108,'2011-09-29 00:00:00',149,151),(109,'2018-09-02 00:00:00',708,441),(110,'2011-10-20 00:00:00',89,659),(111,'2018-10-16 00:00:00',438,678),(112,'2018-09-01 00:00:00',808,756),(113,'2020-12-15 00:00:00',682,441),(114,'2014-06-04 00:00:00',101,622),(115,'2012-05-09 00:00:00',758,840),(116,'2011-09-24 00:00:00',944,155),(117,'2012-08-14 00:00:00',13,885),(118,'2015-02-16 00:00:00',17,95),(119,'2023-11-20 00:00:00',237,763),(120,'2014-05-27 00:00:00',4,118),(121,'2011-12-17 00:00:00',830,935),(122,'2022-11-06 00:00:00',919,309),(123,'2012-05-25 00:00:00',469,596),(124,'2016-06-12 00:00:00',641,914),(125,'2017-04-24 00:00:00',511,337),(126,'2017-06-01 00:00:00',813,372),(127,'2019-12-16 00:00:00',476,474),(128,'2020-07-27 00:00:00',635,610),(129,'2022-04-29 00:00:00',160,187),(130,'2021-05-07 00:00:00',561,596),(131,'2011-05-14 00:00:00',41,787),(132,'2017-12-11 00:00:00',904,477),(133,'2022-12-18 00:00:00',651,622),(134,'2015-05-30 00:00:00',505,17),(135,'2019-08-21 00:00:00',841,187),(136,'2014-02-25 00:00:00',258,246),(137,'2012-07-17 00:00:00',455,474),(138,'2022-10-10 00:00:00',702,446),(139,'2015-05-13 00:00:00',244,756),(140,'2017-03-23 00:00:00',507,424),(141,'2018-02-23 00:00:00',293,38),(142,'2023-01-19 00:00:00',196,529),(143,'2021-05-14 00:00:00',110,685),(144,'2019-02-17 00:00:00',724,970),(145,'2024-02-14 00:00:00',103,610),(146,'2023-11-16 00:00:00',19,858),(147,'2014-09-21 00:00:00',708,754),(148,'2019-03-16 00:00:00',538,610),(149,'2012-02-09 00:00:00',720,371),(150,'2018-05-07 00:00:00',368,832),(151,'2016-02-16 00:00:00',643,487),(152,'2011-07-01 00:00:00',237,17),(153,'2018-12-26 00:00:00',422,424),(154,'2015-06-25 00:00:00',688,773),(155,'2015-09-20 00:00:00',74,596),(156,'2013-04-21 00:00:00',569,463),(157,'2017-07-22 00:00:00',63,353),(158,'2012-08-19 00:00:00',10,833),(159,'2012-05-22 00:00:00',274,219),(160,'2016-06-10 00:00:00',443,970),(161,'2022-05-16 00:00:00',960,463),(162,'2020-11-04 00:00:00',758,15),(163,'2019-03-03 00:00:00',959,610),(164,'2014-01-17 00:00:00',410,17),(165,'2013-08-14 00:00:00',785,477),(166,'2021-08-04 00:00:00',420,364),(167,'2022-09-22 00:00:00',276,496),(168,'2016-02-01 00:00:00',253,935),(169,'2017-05-06 00:00:00',670,754),(170,'2019-08-07 00:00:00',190,885),(171,'2022-02-02 00:00:00',453,15),(172,'2016-02-04 00:00:00',401,424),(173,'2013-08-30 00:00:00',171,95),(174,'2021-01-31 00:00:00',9,151),(175,'2017-07-27 00:00:00',52,638),(176,'2021-07-02 00:00:00',676,424),(177,'2011-09-24 00:00:00',776,36),(178,'2014-10-24 00:00:00',644,597),(179,'2018-02-24 00:00:00',293,833),(180,'2018-10-09 00:00:00',429,38),(181,'2014-10-09 00:00:00',233,675),(182,'2012-06-22 00:00:00',538,477),(183,'2015-02-25 00:00:00',186,271),(184,'2013-01-06 00:00:00',172,371),(185,'2011-02-13 00:00:00',361,109),(186,'2019-10-13 00:00:00',255,979),(187,'2022-05-17 00:00:00',672,337),(188,'2013-02-22 00:00:00',266,109),(189,'2013-02-09 00:00:00',772,746),(190,'2023-08-16 00:00:00',141,767),(191,'2020-01-22 00:00:00',772,735),(192,'2017-05-04 00:00:00',904,181),(193,'2015-03-07 00:00:00',535,487),(194,'2021-08-22 00:00:00',903,424),(195,'2011-03-12 00:00:00',38,864),(196,'2016-11-07 00:00:00',142,596),(197,'2021-07-15 00:00:00',250,777),(198,'2017-07-21 00:00:00',395,414),(199,'2019-01-23 00:00:00',702,756),(200,'2012-01-31 00:00:00',624,767),(201,'2022-08-26 00:00:00',789,36),(202,'2018-07-15 00:00:00',87,249),(203,'2020-07-03 00:00:00',251,833),(204,'2016-08-03 00:00:00',197,735),(205,'2012-11-13 00:00:00',813,767),(206,'2016-07-04 00:00:00',799,371),(207,'2016-07-18 00:00:00',537,38),(208,'2013-09-12 00:00:00',264,95),(209,'2023-10-06 00:00:00',917,271),(210,'2013-10-15 00:00:00',155,935),(211,'2017-05-09 00:00:00',843,789),(212,'2020-02-03 00:00:00',178,787),(213,'2015-08-20 00:00:00',966,703),(214,'2012-01-04 00:00:00',918,555),(215,'2013-06-17 00:00:00',560,519),(216,'2016-12-11 00:00:00',948,935),(217,'2017-11-23 00:00:00',639,840),(218,'2021-10-24 00:00:00',887,184),(219,'2015-03-08 00:00:00',764,638),(220,'2023-05-04 00:00:00',600,659),(221,'2018-11-22 00:00:00',857,372),(222,'2017-05-23 00:00:00',962,364),(223,'2019-09-12 00:00:00',199,864),(224,'2018-09-20 00:00:00',505,353),(225,'2015-05-21 00:00:00',547,519),(226,'2021-09-19 00:00:00',382,337),(227,'2018-05-27 00:00:00',152,859),(228,'2019-11-15 00:00:00',206,424),(229,'2011-01-10 00:00:00',242,187),(230,'2020-09-09 00:00:00',92,825),(231,'2014-12-01 00:00:00',216,424),(232,'2021-04-20 00:00:00',374,620),(233,'2015-08-25 00:00:00',24,756),(234,'2012-11-13 00:00:00',665,572),(235,'2020-02-10 00:00:00',898,555),(236,'2011-12-08 00:00:00',821,864),(237,'2015-09-02 00:00:00',558,36),(238,'2018-09-22 00:00:00',159,738),(239,'2016-01-12 00:00:00',943,309),(240,'2016-03-15 00:00:00',315,686),(241,'2022-08-07 00:00:00',972,184),(242,'2019-01-04 00:00:00',950,155),(243,'2022-05-17 00:00:00',368,924),(244,'2022-07-17 00:00:00',22,424),(245,'2011-09-29 00:00:00',160,246),(246,'2020-09-21 00:00:00',814,832),(247,'2012-01-09 00:00:00',806,84),(248,'2018-02-28 00:00:00',473,121),(249,'2018-11-09 00:00:00',920,184),(250,'2017-09-12 00:00:00',255,511),(251,'2015-11-21 00:00:00',415,17),(252,'2014-03-27 00:00:00',954,155),(253,'2020-10-15 00:00:00',609,935),(254,'2012-08-04 00:00:00',330,453),(255,'2020-02-08 00:00:00',246,555),(256,'2022-12-15 00:00:00',314,309),(257,'2014-09-14 00:00:00',901,181),(258,'2013-08-30 00:00:00',816,124),(259,'2012-12-19 00:00:00',75,825),(260,'2013-05-20 00:00:00',801,519),(261,'2017-05-18 00:00:00',119,555),(262,'2014-06-28 00:00:00',7,756),(263,'2020-12-27 00:00:00',638,914),(264,'2017-04-07 00:00:00',743,181),(265,'2021-07-23 00:00:00',781,789),(266,'2020-03-06 00:00:00',598,453),(267,'2019-10-17 00:00:00',313,859),(268,'2018-11-18 00:00:00',492,118),(269,'2012-10-04 00:00:00',239,187),(270,'2020-09-11 00:00:00',500,596),(271,'2016-10-30 00:00:00',725,859),(272,'2023-07-23 00:00:00',478,219),(273,'2016-08-06 00:00:00',206,529),(274,'2012-02-06 00:00:00',195,192),(275,'2022-03-29 00:00:00',802,496),(276,'2016-09-01 00:00:00',390,756),(277,'2011-01-01 00:00:00',583,773),(278,'2022-04-02 00:00:00',805,789),(279,'2020-07-23 00:00:00',311,885),(280,'2016-03-24 00:00:00',906,935),(281,'2023-02-14 00:00:00',626,387),(282,'2014-01-18 00:00:00',260,970),(283,'2013-09-21 00:00:00',850,38),(284,'2016-03-13 00:00:00',439,675),(285,'2015-11-02 00:00:00',602,511),(286,'2012-01-12 00:00:00',649,446),(287,'2015-03-08 00:00:00',768,840),(288,'2018-09-07 00:00:00',794,458),(289,'2013-11-29 00:00:00',932,463),(290,'2018-02-18 00:00:00',83,767),(291,'2014-11-30 00:00:00',478,610),(292,'2016-01-04 00:00:00',946,755),(293,'2013-08-21 00:00:00',45,825),(294,'2018-08-23 00:00:00',6,496),(295,'2011-11-16 00:00:00',538,118),(296,'2020-08-21 00:00:00',849,424),(297,'2013-11-21 00:00:00',9,738),(298,'2014-11-05 00:00:00',863,893),(299,'2015-08-18 00:00:00',414,832),(300,'2011-10-11 00:00:00',956,458),(301,'2019-04-15 00:00:00',641,496),(302,'2015-05-26 00:00:00',108,864),(303,'2013-11-30 00:00:00',304,219),(304,'2012-08-17 00:00:00',474,309),(305,'2022-05-25 00:00:00',637,596),(306,'2020-06-09 00:00:00',501,337),(307,'2018-09-03 00:00:00',23,187),(308,'2012-04-23 00:00:00',119,474),(309,'2021-06-01 00:00:00',737,64),(310,'2014-11-13 00:00:00',366,825),(311,'2021-02-19 00:00:00',334,970),(312,'2020-09-01 00:00:00',242,622),(313,'2016-12-14 00:00:00',834,756),(314,'2018-08-21 00:00:00',23,738),(315,'2014-05-25 00:00:00',250,787),(316,'2013-07-11 00:00:00',79,686),(317,'2020-05-05 00:00:00',673,17),(318,'2018-09-20 00:00:00',300,787),(319,'2012-06-25 00:00:00',26,219),(320,'2012-06-16 00:00:00',456,337),(321,'2021-03-23 00:00:00',407,587),(322,'2022-05-06 00:00:00',959,893),(323,'2018-10-03 00:00:00',75,463),(324,'2016-01-30 00:00:00',463,463),(325,'2024-01-27 00:00:00',605,821),(326,'2016-09-11 00:00:00',396,914),(327,'2013-09-08 00:00:00',437,893),(328,'2023-05-25 00:00:00',645,364),(329,'2012-07-10 00:00:00',56,109),(330,'2013-09-25 00:00:00',723,738),(331,'2021-10-04 00:00:00',891,675),(332,'2020-05-16 00:00:00',105,738),(333,'2011-02-27 00:00:00',823,773),(334,'2012-07-30 00:00:00',744,17),(335,'2011-03-17 00:00:00',106,859),(336,'2012-01-28 00:00:00',351,924),(337,'2017-11-17 00:00:00',114,587),(338,'2019-09-05 00:00:00',604,565),(339,'2016-02-21 00:00:00',650,364),(340,'2024-02-15 00:00:00',965,446),(341,'2020-02-05 00:00:00',907,610),(342,'2023-09-16 00:00:00',714,587),(343,'2016-09-26 00:00:00',829,787),(344,'2015-11-24 00:00:00',88,597),(345,'2016-03-03 00:00:00',988,343),(346,'2013-08-03 00:00:00',1,735),(347,'2013-11-18 00:00:00',1000,187),(348,'2011-05-24 00:00:00',832,821),(349,'2014-06-30 00:00:00',670,424),(350,'2021-01-22 00:00:00',7,529),(351,'2020-05-05 00:00:00',962,859),(352,'2021-01-19 00:00:00',569,622),(353,'2012-09-08 00:00:00',903,155),(354,'2019-07-01 00:00:00',788,832),(355,'2022-10-26 00:00:00',115,596),(356,'2022-10-09 00:00:00',812,746),(357,'2017-11-21 00:00:00',154,441),(358,'2011-05-13 00:00:00',7,441),(359,'2012-04-06 00:00:00',471,825),(360,'2022-12-19 00:00:00',420,155),(361,'2016-10-13 00:00:00',267,735),(362,'2014-10-12 00:00:00',389,387),(363,'2012-05-24 00:00:00',242,596),(364,'2013-09-27 00:00:00',990,821),(365,'2013-06-29 00:00:00',115,463),(366,'2011-01-14 00:00:00',295,767),(367,'2016-11-02 00:00:00',971,803),(368,'2018-10-16 00:00:00',311,662),(369,'2022-03-22 00:00:00',488,935),(370,'2019-09-21 00:00:00',787,424),(371,'2018-07-19 00:00:00',570,84),(372,'2019-10-31 00:00:00',336,790),(373,'2013-04-26 00:00:00',382,80),(374,'2024-02-28 00:00:00',247,453),(375,'2015-02-06 00:00:00',979,885),(376,'2021-04-03 00:00:00',151,685),(377,'2019-09-05 00:00:00',49,686),(378,'2023-08-24 00:00:00',693,38),(379,'2013-06-27 00:00:00',144,970),(380,'2012-06-20 00:00:00',248,596),(381,'2013-02-17 00:00:00',517,487),(382,'2014-10-11 00:00:00',766,735),(383,'2020-09-11 00:00:00',99,246),(384,'2011-05-15 00:00:00',109,463),(385,'2013-06-23 00:00:00',302,659),(386,'2020-02-27 00:00:00',596,944),(387,'2015-03-19 00:00:00',425,703),(388,'2023-05-09 00:00:00',942,790),(389,'2015-10-21 00:00:00',578,343),(390,'2015-11-25 00:00:00',515,64),(391,'2011-07-29 00:00:00',606,803),(392,'2018-06-07 00:00:00',998,187),(393,'2011-12-06 00:00:00',595,944),(394,'2013-11-24 00:00:00',64,184),(395,'2020-12-19 00:00:00',49,145),(396,'2016-09-08 00:00:00',595,979),(397,'2014-12-20 00:00:00',589,155),(398,'2013-12-22 00:00:00',990,767),(399,'2023-04-09 00:00:00',496,754),(400,'2020-10-27 00:00:00',498,832),(401,'2018-07-11 00:00:00',556,441),(402,'2011-07-12 00:00:00',687,659),(403,'2023-12-08 00:00:00',932,703),(404,'2012-09-18 00:00:00',494,372),(405,'2020-04-28 00:00:00',389,790),(406,'2017-09-10 00:00:00',962,458),(407,'2023-10-16 00:00:00',196,587),(408,'2012-09-08 00:00:00',948,219),(409,'2023-07-05 00:00:00',45,825),(410,'2017-08-30 00:00:00',894,756),(411,'2017-10-23 00:00:00',722,84),(412,'2021-11-20 00:00:00',505,219),(413,'2021-02-25 00:00:00',405,686),(414,'2023-04-23 00:00:00',962,387),(415,'2021-04-07 00:00:00',765,763),(416,'2021-12-26 00:00:00',114,184),(417,'2016-06-20 00:00:00',930,187),(418,'2020-07-22 00:00:00',670,755),(419,'2020-04-08 00:00:00',938,620),(420,'2017-04-15 00:00:00',846,924),(421,'2015-08-24 00:00:00',155,773),(422,'2014-06-27 00:00:00',879,155),(423,'2011-01-18 00:00:00',706,353),(424,'2015-03-21 00:00:00',144,587),(425,'2019-03-05 00:00:00',120,859),(426,'2019-12-19 00:00:00',614,914),(427,'2016-06-11 00:00:00',843,17),(428,'2022-10-05 00:00:00',210,387),(429,'2021-09-21 00:00:00',809,474),(430,'2013-10-18 00:00:00',538,372),(431,'2022-11-04 00:00:00',390,773),(432,'2023-09-17 00:00:00',296,64),(433,'2012-10-19 00:00:00',411,219),(434,'2014-10-13 00:00:00',98,596),(435,'2014-02-06 00:00:00',771,372),(436,'2013-06-10 00:00:00',807,181),(437,'2019-07-19 00:00:00',624,821),(438,'2013-09-19 00:00:00',396,738),(439,'2012-12-04 00:00:00',207,145),(440,'2023-01-18 00:00:00',95,638),(441,'2012-11-16 00:00:00',340,482),(442,'2019-04-23 00:00:00',162,756),(443,'2011-02-26 00:00:00',334,832),(444,'2014-08-18 00:00:00',66,474),(445,'2011-09-22 00:00:00',612,201),(446,'2013-07-12 00:00:00',612,343),(447,'2022-04-12 00:00:00',582,424),(448,'2019-01-20 00:00:00',117,109),(449,'2020-10-21 00:00:00',83,885),(450,'2021-02-14 00:00:00',221,746),(451,'2018-03-27 00:00:00',934,662),(452,'2014-05-06 00:00:00',406,979),(453,'2019-10-02 00:00:00',3,555),(454,'2022-04-02 00:00:00',112,95),(455,'2018-06-03 00:00:00',244,458),(456,'2017-12-08 00:00:00',540,675),(457,'2014-08-09 00:00:00',131,777),(458,'2011-08-14 00:00:00',681,833),(459,'2014-04-02 00:00:00',101,529),(460,'2013-11-20 00:00:00',394,511),(461,'2020-10-01 00:00:00',362,675),(462,'2013-09-21 00:00:00',479,924),(463,'2014-04-19 00:00:00',908,858),(464,'2021-04-05 00:00:00',898,453),(465,'2012-07-03 00:00:00',93,424),(466,'2016-02-27 00:00:00',397,201),(467,'2015-04-20 00:00:00',932,746),(468,'2012-10-01 00:00:00',164,482),(469,'2013-05-24 00:00:00',277,821),(470,'2021-10-26 00:00:00',848,36),(471,'2015-07-12 00:00:00',945,755),(472,'2020-08-30 00:00:00',105,118),(473,'2015-10-15 00:00:00',881,678),(474,'2016-03-05 00:00:00',728,789),(475,'2019-02-15 00:00:00',241,924),(476,'2018-12-10 00:00:00',968,944),(477,'2015-02-18 00:00:00',448,364),(478,'2016-01-05 00:00:00',46,787),(479,'2012-10-10 00:00:00',986,833),(480,'2015-07-30 00:00:00',273,15),(481,'2019-07-06 00:00:00',811,789),(482,'2015-01-13 00:00:00',125,145),(483,'2023-06-19 00:00:00',78,825),(484,'2016-07-27 00:00:00',149,790),(485,'2018-03-23 00:00:00',851,184),(486,'2021-07-31 00:00:00',333,371),(487,'2022-02-26 00:00:00',779,832),(488,'2023-07-14 00:00:00',479,763),(489,'2012-05-27 00:00:00',747,80),(490,'2011-07-04 00:00:00',754,893),(491,'2015-09-11 00:00:00',881,777),(492,'2011-09-04 00:00:00',416,686),(493,'2013-01-26 00:00:00',531,17),(494,'2016-03-25 00:00:00',771,453),(495,'2020-10-07 00:00:00',790,118),(496,'2011-03-07 00:00:00',287,610),(497,'2013-10-16 00:00:00',325,387),(498,'2014-06-22 00:00:00',458,364),(499,'2020-01-30 00:00:00',107,789),(500,'2022-01-21 00:00:00',647,622),(501,'2011-05-27 00:00:00',687,746),(502,'2018-07-04 00:00:00',298,610),(503,'2016-07-24 00:00:00',639,192),(504,'2021-09-21 00:00:00',434,587),(505,'2015-01-15 00:00:00',97,372),(506,'2021-11-21 00:00:00',234,36),(507,'2019-07-14 00:00:00',740,555),(508,'2021-10-04 00:00:00',187,587),(509,'2011-08-10 00:00:00',58,755),(510,'2020-05-08 00:00:00',243,638),(511,'2012-03-09 00:00:00',758,124),(512,'2014-08-20 00:00:00',868,620),(513,'2014-10-12 00:00:00',424,482),(514,'2020-06-13 00:00:00',802,387),(515,'2021-08-03 00:00:00',202,463),(516,'2017-07-12 00:00:00',233,155),(517,'2014-02-02 00:00:00',397,678),(518,'2016-12-18 00:00:00',339,735),(519,'2022-03-10 00:00:00',181,821),(520,'2017-12-31 00:00:00',304,754),(521,'2011-04-05 00:00:00',33,145),(522,'2020-08-31 00:00:00',868,773),(523,'2019-07-07 00:00:00',577,424),(524,'2023-12-03 00:00:00',189,803),(525,'2015-01-29 00:00:00',883,763),(526,'2014-11-13 00:00:00',484,446),(527,'2013-11-04 00:00:00',705,703),(528,'2011-07-08 00:00:00',59,755),(529,'2019-12-11 00:00:00',460,970),(530,'2022-10-02 00:00:00',29,219),(531,'2012-03-01 00:00:00',79,565),(532,'2019-07-07 00:00:00',139,685),(533,'2022-11-10 00:00:00',568,463),(534,'2022-06-26 00:00:00',194,387),(535,'2019-12-27 00:00:00',178,756),(536,'2022-09-19 00:00:00',532,859),(537,'2013-12-16 00:00:00',828,446),(538,'2020-11-30 00:00:00',557,303),(539,'2022-11-20 00:00:00',972,746),(540,'2012-11-08 00:00:00',63,458),(541,'2020-08-18 00:00:00',341,638),(542,'2021-11-07 00:00:00',276,496),(543,'2016-01-29 00:00:00',669,638),(544,'2014-04-07 00:00:00',829,746),(545,'2017-04-25 00:00:00',34,638),(546,'2012-08-21 00:00:00',88,885),(547,'2013-07-03 00:00:00',750,201),(548,'2012-07-01 00:00:00',782,622),(549,'2017-03-10 00:00:00',836,519),(550,'2021-12-27 00:00:00',904,893),(551,'2017-11-16 00:00:00',682,181),(552,'2019-11-09 00:00:00',671,64),(553,'2015-09-03 00:00:00',124,678),(554,'2018-05-25 00:00:00',875,864),(555,'2023-03-07 00:00:00',82,387),(556,'2021-09-30 00:00:00',904,555),(557,'2013-09-03 00:00:00',614,864),(558,'2014-06-14 00:00:00',527,36),(559,'2023-02-06 00:00:00',449,803),(560,'2012-03-27 00:00:00',544,303),(561,'2013-02-13 00:00:00',48,787),(562,'2017-03-12 00:00:00',393,572),(563,'2013-10-25 00:00:00',115,36),(564,'2018-07-10 00:00:00',907,424),(565,'2011-11-13 00:00:00',138,474),(566,'2011-09-07 00:00:00',10,529),(567,'2022-10-06 00:00:00',446,309),(568,'2019-09-10 00:00:00',370,482),(569,'2011-10-02 00:00:00',311,659),(570,'2019-08-27 00:00:00',920,763),(571,'2014-02-12 00:00:00',560,686),(572,'2012-07-10 00:00:00',700,343),(573,'2016-05-28 00:00:00',473,864),(574,'2014-02-08 00:00:00',787,620),(575,'2023-09-21 00:00:00',505,773),(576,'2018-01-28 00:00:00',915,703),(577,'2011-05-02 00:00:00',865,803),(578,'2016-02-12 00:00:00',991,458),(579,'2011-07-10 00:00:00',607,95),(580,'2012-06-16 00:00:00',144,825),(581,'2016-01-25 00:00:00',809,597),(582,'2022-05-14 00:00:00',469,935),(583,'2011-12-21 00:00:00',645,773),(584,'2022-06-11 00:00:00',262,864),(585,'2017-12-29 00:00:00',391,371),(586,'2017-05-16 00:00:00',943,924),(587,'2012-05-15 00:00:00',382,337),(588,'2018-06-15 00:00:00',889,192),(589,'2021-04-13 00:00:00',294,246),(590,'2020-09-02 00:00:00',204,840),(591,'2011-01-29 00:00:00',195,638),(592,'2014-05-01 00:00:00',381,756),(593,'2022-04-01 00:00:00',523,511),(594,'2024-03-03 00:00:00',218,859),(595,'2023-06-05 00:00:00',585,36),(596,'2021-06-18 00:00:00',359,587),(597,'2016-08-23 00:00:00',952,474),(598,'2019-05-24 00:00:00',111,463),(599,'2018-12-21 00:00:00',831,738),(600,'2015-03-05 00:00:00',660,755),(601,'2019-07-14 00:00:00',104,738),(602,'2019-03-29 00:00:00',417,17),(603,'2023-05-15 00:00:00',190,387),(604,'2022-12-06 00:00:00',735,924),(605,'2019-10-02 00:00:00',989,738),(606,'2023-01-17 00:00:00',917,685),(607,'2019-09-24 00:00:00',290,746),(608,'2011-01-30 00:00:00',823,935),(609,'2020-06-10 00:00:00',565,446),(610,'2015-06-04 00:00:00',430,181),(611,'2016-03-08 00:00:00',944,337),(612,'2023-12-10 00:00:00',72,511),(613,'2015-08-07 00:00:00',987,565),(614,'2017-10-28 00:00:00',169,80),(615,'2019-08-11 00:00:00',72,825),(616,'2012-07-21 00:00:00',710,118),(617,'2024-01-25 00:00:00',748,446),(618,'2019-10-19 00:00:00',940,458),(619,'2013-01-22 00:00:00',679,414),(620,'2023-05-16 00:00:00',813,364),(621,'2023-05-07 00:00:00',324,685),(622,'2023-05-11 00:00:00',205,109),(623,'2023-11-19 00:00:00',804,832),(624,'2019-07-16 00:00:00',454,755),(625,'2021-01-11 00:00:00',211,864),(626,'2015-05-16 00:00:00',1000,763),(627,'2018-08-22 00:00:00',629,638),(628,'2019-01-31 00:00:00',641,145),(629,'2015-02-09 00:00:00',305,678),(630,'2018-12-23 00:00:00',594,155),(631,'2022-04-28 00:00:00',908,970),(632,'2022-02-17 00:00:00',963,38),(633,'2017-07-06 00:00:00',814,446),(634,'2012-11-20 00:00:00',743,249),(635,'2022-10-13 00:00:00',747,337),(636,'2023-04-24 00:00:00',774,249),(637,'2011-08-15 00:00:00',363,787),(638,'2015-09-16 00:00:00',306,777),(639,'2013-11-11 00:00:00',628,487),(640,'2014-12-31 00:00:00',971,686),(641,'2014-04-06 00:00:00',656,858),(642,'2023-04-22 00:00:00',160,441),(643,'2013-07-24 00:00:00',109,755),(644,'2015-11-26 00:00:00',732,17),(645,'2021-01-06 00:00:00',276,511),(646,'2018-04-10 00:00:00',521,675),(647,'2023-03-22 00:00:00',591,424),(648,'2024-02-10 00:00:00',139,458),(649,'2021-09-24 00:00:00',268,337),(650,'2011-06-23 00:00:00',88,678),(651,'2021-08-22 00:00:00',576,414),(652,'2017-08-28 00:00:00',68,446),(653,'2021-01-24 00:00:00',137,787),(654,'2016-07-09 00:00:00',476,756),(655,'2021-08-28 00:00:00',554,703),(656,'2020-08-11 00:00:00',391,249),(657,'2019-04-26 00:00:00',202,109),(658,'2019-03-21 00:00:00',143,675),(659,'2012-08-27 00:00:00',79,121),(660,'2020-12-15 00:00:00',190,271),(661,'2019-04-12 00:00:00',291,746),(662,'2014-12-23 00:00:00',884,38),(663,'2011-06-07 00:00:00',369,155),(664,'2015-09-12 00:00:00',94,763),(665,'2018-06-05 00:00:00',23,746),(666,'2013-10-23 00:00:00',281,80),(667,'2021-11-30 00:00:00',231,463),(668,'2023-03-19 00:00:00',986,777),(669,'2011-08-13 00:00:00',808,36),(670,'2017-02-14 00:00:00',264,746),(671,'2011-11-07 00:00:00',110,587),(672,'2022-10-20 00:00:00',643,15),(673,'2021-09-18 00:00:00',492,979),(674,'2019-03-24 00:00:00',446,662),(675,'2015-01-06 00:00:00',359,675),(676,'2023-02-20 00:00:00',663,372),(677,'2022-11-13 00:00:00',779,482),(678,'2012-03-07 00:00:00',960,703),(679,'2016-08-17 00:00:00',910,343),(680,'2012-04-16 00:00:00',985,597),(681,'2017-01-15 00:00:00',684,767),(682,'2023-06-26 00:00:00',400,610),(683,'2020-07-31 00:00:00',243,572),(684,'2023-05-27 00:00:00',552,477),(685,'2021-11-02 00:00:00',852,121),(686,'2019-11-29 00:00:00',319,84),(687,'2018-03-07 00:00:00',544,529),(688,'2017-07-02 00:00:00',661,773),(689,'2016-01-24 00:00:00',243,935),(690,'2019-02-25 00:00:00',603,343),(691,'2013-06-13 00:00:00',959,124),(692,'2021-07-31 00:00:00',656,453),(693,'2023-09-03 00:00:00',657,529),(694,'2011-07-06 00:00:00',759,249),(695,'2021-06-01 00:00:00',202,118),(696,'2015-12-11 00:00:00',978,858),(697,'2016-11-29 00:00:00',891,885),(698,'2018-03-08 00:00:00',630,487),(699,'2017-05-21 00:00:00',856,756),(700,'2022-05-08 00:00:00',214,64),(701,'2014-06-22 00:00:00',881,303),(702,'2021-01-04 00:00:00',803,777),(703,'2015-05-15 00:00:00',135,686),(704,'2014-07-26 00:00:00',395,662),(705,'2024-02-28 00:00:00',839,662),(706,'2020-01-14 00:00:00',804,184),(707,'2015-05-01 00:00:00',604,703),(708,'2015-05-02 00:00:00',426,441),(709,'2024-02-08 00:00:00',770,755),(710,'2011-04-29 00:00:00',784,17),(711,'2011-06-24 00:00:00',797,685),(712,'2023-05-07 00:00:00',935,914),(713,'2021-07-31 00:00:00',187,620),(714,'2021-10-27 00:00:00',906,735),(715,'2024-01-01 00:00:00',584,441),(716,'2013-03-04 00:00:00',807,219),(717,'2022-06-14 00:00:00',891,638),(718,'2020-05-12 00:00:00',435,482),(719,'2013-07-10 00:00:00',840,446),(720,'2015-10-02 00:00:00',164,821),(721,'2012-02-21 00:00:00',506,756),(722,'2011-04-09 00:00:00',201,662),(723,'2023-03-16 00:00:00',335,756),(724,'2015-12-08 00:00:00',24,555),(725,'2015-06-15 00:00:00',987,864),(726,'2022-08-19 00:00:00',571,463),(727,'2022-11-08 00:00:00',735,833),(728,'2019-12-16 00:00:00',359,84),(729,'2019-10-19 00:00:00',954,638),(730,'2013-07-23 00:00:00',5,309),(731,'2019-04-14 00:00:00',844,414),(732,'2016-09-03 00:00:00',538,201),(733,'2022-12-12 00:00:00',755,453),(734,'2015-01-26 00:00:00',256,424),(735,'2013-07-05 00:00:00',619,109),(736,'2011-12-05 00:00:00',702,474),(737,'2023-04-01 00:00:00',756,371),(738,'2017-06-05 00:00:00',369,36),(739,'2014-10-08 00:00:00',950,833),(740,'2019-10-30 00:00:00',185,821),(741,'2024-01-15 00:00:00',596,555),(742,'2019-07-19 00:00:00',479,482),(743,'2018-11-14 00:00:00',278,482),(744,'2012-09-14 00:00:00',54,622),(745,'2021-09-01 00:00:00',619,555),(746,'2015-09-03 00:00:00',947,703),(747,'2013-09-27 00:00:00',455,944),(748,'2021-07-02 00:00:00',134,763),(749,'2022-01-29 00:00:00',932,610),(750,'2017-04-14 00:00:00',806,840),(751,'2021-07-27 00:00:00',77,596),(752,'2018-10-27 00:00:00',744,519),(753,'2022-05-04 00:00:00',63,620),(754,'2021-10-18 00:00:00',882,686),(755,'2018-02-22 00:00:00',862,414),(756,'2021-06-19 00:00:00',635,803),(757,'2020-05-12 00:00:00',835,353),(758,'2015-09-17 00:00:00',808,935),(759,'2012-05-17 00:00:00',637,463),(760,'2018-09-07 00:00:00',772,738),(761,'2020-10-18 00:00:00',718,453),(762,'2021-08-22 00:00:00',121,371),(763,'2012-05-12 00:00:00',268,587),(764,'2015-03-04 00:00:00',26,15),(765,'2017-11-18 00:00:00',849,145),(766,'2012-08-12 00:00:00',174,482),(767,'2014-06-22 00:00:00',231,572),(768,'2023-12-22 00:00:00',880,84),(769,'2023-10-12 00:00:00',384,463),(770,'2021-07-14 00:00:00',933,109),(771,'2017-10-21 00:00:00',640,246),(772,'2021-03-16 00:00:00',735,414),(773,'2015-05-31 00:00:00',323,555),(774,'2012-05-09 00:00:00',515,735),(775,'2021-09-23 00:00:00',872,446),(776,'2015-04-30 00:00:00',805,80),(777,'2013-01-31 00:00:00',711,441),(778,'2017-04-11 00:00:00',770,555),(779,'2024-01-13 00:00:00',315,15),(780,'2016-07-25 00:00:00',734,565),(781,'2022-08-29 00:00:00',931,859),(782,'2013-07-24 00:00:00',846,832),(783,'2018-01-22 00:00:00',942,597),(784,'2018-04-27 00:00:00',810,446),(785,'2022-08-03 00:00:00',917,38),(786,'2018-04-07 00:00:00',902,924),(787,'2018-05-08 00:00:00',123,80),(788,'2011-03-29 00:00:00',167,17),(789,'2022-12-10 00:00:00',239,80),(790,'2022-05-08 00:00:00',621,620),(791,'2017-11-07 00:00:00',685,565),(792,'2012-01-03 00:00:00',903,387),(793,'2023-08-25 00:00:00',604,453),(794,'2017-10-07 00:00:00',98,353),(795,'2020-06-22 00:00:00',769,935),(796,'2011-06-14 00:00:00',290,187),(797,'2022-04-22 00:00:00',473,924),(798,'2017-04-29 00:00:00',748,353),(799,'2021-01-07 00:00:00',155,610),(800,'2019-02-07 00:00:00',252,496),(801,'2012-01-19 00:00:00',726,620),(802,'2017-08-12 00:00:00',869,424),(803,'2011-03-13 00:00:00',193,337),(804,'2021-01-22 00:00:00',22,80),(805,'2013-02-04 00:00:00',367,572),(806,'2022-10-11 00:00:00',647,201),(807,'2017-08-07 00:00:00',111,565),(808,'2023-06-30 00:00:00',147,337),(809,'2011-07-01 00:00:00',997,145),(810,'2022-04-09 00:00:00',501,678),(811,'2013-04-17 00:00:00',700,424),(812,'2017-08-20 00:00:00',432,17),(813,'2023-10-16 00:00:00',343,825),(814,'2022-01-04 00:00:00',347,84),(815,'2021-06-22 00:00:00',635,587),(816,'2018-09-21 00:00:00',623,924),(817,'2012-09-22 00:00:00',860,463),(818,'2012-05-31 00:00:00',394,80),(819,'2019-11-08 00:00:00',188,145),(820,'2019-07-11 00:00:00',855,777),(821,'2022-01-19 00:00:00',104,620),(822,'2022-08-06 00:00:00',200,441),(823,'2020-08-27 00:00:00',244,610),(824,'2015-06-23 00:00:00',698,529),(825,'2023-01-07 00:00:00',23,924),(826,'2016-01-24 00:00:00',108,622),(827,'2013-01-23 00:00:00',267,121),(828,'2012-09-12 00:00:00',250,979),(829,'2011-04-23 00:00:00',173,685),(830,'2015-09-30 00:00:00',964,622),(831,'2016-05-30 00:00:00',691,789),(832,'2016-08-11 00:00:00',35,597),(833,'2014-04-17 00:00:00',112,596),(834,'2023-07-08 00:00:00',550,638),(835,'2015-11-13 00:00:00',15,944),(836,'2020-10-10 00:00:00',383,95),(837,'2019-06-08 00:00:00',217,529),(838,'2019-09-03 00:00:00',4,596),(839,'2018-02-07 00:00:00',892,596),(840,'2018-07-25 00:00:00',801,662),(841,'2017-07-07 00:00:00',893,832),(842,'2017-04-01 00:00:00',360,519),(843,'2023-12-11 00:00:00',618,201),(844,'2021-08-22 00:00:00',308,477),(845,'2022-07-06 00:00:00',425,914),(846,'2017-09-16 00:00:00',954,885),(847,'2014-01-16 00:00:00',147,924),(848,'2012-12-09 00:00:00',890,789),(849,'2021-01-23 00:00:00',888,246),(850,'2017-10-01 00:00:00',675,529),(851,'2011-10-10 00:00:00',83,832),(852,'2021-09-09 00:00:00',375,787),(853,'2023-09-03 00:00:00',389,597),(854,'2012-03-02 00:00:00',590,249),(855,'2018-08-31 00:00:00',801,787),(856,'2020-12-02 00:00:00',513,109),(857,'2018-08-29 00:00:00',866,790),(858,'2011-03-19 00:00:00',973,622),(859,'2014-04-05 00:00:00',883,95),(860,'2012-03-12 00:00:00',571,446),(861,'2017-01-23 00:00:00',544,924),(862,'2014-11-19 00:00:00',546,864),(863,'2021-04-06 00:00:00',881,121),(864,'2016-04-28 00:00:00',245,703),(865,'2013-12-01 00:00:00',381,364),(866,'2012-08-13 00:00:00',492,309),(867,'2020-11-08 00:00:00',457,446),(868,'2013-11-07 00:00:00',844,271),(869,'2015-12-06 00:00:00',386,458),(870,'2020-06-27 00:00:00',919,767),(871,'2014-06-30 00:00:00',914,38),(872,'2016-10-29 00:00:00',468,121),(873,'2017-03-08 00:00:00',522,610),(874,'2011-09-07 00:00:00',446,610),(875,'2016-03-14 00:00:00',537,118),(876,'2016-01-13 00:00:00',547,246),(877,'2012-08-19 00:00:00',262,790),(878,'2023-04-13 00:00:00',855,597),(879,'2019-04-18 00:00:00',28,610),(880,'2020-05-23 00:00:00',902,979),(881,'2018-08-27 00:00:00',610,187),(882,'2016-06-04 00:00:00',812,458),(883,'2020-07-23 00:00:00',478,924),(884,'2015-07-18 00:00:00',11,109),(885,'2020-11-26 00:00:00',457,555),(886,'2019-01-25 00:00:00',304,738),(887,'2018-02-25 00:00:00',658,789),(888,'2016-06-22 00:00:00',787,754),(889,'2011-09-14 00:00:00',222,118),(890,'2013-06-19 00:00:00',30,414),(891,'2013-02-14 00:00:00',8,555),(892,'2014-11-01 00:00:00',573,864),(893,'2015-05-27 00:00:00',80,84),(894,'2021-02-17 00:00:00',690,840),(895,'2019-10-31 00:00:00',308,38),(896,'2013-08-02 00:00:00',335,803),(897,'2018-05-23 00:00:00',238,622),(898,'2014-07-10 00:00:00',177,597),(899,'2023-09-25 00:00:00',620,638),(900,'2021-04-16 00:00:00',82,155),(901,'2011-11-16 00:00:00',684,246),(902,'2020-12-17 00:00:00',963,364),(903,'2020-04-29 00:00:00',711,17),(904,'2021-11-19 00:00:00',715,924),(905,'2019-11-20 00:00:00',959,529),(906,'2015-03-30 00:00:00',671,821),(907,'2015-08-07 00:00:00',922,935),(908,'2014-09-26 00:00:00',566,184),(909,'2017-12-21 00:00:00',91,821),(910,'2017-06-12 00:00:00',395,249),(911,'2023-12-05 00:00:00',59,678),(912,'2013-04-05 00:00:00',190,371),(913,'2014-03-31 00:00:00',314,777),(914,'2015-07-17 00:00:00',845,803),(915,'2016-10-30 00:00:00',423,201),(916,'2011-05-23 00:00:00',910,192),(917,'2011-10-31 00:00:00',20,482),(918,'2024-02-07 00:00:00',719,685),(919,'2012-10-10 00:00:00',608,192),(920,'2017-08-17 00:00:00',780,821),(921,'2020-06-24 00:00:00',550,387),(922,'2013-10-07 00:00:00',199,840),(923,'2015-12-01 00:00:00',983,970),(924,'2012-07-19 00:00:00',867,754),(925,'2015-08-18 00:00:00',441,596),(926,'2019-01-27 00:00:00',251,754),(927,'2022-06-16 00:00:00',144,118),(928,'2011-01-23 00:00:00',511,790),(929,'2020-08-27 00:00:00',418,511),(930,'2016-02-17 00:00:00',385,249),(931,'2012-06-13 00:00:00',461,184),(932,'2020-09-10 00:00:00',404,372),(933,'2023-04-27 00:00:00',516,364),(934,'2020-12-02 00:00:00',385,474),(935,'2016-12-10 00:00:00',99,219),(936,'2014-10-28 00:00:00',237,572),(937,'2015-10-19 00:00:00',268,620),(938,'2022-06-04 00:00:00',173,703),(939,'2012-12-31 00:00:00',762,755),(940,'2014-11-04 00:00:00',116,519),(941,'2022-09-27 00:00:00',848,678),(942,'2012-08-14 00:00:00',915,738),(943,'2019-03-11 00:00:00',741,970),(944,'2011-08-05 00:00:00',172,424),(945,'2020-03-15 00:00:00',915,424),(946,'2013-04-16 00:00:00',751,767),(947,'2012-11-06 00:00:00',694,181),(948,'2020-04-18 00:00:00',641,832),(949,'2019-03-03 00:00:00',203,343),(950,'2013-11-15 00:00:00',728,787),(951,'2017-08-01 00:00:00',309,675),(952,'2022-11-06 00:00:00',132,787),(953,'2019-11-22 00:00:00',270,487),(954,'2023-03-24 00:00:00',617,833),(955,'2020-07-24 00:00:00',816,638),(956,'2023-01-08 00:00:00',947,840),(957,'2014-10-20 00:00:00',610,610),(958,'2018-05-25 00:00:00',961,821),(959,'2011-07-20 00:00:00',7,924),(960,'2018-02-26 00:00:00',655,529),(961,'2021-09-23 00:00:00',753,487),(962,'2019-12-01 00:00:00',962,859),(963,'2015-12-15 00:00:00',243,864),(964,'2014-07-11 00:00:00',966,833),(965,'2011-02-25 00:00:00',279,487),(966,'2021-07-07 00:00:00',307,155),(967,'2014-07-18 00:00:00',290,596),(968,'2014-01-19 00:00:00',561,596),(969,'2012-05-18 00:00:00',205,121),(970,'2014-07-07 00:00:00',179,482),(971,'2014-03-06 00:00:00',918,935),(972,'2017-06-23 00:00:00',622,685),(973,'2013-07-07 00:00:00',392,754),(974,'2012-07-09 00:00:00',503,662),(975,'2018-11-27 00:00:00',28,303),(976,'2017-10-08 00:00:00',528,833),(977,'2016-03-01 00:00:00',155,414),(978,'2021-01-27 00:00:00',839,201),(979,'2011-07-04 00:00:00',111,201),(980,'2012-01-31 00:00:00',610,121),(981,'2014-01-31 00:00:00',855,767),(982,'2021-03-23 00:00:00',664,755),(983,'2020-10-24 00:00:00',712,187),(984,'2020-08-31 00:00:00',24,192),(985,'2022-01-16 00:00:00',246,17),(986,'2013-01-08 00:00:00',925,36),(987,'2019-06-14 00:00:00',610,64),(988,'2014-11-27 00:00:00',251,597),(989,'2013-11-17 00:00:00',420,970),(990,'2017-05-20 00:00:00',19,477),(991,'2020-09-27 00:00:00',415,482),(992,'2022-10-10 00:00:00',794,496),(993,'2020-04-12 00:00:00',927,754),(994,'2023-10-17 00:00:00',271,790),(995,'2022-10-26 00:00:00',881,587),(996,'2021-02-05 00:00:00',685,151),(997,'2016-02-06 00:00:00',32,833),(998,'2021-12-22 00:00:00',609,638),(999,'2016-11-01 00:00:00',851,840),(1000,'2016-07-07 00:00:00',289,246);
/*!40000 ALTER TABLE `pedidos` ENABLE KEYS */;
UNLOCK TABLES;

--
-- Table structure for table `pedidos_productos`
--

DROP TABLE IF EXISTS `pedidos_productos`;
/*!40101 SET @saved_cs_client     = @@character_set_client */;
/*!50503 SET character_set_client = utf8mb4 */;
CREATE TABLE `pedidos_productos` (
  `id_pedido` int NOT NULL,
  `id_producto` int NOT NULL,
  `cantidad` int NOT NULL,
  PRIMARY KEY (`id_pedido`,`id_producto`),
  KEY `id_producto` (`id_producto`),
  CONSTRAINT `pedidos_productos_ibfk_1` FOREIGN KEY (`id_pedido`) REFERENCES `pedidos` (`id`) ON DELETE CASCADE ON UPDATE CASCADE,
  CONSTRAINT `pedidos_productos_ibfk_2` FOREIGN KEY (`id_producto`) REFERENCES `productos` (`id`) ON DELETE CASCADE ON UPDATE CASCADE,
  CONSTRAINT `pedidos_productos_chk_1` CHECK ((`cantidad` > 0))
) ENGINE=InnoDB DEFAULT CHARSET=utf8mb4 COLLATE=utf8mb4_0900_ai_ci;
/*!40101 SET character_set_client = @saved_cs_client */;

--
-- Dumping data for table `pedidos_productos`
--

LOCK TABLES `pedidos_productos` WRITE;
/*!40000 ALTER TABLE `pedidos_productos` DISABLE KEYS */;
INSERT INTO `pedidos_productos` VALUES (1,2,8),(1,28,11),(2,12,18),(4,1,14),(6,8,5),(7,21,18),(8,24,13),(9,28,11),(10,3,15),(10,11,1),(13,8,3),(15,31,7),(18,20,16),(18,23,19),(20,18,18),(22,6,16),(23,4,16),(24,14,18),(24,30,1),(25,8,14),(25,25,19),(26,5,3),(27,3,17),(27,4,18),(27,24,16),(27,28,9),(29,19,8),(30,5,12),(30,6,8),(30,16,19),(32,10,8),(32,11,10),(32,18,19),(32,23,1),(33,11,18),(34,28,8),(37,14,5),(39,7,11),(39,21,5),(40,28,2),(41,23,20),(43,18,19),(43,25,8),(43,31,15),(44,9,6),(44,31,1),(47,20,3),(47,30,18),(47,31,19),(48,15,10),(48,29,15),(49,7,12),(49,24,2),(50,5,14),(50,13,8),(52,31,18),(53,17,10),(53,23,7),(54,24,1),(54,30,3),(54,31,5),(55,25,14),(58,22,8),(58,29,6),(61,20,18),(64,1,9),(64,31,15),(66,25,11),(67,27,3),(67,29,16),(68,14,9),(69,3,8),(71,12,15),(72,6,10),(72,28,9),(74,13,16),(76,5,1),(78,6,9),(80,3,14),(80,27,19),(81,4,19),(81,9,15),(83,1,18),(83,6,19),(83,11,1),(83,22,5),(83,24,11),(83,30,4),(84,29,20),(84,30,11),(85,6,11),(86,27,19),(87,12,3),(90,22,1),(92,25,18),(93,3,19),(93,25,20),(94,13,1),(95,2,8),(95,14,11),(95,22,7),(97,1,2),(97,9,2),(103,14,2),(103,22,9),(103,26,19),(104,31,6),(106,24,5),(107,9,11),(107,28,15),(108,12,3),(108,17,5),(109,8,16),(109,27,17),(110,13,8),(111,4,4),(111,26,13),(112,12,12),(113,13,12),(113,19,4),(113,24,7),(117,15,12),(117,23,4),(118,14,5),(119,8,15),(120,14,20),(120,19,3),(121,3,18),(122,24,20),(123,8,3),(125,25,2),(125,28,6),(126,5,7),(127,12,15),(127,19,9),(127,27,9),(128,3,17),(129,5,20),(129,15,17),(129,18,3),(130,5,18),(130,6,14),(132,14,20),(132,24,9),(133,2,15),(134,4,19),(134,13,2),(137,25,11),(139,20,8),(139,30,17),(140,5,8),(142,5,17),(142,15,1),(144,10,16),(146,15,6),(147,1,1),(147,9,15),(149,10,11),(151,7,8),(152,1,5),(152,27,16),(153,30,2),(154,9,8),(155,15,13),(155,24,15),(155,26,20),(155,31,5),(156,17,13),(157,18,8),(159,27,15),(160,5,10),(161,2,4),(161,31,1),(162,1,2),(163,25,14),(163,31,18),(164,10,20),(164,30,16),(164,31,12),(165,2,10),(167,1,2),(167,18,5),(167,20,11),(169,20,7),(171,5,7),(171,6,9),(171,16,16),(172,27,10),(172,29,2),(177,22,9),(178,15,9),(179,1,2),(179,21,4),(183,6,14),(183,11,2),(184,15,20),(185,30,6),(186,13,10),(190,9,7),(192,12,11),(193,2,15),(193,13,8),(193,18,15),(194,3,14),(196,5,19),(197,16,6),(197,31,20),(198,16,15),(198,29,1),(199,4,19),(199,5,7),(200,10,9),(200,16,3),(201,21,8),(202,4,2),(206,17,7),(207,5,15),(208,5,10),(211,14,15),(211,31,1),(214,24,19),(217,6,15),(217,9,12),(217,25,11),(218,5,1),(219,9,9),(219,23,18),(222,1,5),(224,26,5),(225,10,19),(226,4,12),(226,6,20),(226,11,2),(226,16,4),(229,5,13),(230,6,6),(230,19,20),(232,5,10),(233,20,19),(233,21,7),(233,23,3),(234,12,9),(234,31,12),(235,1,5),(235,17,2),(235,29,20),(236,11,3),(236,31,7),(237,21,15),(237,29,13),(238,25,6),(239,30,19),(241,8,8),(242,29,1),(244,20,12),(245,25,15),(245,31,17),(246,21,4),(248,4,3),(248,20,2),(251,23,2),(252,12,9),(253,31,15),(254,8,5),(254,11,8),(255,22,20),(255,28,14),(256,4,20),(257,8,19),(257,16,7),(257,20,2),(258,13,4),(258,18,18),(258,24,9),(259,27,14),(262,11,1),(262,13,15),(265,14,8),(266,29,12),(268,30,6),(269,7,6),(269,22,6),(270,8,1),(272,5,8),(273,5,2),(273,22,14),(274,4,2),(276,29,12),(278,16,18),(280,20,1),(282,5,6),(283,31,8),(285,25,11),(286,23,18),(287,28,19),(288,15,19),(288,22,8),(290,6,13),(291,3,19),(293,5,12),(295,14,3),(295,20,17),(296,6,4),(296,20,3),(296,31,17),(297,25,11),(298,21,13),(299,13,19),(299,23,5),(300,6,17),(302,4,8),(302,14,14),(302,20,5),(302,21,20),(302,25,18),(303,13,15),(303,21,9),(304,19,2),(305,9,19),(307,9,18),(307,18,15),(307,27,2),(309,17,16),(310,2,10),(310,18,16),(310,27,11),(311,20,13),(312,29,20),(316,1,8),(316,15,3),(316,24,2),(317,12,16),(318,6,11),(320,17,16),(321,19,14),(323,18,17),(323,19,6),(324,31,1),(326,19,3),(327,22,11),(327,23,7),(328,9,13),(328,24,7),(329,14,2),(333,3,12),(333,22,15),(336,19,7),(336,26,3),(337,9,4),(337,17,20),(339,23,2),(339,28,1),(339,30,6),(340,26,14),(341,6,8),(342,27,7),(343,9,2),(343,19,5),(343,26,7),(344,19,16),(344,28,9),(346,13,3),(347,6,4),(348,22,6),(348,31,13),(349,15,4),(349,16,1),(349,26,11),(350,4,17),(351,7,13),(351,8,5),(351,23,4),(352,19,4),(353,9,7),(354,3,17),(354,28,12),(355,19,11),(356,17,2),(356,18,15),(357,14,2),(358,11,6),(359,27,18),(360,13,14),(361,30,4),(363,16,1),(364,4,5),(364,19,16),(365,29,18),(369,14,2),(369,31,1),(370,30,3),(371,8,14),(371,23,13),(372,2,16),(372,10,14),(375,28,6),(378,19,14),(380,3,13),(381,8,15),(382,2,1),(384,13,17),(384,23,9),(385,12,3),(387,6,19),(389,4,1),(389,29,13),(390,9,10),(391,4,2),(391,8,19),(391,10,5),(392,13,10),(392,31,20),(393,12,16),(393,25,8),(393,28,4),(395,24,7),(397,8,10),(399,8,15),(399,29,5),(400,18,16),(401,4,10),(402,25,9),(403,19,12),(403,21,16),(403,23,13),(406,4,11),(406,30,3),(407,4,20),(407,9,17),(409,22,15),(410,17,13),(411,2,17),(411,8,11),(412,13,13),(415,5,18),(415,28,19),(415,31,9),(416,18,16),(418,5,1),(418,8,14),(419,4,10),(420,24,4),(421,9,11),(422,30,7),(424,5,15),(427,7,17),(428,4,8),(428,28,15),(429,27,8),(430,6,15),(433,18,16),(437,6,15),(440,4,6),(442,12,11),(443,2,13),(447,1,7),(447,21,16),(448,24,2),(449,6,18),(449,13,11),(449,30,10),(450,14,8),(454,4,20),(454,13,18),(455,26,8),(456,1,9),(456,23,15),(456,27,6),(456,30,1),(457,31,18),(459,31,7),(462,8,6),(463,19,1),(463,30,20),(463,31,2),(464,3,4),(464,22,16),(464,30,17),(465,4,13),(465,21,10),(465,26,2),(466,14,18),(466,16,18),(467,12,19),(468,2,11),(468,13,9),(468,19,12),(469,26,7),(470,25,17),(470,27,6),(471,1,9),(471,8,5),(471,20,8),(472,25,20),(473,20,11),(475,5,1),(478,20,8),(478,23,17),(480,6,17),(482,12,1),(483,19,19),(483,27,12),(485,22,13),(485,31,10),(486,18,6),(486,22,2),(487,1,2),(490,12,16),(490,14,12),(490,17,14),(491,14,18),(492,2,20),(492,26,12),(493,12,18),(494,29,9),(495,27,9),(497,24,15),(499,8,3),(499,23,5),(500,10,2),(501,10,5),(503,1,20),(504,27,20),(505,15,5),(505,22,15),(507,5,1),(509,2,2),(510,3,9),(511,27,10),(512,4,1),(513,4,12),(514,10,15),(514,14,19),(514,24,12),(516,8,9),(516,21,6),(517,22,17),(518,11,6),(518,21,20),(521,7,19),(525,5,9),(525,28,4),(526,25,18),(527,30,2),(528,18,20),(530,12,18),(531,13,20),(534,30,14),(536,30,20),(538,8,5),(538,25,7),(538,28,18),(540,27,13),(540,29,16),(542,15,11),(543,3,10),(543,19,15),(543,21,7),(543,24,5),(544,6,4),(544,23,19),(544,28,4),(545,1,20),(547,20,15),(549,3,1),(551,12,16),(552,8,8),(553,2,8),(554,29,2),(555,21,9),(555,30,7),(556,9,15),(556,30,15),(558,20,6),(560,30,6),(561,27,7),(562,1,12),(562,15,8),(562,18,16),(564,19,14),(565,4,6),(567,9,15),(568,12,19),(569,12,12),(569,24,10),(571,16,8),(574,20,16),(574,31,6),(575,15,7),(577,22,11),(579,4,4),(580,8,10),(580,21,9),(582,18,10),(582,22,9),(585,5,19),(585,20,3),(586,17,19),(587,4,7),(587,24,20),(588,26,14),(588,29,13),(589,10,2),(589,28,16),(590,28,14),(591,27,4),(592,21,12),(593,8,5),(594,15,9),(595,3,7),(596,14,5),(597,16,18),(597,26,9),(598,16,13),(599,20,11),(599,24,18),(600,14,9),(601,14,6),(602,1,4),(602,8,14),(602,14,2),(603,9,8),(603,10,5),(603,31,3),(607,2,12),(607,8,14),(607,18,17),(607,31,3),(610,22,9),(612,2,7),(612,17,9),(614,20,7),(614,28,2),(615,5,12),(615,21,19),(615,29,18),(616,3,8),(617,30,12),(618,5,7),(620,2,15),(621,22,17),(621,24,10),(623,19,7),(625,14,12),(625,31,19),(626,14,13),(627,7,19),(628,5,7),(628,16,2),(629,4,17),(629,7,7),(629,21,15),(631,24,16),(631,25,15),(631,26,1),(633,17,19),(633,20,14),(634,10,8),(636,16,1),(636,28,15),(637,8,1),(637,10,9),(639,3,19),(640,7,20),(640,18,14),(642,29,14),(646,2,5),(646,31,18),(647,23,5),(648,2,18),(648,18,19),(649,7,14),(650,20,18),(652,27,7),(654,26,15),(655,3,5),(656,5,5),(656,26,15),(658,12,9),(658,27,3),(659,12,12),(659,18,3),(659,20,9),(659,22,1),(661,11,9),(662,20,17),(663,19,10),(664,2,5),(664,22,3),(664,29,7),(665,6,9),(666,31,7),(667,7,7),(667,15,17),(667,25,10),(668,20,15),(669,26,4),(670,28,20),(672,4,3),(672,11,20),(672,25,7),(676,6,15),(676,11,7),(679,26,3),(680,7,17),(680,31,17),(684,14,14),(684,15,3),(685,19,18),(686,20,6),(687,23,2),(688,15,20),(689,27,7),(691,6,9),(693,19,15),(696,24,10),(697,10,16),(698,14,17),(698,16,14),(698,25,3),(698,26,14),(699,16,7),(699,18,6),(699,27,16),(701,14,4),(703,2,14),(703,3,17),(705,1,5),(705,4,12),(705,6,9),(705,17,13),(705,21,3),(710,6,9),(711,6,1),(711,26,5),(712,3,6),(712,9,7),(713,8,17),(713,24,14),(716,4,14),(717,30,16),(718,18,2),(719,9,4),(720,6,11),(720,21,8),(721,13,12),(723,21,2),(724,9,1),(724,15,11),(725,1,7),(725,4,6),(726,1,18),(726,10,10),(727,3,5),(727,20,11),(727,26,11),(728,15,16),(728,19,6),(730,3,11),(732,7,17),(732,15,17),(732,23,15),(734,28,4),(735,17,12),(736,11,16),(737,14,11),(738,15,6),(738,30,16),(740,6,19),(742,22,18),(743,6,19),(746,7,12),(747,8,7),(748,13,6),(750,29,4),(754,10,17),(755,1,17),(755,2,20),(756,29,1),(758,30,1),(759,24,7),(761,9,8),(761,25,20),(761,30,16),(763,14,17),(763,28,11),(764,23,20),(764,29,4),(765,17,9),(765,21,14),(766,1,17),(766,15,5),(768,25,11),(768,31,19),(769,13,8),(773,25,14),(775,2,6),(776,21,3),(778,11,5),(779,5,12),(779,11,17),(779,16,18),(781,19,16),(781,23,14),(782,2,12),(782,6,14),(782,25,5),(784,13,9),(785,17,1),(785,29,19),(786,11,2),(786,14,8),(786,17,10),(787,30,1),(788,1,19),(790,6,6),(793,1,1),(793,22,6),(794,24,6),(795,14,20),(795,15,7),(797,9,3),(798,29,1),(798,31,4),(799,3,6),(800,23,4),(801,15,3),(801,27,8),(802,23,9),(802,25,14),(803,17,10),(804,13,6),(809,5,14),(812,5,6),(813,20,16),(815,19,13),(817,4,17),(819,12,12),(820,25,2),(821,17,10),(823,13,1),(826,20,18),(827,23,6),(828,6,18),(828,30,6),(829,9,7),(831,25,8),(834,26,14),(835,22,7),(835,29,7),(836,26,9),(837,1,18),(838,6,20),(839,25,3),(839,31,14),(840,18,11),(840,20,20),(840,25,16),(843,13,12),(844,17,2),(845,8,6),(845,10,10),(845,24,15),(845,30,19),(846,8,10),(846,12,16),(847,18,6),(849,9,5),(850,3,3),(851,3,11),(851,16,13),(852,16,5),(854,14,9),(854,17,3),(855,17,4),(856,21,11),(856,28,4),(859,16,11),(863,4,20),(865,13,9),(865,14,18),(866,24,3),(870,15,8),(871,24,4),(874,9,13),(874,21,12),(874,24,9),(874,26,9),(875,5,6),(875,20,19),(875,29,6),(876,1,10),(876,12,18),(876,22,10),(877,1,11),(878,7,3),(878,9,6),(878,12,18),(879,1,13),(881,22,8),(882,3,14),(883,3,11),(883,16,6),(884,4,12),(886,25,12),(889,19,3),(891,30,20),(895,28,18),(896,2,16),(896,5,14),(897,1,18),(898,20,12),(898,23,14),(899,13,9),(899,16,13),(900,2,3),(900,10,17),(900,26,16),(903,20,10),(903,23,12),(904,4,15),(904,30,9),(906,22,10),(908,13,13),(908,21,19),(911,1,20),(915,20,7),(916,3,7),(916,19,10),(916,27,3),(916,29,14),(917,15,4),(918,8,17),(918,28,11),(918,29,16),(924,7,14),(924,9,16),(925,2,17),(926,23,3),(926,24,7),(927,15,20),(928,10,14),(932,16,8),(933,9,4),(933,11,14),(934,23,12),(934,31,3),(935,4,5),(936,12,16),(937,9,8),(937,14,2),(938,6,5),(938,29,1),(939,13,9),(939,27,7),(941,29,18),(942,5,8),(943,29,14),(945,3,9),(946,24,14),(948,5,3),(949,1,10),(950,21,14),(950,31,18),(951,3,14),(952,9,2),(952,28,7),(953,27,13),(954,21,16),(956,20,12),(957,16,14),(959,15,9),(959,24,5),(960,20,9),(961,2,14),(961,25,7),(962,2,6),(963,4,19),(963,21,19),(964,8,13),(964,16,2),(964,23,5),(964,27,3),(965,31,1),(967,1,4),(967,29,10),(970,18,6),(972,10,13),(972,15,1),(973,4,7),(975,2,10),(976,6,7),(976,19,15),(977,19,14),(978,1,6),(979,18,9),(979,24,13),(979,29,3),(980,22,5),(981,10,8),(982,3,14),(985,3,19),(986,3,4),(988,28,10),(989,31,16),(991,1,4),(991,6,8),(991,20,12),(991,27,4),(993,1,2),(994,1,14),(994,10,11),(994,29,9),(995,11,13),(997,10,14),(997,20,16),(998,9,7);
/*!40000 ALTER TABLE `pedidos_productos` ENABLE KEYS */;
UNLOCK TABLES;

--
-- Table structure for table `productos`
--

DROP TABLE IF EXISTS `productos`;
/*!40101 SET @saved_cs_client     = @@character_set_client */;
/*!50503 SET character_set_client = utf8mb4 */;
CREATE TABLE `productos` (
  `id` int NOT NULL AUTO_INCREMENT,
  `descripcion` varchar(100) NOT NULL,
  `precio` decimal(6,2) NOT NULL,
  PRIMARY KEY (`id`),
  CONSTRAINT `productos_chk_1` CHECK ((`precio` > 0))
) ENGINE=InnoDB AUTO_INCREMENT=32 DEFAULT CHARSET=utf8mb4 COLLATE=utf8mb4_0900_ai_ci;
/*!40101 SET character_set_client = @saved_cs_client */;

--
-- Dumping data for table `productos`
--

LOCK TABLES `productos` WRITE;
/*!40000 ALTER TABLE `productos` DISABLE KEYS */;
INSERT INTO `productos` VALUES (1,'KINGSTON 16GB ELITE PRO',5.00),(2,'ADAPTADOR DVI MACHO A HDMI HEMBRA',3.91),(3,'CABLE DVI A HDMI 1.8 M',5.06),(4,'CABLE DVI A HDMI 3 M',6.70),(5,'CABLE DVI A HDMI 5 M',9.85),(6,'CABLE HDMI 2 Metros',5.38),(7,'CABLE HDMI 3 Metros',6.62),(8,'CABLE HDMI 5 Metros',9.94),(9,'MEMORY STICK M2 SIN ADAPTADOR 2GB',7.69),(10,'MEMORY STICK M2 SIN ADAPTADOR 4GB ',13.10),(11,'MEMORY STICK M2 SIN ADAPTADOR 8GB',27.13),(12,'KINGSTON 16GB ELITE PRO',5.00),(13,'KINGSTON 4GB',10.80),(14,'KINGSTON 8GB ELITE PRO',16.28),(15,'SANDISK EXTREME III 4GB',26.05),(16,'SANDISK EXTREME III 8GB',40.50),(17,'SANDISK EXTREME IV 4GB',44.28),(18,'SANDISK EXTREME IV 8GB',77.76),(19,'SANDISK ULTRA II 4GB',16.33),(20,'SANDISK ULTRA II 8GB',25.51),(21,'DATA TRAVELER 100 16GB',23.33),(22,'DATA TRAVELER 120 16GB AZUL',23.33),(23,'DATA TRAVELER G2 16GB USB 2.0',27.45),(24,'DATA TRAVELER G2 32GB USB 2.0',54.29),(25,'USB EXTREME CONTOUR READYBOST 16GB',46.41),(26,'USB EXTREME CONTOUR READYBOST 32GB',88.57),(27,'USB ULTRA TITANIUM READYBOST 16GB',39.73),(28,'DIMM 1GB DDR2 PC2-6400. SDRAM 800MHz',13.31),(29,'DIMM 2GB DDR2 PC2-5300. SDRAM. 667MHz ',24.17),(30,'DIMM 2GB DDR2 PC2-6400. SDRAM. 800MHz',24.86),(31,'DIMM 4GB DDR2 PC2-6400. SDRAM. 800MHz (KIT X 2 DE 2 gb)',49.62);
/*!40000 ALTER TABLE `productos` ENABLE KEYS */;
UNLOCK TABLES;
/*!40103 SET TIME_ZONE=@OLD_TIME_ZONE */;

/*!40101 SET SQL_MODE=@OLD_SQL_MODE */;
/*!40014 SET FOREIGN_KEY_CHECKS=@OLD_FOREIGN_KEY_CHECKS */;
/*!40014 SET UNIQUE_CHECKS=@OLD_UNIQUE_CHECKS */;
/*!40101 SET CHARACTER_SET_CLIENT=@OLD_CHARACTER_SET_CLIENT */;
/*!40101 SET CHARACTER_SET_RESULTS=@OLD_CHARACTER_SET_RESULTS */;
/*!40101 SET COLLATION_CONNECTION=@OLD_COLLATION_CONNECTION */;
/*!40111 SET SQL_NOTES=@OLD_SQL_NOTES */;

-- Dump completed on 2024-03-13 12:10:36