<?xml version="1.0" encoding="utf-8"?>

<instance xmlns="http://www.exelearning.org/content/v0.3" reference="2" version="0.3" xmlns:xsi="http://www.w3.org/2001/XMLSchema-instance" xsi:schemalocation="http://www.exelearning.org/content/v0.3 content.xsd" class="exe.engine.package.Package">
 <dictionary>
  <string role="key" value="_title"></string>
  <unicode value=""></unicode>
  <string role="key" value="idevices"></string>
  <list></list>
  <string role="key" value="_addPagination"></string>
  <bool value="0"></bool>
  <string role="key" value="_addSearchBox"></string>
  <bool value="0"></bool>
  <string role="key" value="_author"></string>
  <unicode value=""></unicode>
  <string role="key" value="_backgroundImg"></string>
  <unicode value=""></unicode>
  <string role="key" value="_contextMode"></string>
  <unicode value="presencial"></unicode>
  <string role="key" value="_contextPlace"></string>
  <unicode value="classroom"></unicode>
  <string role="key" value="_description"></string>
  <unicode value=""></unicode>
  <string role="key" value="_docType"></string>
  <unicode value="HTML5"></unicode>
  <string role="key" value="_exportElp"></string>
  <bool value="0"></bool>
  <string role="key" value="_extraHeadContent"></string>
  <unicode value=""></unicode>
  <string role="key" value="_fieldValidationInfo"></string>
  <dictionary>
   <unicode role="key" value="all"></unicode>
   <dictionary>
    <unicode role="key" value="mandatory_fields"></unicode>
    <list>
     <unicode value="pp_title"></unicode>
     <unicode value="pp_lang"></unicode>
     <unicode value="pp_description"></unicode>
     <unicode value="pp_author"></unicode>
     <unicode value="pp_newlicense"></unicode>
    </list>
   </dictionary>
   <unicode role="key" value="procomun"></unicode>
   <dictionary>
    <unicode role="key" value="mandatory_fields"></unicode>
    <list>
     <unicode value="pp_learningResourceType"></unicode>
    </list>
    <unicode role="key" value="values_from_list"></unicode>
    <dictionary>
     <unicode role="key" value="pp_learningResourceType"></unicode>
     <list>
      <unicode value="master class"></unicode>
      <unicode value="closed exercise or problem"></unicode>
      <unicode value="real project"></unicode>
      <unicode value="didactic game"></unicode>
      <unicode value="webquest"></unicode>
      <unicode value="open problem"></unicode>
      <unicode value="simulation"></unicode>
      <unicode value="questionnaire"></unicode>
      <unicode value="conceptual map"></unicode>
     </list>
    </dictionary>
   </dictionary>
  </dictionary>
  <string role="key" value="_intendedEndUserRoleGroup"></string>
  <bool value="0"></bool>
  <string role="key" value="_intendedEndUserRoleTutor"></string>
  <bool value="0"></bool>
  <string role="key" value="_intendedEndUserRoleType"></string>
  <unicode value="learner"></unicode>
  <string role="key" value="_isChanged"></string>
  <bool value="1"></bool>
  <string role="key" value="_isTemplate"></string>
  <bool value="0"></bool>
  <string role="key" value="_lang"></string>
  <unicode value="es"></unicode>
  <string role="key" value="_learningResourceType"></string>
  <unicode value=""></unicode>
  <string role="key" value="_levelNames"></string>
  <list>
   <unicode value="Tema"></unicode>
   <unicode value="Sección"></unicode>
   <unicode value="Unidad"></unicode>
  </list>
  <string role="key" value="_name"></string>
  <unicode value="PRO8_899_ClubCiclista"></unicode>
  <string role="key" value="_nextIdeviceId"></string>
  <int value="1"></int>
  <string role="key" value="_nextNodeId"></string>
  <int value="27"></int>
  <string role="key" value="_nodeIdDict"></string>
  <dictionary>
   <unicode role="key" value="26"></unicode>
   <instance class="exe.engine.node.Node" reference="4">
    <dictionary>
     <string role="key" value="_title"></string>
     <unicode value="Tarea evaluable 8.99: Club ciclista"></unicode>
     <string role="key" value="idevices"></string>
     <list>
      <instance class="exe.engine.freetextfpdidevice.FreeTextfpdIdevice" reference="1">
       <dictionary>
        <string role="key" value="_title"></string>
        <unicode value="FPD - Free Text"></unicode>
        <string role="key" value="_author"></string>
        <unicode value="University of Auckland"></unicode>
        <string role="key" value="_purpose"></string>
        <unicode value="The majority of a learning resource will be 
establishing context, delivering instructions and providing general information.
This provides the framework within which the learning activities are built and 
delivered."></unicode>
        <string role="key" value="_tip"></string>
        <string value=""></string>
        <string role="key" value="content"></string>
        <instance class="exe.engine.field.TextAreaField" reference="3">
         <dictionary>
          <string role="key" value="_id"></string>
          <int value="154"></int>
          <string role="key" value="_idevice"></string>
          <reference key="1"></reference>
          <string role="key" value="_instruc"></string>
          <unicode value="Use this field to enter text. This 
iDevice has no emphasis applied although limited formatting can be applied to 
text through the text editing buttons associated with the field."></unicode>
          <string role="key" value="_name"></string>
          <unicode value="Free Text"></unicode>
          <string role="key" value="anchor_names"></string>
          <list></list>
          <string role="key" value="anchors_linked_from_fields"></string>
          <dictionary></dictionary>
          <string role="key" value="content_w_resourcePaths"></string>
          <unicode content="true" value="&lt;p style=&quot;text-align: center;&quot;&gt;&lt;img src=&quot;resources/ciclistas.jpg&quot; alt=&quot;&quot; width=&quot;275&quot; height=&quot;183&quot; /&gt;&lt;/p&gt;
&lt;p style=&quot;text-align: center;&quot;&gt;&lt;strong&gt;&lt;span style=&quot;font-size: 14pt;&quot;&gt;Gestión de un club ciclista.&lt;/span&gt;&lt;/strong&gt;&lt;/p&gt;
&lt;p&gt;Un club ciclista quiere gestionar la información de sus socios en una temporada y, a partir de la información registrada, obtener ciertos resultados.&lt;/p&gt;
&lt;p&gt;De cada ciclista se debe guardar su dni, su nombre, su fecha de nacimiento y el modelo de bicicleta que posee.&lt;/p&gt;
&lt;p&gt;El club ciclista organiza cada semana una ruta ciclista. Cada vez que participe un ciclista en una ruta, se deberá guardar el nombre de la ruta, la fecha, los kms. y el tiempo empleado por el ciclista en recorrerla.&lt;/p&gt;
&lt;p&gt;Diseñar una aplicación con un menú que permita:&lt;/p&gt;
&lt;p style=&quot;padding-left: 30px;&quot;&gt;1) Incluir un ciclista. Su mostrará la información guardada. En el caso de que su dni ya esté en el sistema, se indicará.&lt;/p&gt;
&lt;p style=&quot;padding-left: 30px;&quot;&gt;2) Eliminar un ciclista. Se mostrará la información del ciclista a eliminar. En el caso de que no exista, se indicará.&lt;/p&gt;
&lt;p style=&quot;padding-left: 30px;&quot;&gt;3) Modificar el modelo de bicicleta de un determinado ciclista. Se mostrará la información con el cambio introducido. En el caso de que no exista, se indicará.&lt;/p&gt;
&lt;p style=&quot;padding-left: 30px;&quot;&gt;4) Añadir una ruta ciclista a un determinado ciclista. Se muestra la información del ciclista y las rutas que ha realizado. En el caso de que no exista, se indicará.&lt;/p&gt;
&lt;p style=&quot;padding-left: 30px;&quot;&gt;5) Para cada uno de los ciclistas, mostrar las rutas recorridas ordenadas por kms. y y el total de kilómetros recorridos por el ciclista. Exportar toda la información al documento ciclistas.txt.&lt;/p&gt;
&lt;p style=&quot;padding-left: 30px;&quot;&gt;6) (Opcional) Es frecuente añadir una misma ruta a muchos ciclistas por lo que se desea una opción que permita introducir una ruta y asignarla a varios ciclistas.&lt;/p&gt;"></unicode>
          <string role="key" value="exe.engine.field.Field.persistenceVersion"></string>
          <int value="4"></int>
          <string role="key" value="exe.engine.field.FieldWithResources.persistenceVersion"></string>
          <int value="2"></int>
          <string role="key" value="exe.engine.field.TextAreaField.persistenceVersion"></string>
          <int value="3"></int>
          <string role="key" value="htmlTag"></string>
          <string value="div"></string>
          <string role="key" value="images"></string>
          <instance class="exe.engine.galleryidevice.GalleryImages">
           <dictionary>
            <string role="key" value=".listitems"></string>
            <list>
             <instance class="exe.engine.galleryidevice.GalleryImage">
              <dictionary>
               <string role="key" value="_caption"></string>
               <instance class="exe.engine.field.TextField">
                <dictionary>
                 <string role="key" value="_id"></string>
                 <int value="716"></int>
                 <string role="key" value="_idevice"></string>
                 <none></none>
                 <string role="key" value="_instruc"></string>
                 <string value=""></string>
                 <string role="key" value="_name"></string>
                 <string value=""></string>
                 <string role="key" value="content"></string>
                 <string value=""></string>
                 <string role="key" value="exe.engine.field.Field.persistenceVersion"></string>
                 <int value="4"></int>
                </dictionary>
               </instance>
               <string role="key" value="_id"></string>
               <unicode value="121_154.64"></unicode>
               <string role="key" value="_imageResource"></string>
               <instance class="exe.engine.resource.Resource" reference="5">
                <dictionary>
                 <string role="key" value="_idevice"></string>
                 <reference key="1"></reference>
                 <string role="key" value="_package"></string>
                 <reference key="2"></reference>
                 <string role="key" value="_storageName"></string>
                 <string value="ciclistas.jpg"></string>
                 <string role="key" value="_userName"></string>
                 <string value="c:\\users\\el\\appdata\\local\\temp\\tmp_cgv3d\\ciclistas.jpg"></string>
                 <string role="key" value="checksum"></string>
                 <string value="8fb2234147372e4c445b5392de6282a1"></string>
                 <string role="key" value="exe.engine.resource.Resource.persistenceVersion"></string>
                 <int value="2"></int>
                 <string role="key" value="exe.engine.resource._Resource.persistenceVersion"></string>
                 <int value="2"></int>
                 <string role="key" value="warningMsg"></string>
                 <string value=""></string>
                </dictionary>
               </instance>
               <string role="key" value="_parent"></string>
               <reference key="3"></reference>
               <string role="key" value="_thumbnailResource"></string>
               <none></none>
               <string role="key" value="exe.engine.galleryidevice.GalleryImage.persistenceVersion"></string>
               <int value="3"></int>
               <string role="key" value="makeThumbnail"></string>
               <bool value="0"></bool>
              </dictionary>
             </instance>
            </list>
            <string role="key" value="idevice"></string>
            <reference key="3"></reference>
           </dictionary>
          </instance>
          <string role="key" value="intlinks_to_anchors"></string>
          <dictionary></dictionary>
          <string role="key" value="nextImageId"></string>
          <int value="65"></int>
          <string role="key" value="parentNode"></string>
          <reference key="4"></reference>
         </dictionary>
        </instance>
        <string role="key" value="edit"></string>
        <bool value="0"></bool>
        <string role="key" value="emphasis"></string>
        <int value="0"></int>
        <string role="key" value="exe.engine.freetextfpdidevice.FreeTextfpdIdevice.persistenceVersion"></string>
        <int value="8"></int>
        <string role="key" value="icon"></string>
        <string value=""></string>
        <string role="key" value="id"></string>
        <unicode value="121"></unicode>
        <string role="key" value="lastIdevice"></string>
        <bool value="0"></bool>
        <string role="key" value="originalicon"></string>
        <string value=""></string>
        <string role="key" value="parentNode"></string>
        <reference key="4"></reference>
        <string role="key" value="systemResources"></string>
        <list></list>
        <string role="key" value="undo"></string>
        <bool value="1"></bool>
        <string role="key" value="userResources"></string>
        <list>
         <reference key="5"></reference>
        </list>
        <string role="key" value="version"></string>
        <int value="0"></int>
       </dictionary>
      </instance>
      <instance class="exe.engine.recomendacionfpdidevice.RecomendacionfpdIdevice" reference="6">
       <dictionary>
        <string role="key" value="_title"></string>
        <unicode value="Se prestará especial atención a"></unicode>
        <string role="key" value="_activityInstruc"></string>
        <unicode value="Enter the text that will appear on this iDevice"></unicode>
        <string role="key" value="_author"></string>
        <unicode value="Jose Ramon Jimenez Reyes"></unicode>
        <string role="key" value="_purpose"></string>
        <unicode value="A Piece of Advice is an iDevice that permits the teacher give advice on interesting books, films..."></unicode>
        <string role="key" value="_tip"></string>
        <unicode value=""></unicode>
        <string role="key" value="activityTextArea"></string>
        <instance class="exe.engine.field.TextAreaField" reference="7">
         <dictionary>
          <string role="key" value="_id"></string>
          <int value="131"></int>
          <string role="key" value="_idevice"></string>
          <reference key="6"></reference>
          <string role="key" value="_instruc"></string>
          <unicode value="Enter the text that will appear on this iDevice"></unicode>
          <string role="key" value="_name"></string>
          <unicode value="A Piece of Advice Text:"></unicode>
          <string role="key" value="anchor_names"></string>
          <list></list>
          <string role="key" value="anchors_linked_from_fields"></string>
          <dictionary></dictionary>
          <string role="key" value="content_w_resourcePaths"></string>
          <unicode content="true" value="&lt;ul&gt;
&lt;li&gt;Los modificadores de acceso y de contenido de los atributos.&lt;/li&gt;
&lt;li&gt;Los tipos de los atributos.&lt;/li&gt;
&lt;li&gt;Los tipos que devuelven los métodos.&lt;/li&gt;
&lt;li&gt;Los parámetros (y sus tipos) de los constructores y métodos.&lt;/li&gt;
&lt;/ul&gt;"></unicode>
          <string role="key" value="exe.engine.field.Field.persistenceVersion"></string>
          <int value="4"></int>
          <string role="key" value="exe.engine.field.FieldWithResources.persistenceVersion"></string>
          <int value="2"></int>
          <string role="key" value="exe.engine.field.TextAreaField.persistenceVersion"></string>
          <int value="3"></int>
          <string role="key" value="htmlTag"></string>
          <string value="div"></string>
          <string role="key" value="images"></string>
          <instance class="exe.engine.galleryidevice.GalleryImages">
           <dictionary>
            <string role="key" value=".listitems"></string>
            <list></list>
            <string role="key" value="idevice"></string>
            <reference key="7"></reference>
           </dictionary>
          </instance>
          <string role="key" value="intlinks_to_anchors"></string>
          <dictionary></dictionary>
          <string role="key" value="nextImageId"></string>
          <int value="0"></int>
          <string role="key" value="parentNode"></string>
          <reference key="4"></reference>
         </dictionary>
        </instance>
        <string role="key" value="edit"></string>
        <bool value="0"></bool>
        <string role="key" value="emphasis"></string>
        <string value="_recomendacionfpd"></string>
        <string role="key" value="exe.engine.recomendacionfpdidevice.RecomendacionfpdIdevice.persistenceVersion"></string>
        <int value="9"></int>
        <string role="key" value="icon"></string>
        <unicode value="recomendacionfpd"></unicode>
        <string role="key" value="id"></string>
        <unicode value="124"></unicode>
        <string role="key" value="lastIdevice"></string>
        <bool value="0"></bool>
        <string role="key" value="originalicon"></string>
        <unicode value="recomendacionfpd"></unicode>
        <string role="key" value="parentNode"></string>
        <reference key="4"></reference>
        <string role="key" value="systemResources"></string>
        <list></list>
        <string role="key" value="undo"></string>
        <bool value="1"></bool>
        <string role="key" value="userResources"></string>
        <list></list>
        <string role="key" value="version"></string>
        <int value="0"></int>
       </dictionary>
      </instance>
      <instance class="exe.engine.jsidevice.JsIdevice" reference="8">
       <dictionary>
        <string role="key" value="_title"></string>
        <unicode value="Consideraciones"></unicode>
        <string role="key" value="_attributes"></string>
        <list>
         <tuple>
          <string value="title"></string>
          <list>
           <string value="Title"></string>
           <int value="0"></int>
           <int value="0"></int>
          </list>
         </tuple>
         <tuple>
          <string value="category"></string>
          <list>
           <string value="Category"></string>
           <int value="0"></int>
           <int value="1"></int>
          </list>
         </tuple>
         <tuple>
          <string value="css-class"></string>
          <list>
           <string value="CSS class"></string>
           <int value="0"></int>
           <int value="2"></int>
          </list>
         </tuple>
         <tuple>
          <string value="icon"></string>
          <list>
           <string value="Icon"></string>
           <int value="0"></int>
           <int value="3"></int>
          </list>
         </tuple>
        </list>
        <string role="key" value="_author"></string>
        <string value=""></string>
        <string role="key" value="_iDeviceDir"></string>
        <string value="text"></string>
        <string role="key" value="_purpose"></string>
        <string value=""></string>
        <string role="key" value="_tip"></string>
        <string value=""></string>
        <string role="key" value="_typeName"></string>
        <unicode value="Text"></unicode>
        <string role="key" value="_valid"></string>
        <bool value="1"></bool>
        <string role="key" value="class_"></string>
        <unicode value="text"></unicode>
        <string role="key" value="edit"></string>
        <bool value="0"></bool>
        <string role="key" value="emphasis"></string>
        <int value="1"></int>
        <string role="key" value="exe.engine.jsidevice.JsIdevice.persistenceVersion"></string>
        <int value="1"></int>
        <string role="key" value="fields"></string>
        <list>
         <instance class="exe.engine.field.TextAreaField" reference="9">
          <dictionary>
           <string role="key" value="_id"></string>
           <unicode value="125_2"></unicode>
           <string role="key" value="_idevice"></string>
           <reference key="8"></reference>
           <string role="key" value="_instruc"></string>
           <string value=""></string>
           <string role="key" value="_name"></string>
           <string value=""></string>
           <string role="key" value="anchor_names"></string>
           <list></list>
           <string role="key" value="anchors_linked_from_fields"></string>
           <dictionary></dictionary>
           <string role="key" value="content_w_resourcePaths"></string>
           <unicode content="true" value="&lt;div class=&quot;exe-text&quot;&gt;&lt;ul&gt;
&lt;li&gt;Se podrán crear los atributos, constructores y métodos que se consideren necesarios.&lt;/li&gt;
&lt;li&gt;Solo se crearán los métodos getters y setters que vayan a ser utilizados.&lt;/li&gt;
&lt;li&gt;&lt;strong&gt;&lt;span style=&quot;color: #ff0000;&quot;&gt;Para facilitar la prueba es OBLIGATORIA la creación de objetos precargados cuyos valores permitan comprobar el funcionamiento de la aplicación.&lt;/span&gt;&lt;/strong&gt;&lt;/li&gt;
&lt;li&gt;Las clases que no incluyan el nombre del autor NO se calificarán.&lt;/li&gt;
&lt;/ul&gt;&lt;/div&gt;"></unicode>
           <string role="key" value="exe.engine.field.Field.persistenceVersion"></string>
           <int value="4"></int>
           <string role="key" value="exe.engine.field.FieldWithResources.persistenceVersion"></string>
           <int value="2"></int>
           <string role="key" value="exe.engine.field.TextAreaField.persistenceVersion"></string>
           <int value="3"></int>
           <string role="key" value="htmlTag"></string>
           <string value="div"></string>
           <string role="key" value="images"></string>
           <instance class="exe.engine.galleryidevice.GalleryImages">
            <dictionary>
             <string role="key" value=".listitems"></string>
             <list></list>
             <string role="key" value="idevice"></string>
             <reference key="9"></reference>
            </dictionary>
           </instance>
           <string role="key" value="intlinks_to_anchors"></string>
           <dictionary></dictionary>
           <string role="key" value="nextImageId"></string>
           <int value="0"></int>
           <string role="key" value="parentNode"></string>
           <reference key="4"></reference>
          </dictionary>
         </instance>
        </list>
        <string role="key" value="icon"></string>
        <unicode value=""></unicode>
        <string role="key" value="id"></string>
        <unicode value="0"></unicode>
        <string role="key" value="ideviceCategory"></string>
        <unicode value="Text and Tasks"></unicode>
        <string role="key" value="lastIdevice"></string>
        <bool value="0"></bool>
        <string role="key" value="nextFieldId"></string>
        <int value="3"></int>
        <string role="key" value="originalicon"></string>
        <string value=""></string>
        <string role="key" value="parentNode"></string>
        <reference key="4"></reference>
        <string role="key" value="systemResources"></string>
        <list></list>
        <string role="key" value="undo"></string>
        <bool value="1"></bool>
        <string role="key" value="userResources"></string>
        <list></list>
        <string role="key" value="version"></string>
        <int value="0"></int>
       </dictionary>
      </instance>
     </list>
     <string role="key" value="_id"></string>
     <unicode value="26"></unicode>
     <string role="key" value="_package"></string>
     <reference key="2"></reference>
     <string role="key" value="anchor_fields"></string>
     <list></list>
     <string role="key" value="exe.engine.node.Node.persistenceVersion"></string>
     <int value="2"></int>
     <string role="key" value="exportType"></string>
     <string value="website"></string>
     <string role="key" value="last_full_node_path"></string>
     <string value="exe-node:Tarea%20evaluable%208.99%3A%20Club%20ciclista"></string>
     <string role="key" value="parent"></string>
     <none></none>
     <string role="key" value="top_anchors_linked_from_fields"></string>
     <list></list>
     <string role="key" value="children"></string>
     <list></list>
    </dictionary>
   </instance>
  </dictionary>
  <string role="key" value="_objectives"></string>
  <unicode value=""></unicode>
  <string role="key" value="_preknowledge"></string>
  <unicode value=""></unicode>
  <string role="key" value="_templateFile"></string>
  <string value=""></string>
  <string role="key" value="anchor_nodes"></string>
  <list></list>
  <string role="key" value="backgroundImgTile"></string>
  <bool value="0"></bool>
  <string role="key" value="currentNode"></string>
  <reference key="4"></reference>
  <string role="key" value="dublinCore"></string>
  <instance class="exe.engine.package.DublinCore">
   <dictionary>
    <string role="key" value="contributors"></string>
    <unicode value=""></unicode>
    <string role="key" value="coverage"></string>
    <unicode value=""></unicode>
    <string role="key" value="creator"></string>
    <unicode value=""></unicode>
    <string role="key" value="date"></string>
    <unicode value=""></unicode>
    <string role="key" value="description"></string>
    <unicode value=""></unicode>
    <string role="key" value="format"></string>
    <unicode value=""></unicode>
    <string role="key" value="identifier"></string>
    <unicode value="00921b91-1031-4c95-9479-5926a527f3e2"></unicode>
    <string role="key" value="language"></string>
    <unicode value="es"></unicode>
    <string role="key" value="publisher"></string>
    <unicode value=""></unicode>
    <string role="key" value="relation"></string>
    <unicode value=""></unicode>
    <string role="key" value="rights"></string>
    <unicode value=""></unicode>
    <string role="key" value="source"></string>
    <unicode value=""></unicode>
    <string role="key" value="subject"></string>
    <unicode value=""></unicode>
    <string role="key" value="title"></string>
    <unicode value=""></unicode>
    <string role="key" value="type"></string>
    <unicode value=""></unicode>
   </dictionary>
  </instance>
  <string role="key" value="exe.engine.package.Package.persistenceVersion"></string>
  <int value="16"></int>
  <string role="key" value="exportMetadataType"></string>
  <string value="LOMES"></string>
  <string role="key" value="exportSource"></string>
  <bool value="1"></bool>
  <string role="key" value="footer"></string>
  <unicode value=""></unicode>
  <string role="key" value="isLoading"></string>
  <bool value="0"></bool>
  <string role="key" value="license"></string>
  <unicode value="None"></unicode>
  <string role="key" value="lom"></string>
  <instance class="exe.engine.lom.lomsubs.lomSub">
   <dictionary>
    <string role="key" value="__index__"></string>
    <dictionary></dictionary>
    <string role="key" value="__oldchild__"></string>
    <none></none>
    <string role="key" value="annotation"></string>
    <list></list>
    <string role="key" value="classification"></string>
    <list></list>
    <string role="key" value="educational"></string>
    <list>
     <instance class="exe.engine.lom.lomsubs.educationalSub">
      <dictionary>
       <string role="key" value="cognitiveProcess"></string>
       <list></list>
       <string role="key" value="context"></string>
       <list>
        <instance class="exe.engine.lom.lomsubs.contextSub">
         <dictionary>
          <string role="key" value="extensiontype_"></string>
          <none></none>
          <string role="key" value="source"></string>
          <instance class="exe.engine.lom.lomsubs.sourceValueSub">
           <dictionary>
            <string role="key" value="extensiontype_"></string>
            <none></none>
            <string role="key" value="string"></string>
            <list></list>
            <string role="key" value="uniqueElementName"></string>
            <string value="source"></string>
            <string role="key" value="valueOf_"></string>
            <string value="LOMv1.0"></string>
           </dictionary>
          </instance>
          <string role="key" value="value"></string>
          <instance class="exe.engine.lom.lomsubs.contextValueSub">
           <dictionary>
            <string role="key" value="extensiontype_"></string>
            <none></none>
            <string role="key" value="source"></string>
            <none></none>
            <string role="key" value="uniqueElementName"></string>
            <string value="value"></string>
            <string role="key" value="value"></string>
            <none></none>
            <string role="key" value="valueOf_"></string>
            <string value="other"></string>
           </dictionary>
          </instance>
         </dictionary>
        </instance>
        <instance class="exe.engine.lom.lomsubs.contextSub">
         <dictionary>
          <string role="key" value="extensiontype_"></string>
          <none></none>
          <string role="key" value="source"></string>
          <instance class="exe.engine.lom.lomsubs.sourceValueSub">
           <dictionary>
            <string role="key" value="extensiontype_"></string>
            <none></none>
            <string role="key" value="string"></string>
            <list></list>
            <string role="key" value="uniqueElementName"></string>
            <string value="source"></string>
            <string role="key" value="valueOf_"></string>
            <string value="LOMv1.0"></string>
           </dictionary>
          </instance>
          <string role="key" value="value"></string>
          <instance class="exe.engine.lom.lomsubs.contextValueSub">
           <dictionary>
            <string role="key" value="extensiontype_"></string>
            <none></none>
            <string role="key" value="source"></string>
            <none></none>
            <string role="key" value="uniqueElementName"></string>
            <string value="value"></string>
            <string role="key" value="value"></string>
            <none></none>
            <string role="key" value="valueOf_"></string>
            <string value="school"></string>
           </dictionary>
          </instance>
         </dictionary>
        </instance>
       </list>
       <string role="key" value="description"></string>
       <list></list>
       <string role="key" value="difficulty"></string>
       <none></none>
       <string role="key" value="intendedEndUserRole"></string>
       <list>
        <instance class="exe.engine.lom.lomsubs.intendedEndUserRoleSub">
         <dictionary>
          <string role="key" value="extensiontype_"></string>
          <none></none>
          <string role="key" value="source"></string>
          <instance class="exe.engine.lom.lomsubs.sourceValueSub">
           <dictionary>
            <string role="key" value="extensiontype_"></string>
            <none></none>
            <string role="key" value="string"></string>
            <list></list>
            <string role="key" value="uniqueElementName"></string>
            <string value="source"></string>
            <string role="key" value="valueOf_"></string>
            <string value="LOMv1.0"></string>
           </dictionary>
          </instance>
          <string role="key" value="value"></string>
          <instance class="exe.engine.lom.lomsubs.intendedEndUserRoleValueSub">
           <dictionary>
            <string role="key" value="extensiontype_"></string>
            <none></none>
            <string role="key" value="source"></string>
            <none></none>
            <string role="key" value="uniqueElementName"></string>
            <string value="value"></string>
            <string role="key" value="value"></string>
            <none></none>
            <string role="key" value="valueOf_"></string>
            <string value="learner"></string>
           </dictionary>
          </instance>
         </dictionary>
        </instance>
       </list>
       <string role="key" value="interactivityLevel"></string>
       <none></none>
       <string role="key" value="interactivityType"></string>
       <none></none>
       <string role="key" value="language"></string>
       <list>
        <instance class="exe.engine.lom.lomsubs.LanguageIdSub">
         <dictionary>
          <string role="key" value="extensiontype_"></string>
          <none></none>
          <string role="key" value="valueOf_"></string>
          <string value="es"></string>
         </dictionary>
        </instance>
       </list>
       <string role="key" value="learningResourceType"></string>
       <list></list>
       <string role="key" value="semanticDensity"></string>
       <none></none>
       <string role="key" value="typicalAgeRange"></string>
       <list></list>
       <string role="key" value="typicalLearningTime"></string>
       <none></none>
      </dictionary>
     </instance>
    </list>
    <string role="key" value="general"></string>
    <instance class="exe.engine.lom.lomsubs.generalSub">
     <dictionary>
      <string role="key" value="aggregationLevel"></string>
      <instance class="exe.engine.lom.lomsubs.aggregationLevelSub">
       <dictionary>
        <string role="key" value="extensiontype_"></string>
        <none></none>
        <string role="key" value="source"></string>
        <instance class="exe.engine.lom.lomsubs.sourceValueSub">
         <dictionary>
          <string role="key" value="extensiontype_"></string>
          <none></none>
          <string role="key" value="string"></string>
          <list></list>
          <string role="key" value="uniqueElementName"></string>
          <string value="source"></string>
          <string role="key" value="valueOf_"></string>
          <string value="LOMv1.0"></string>
         </dictionary>
        </instance>
        <string role="key" value="uniqueElementName"></string>
        <string value="aggregationLevel"></string>
        <string role="key" value="value"></string>
        <instance class="exe.engine.lom.lomsubs.aggregationLevelValueSub">
         <dictionary>
          <string role="key" value="extensiontype_"></string>
          <none></none>
          <string role="key" value="source"></string>
          <none></none>
          <string role="key" value="uniqueElementName"></string>
          <string value="value"></string>
          <string role="key" value="value"></string>
          <none></none>
          <string role="key" value="valueOf_"></string>
          <string value="2"></string>
         </dictionary>
        </instance>
       </dictionary>
      </instance>
      <string role="key" value="coverage"></string>
      <list></list>
      <string role="key" value="description"></string>
      <list></list>
      <string role="key" value="identifier"></string>
      <list>
       <instance class="exe.engine.lom.lomsubs.identifierSub">
        <dictionary>
         <string role="key" value="catalog"></string>
         <instance class="exe.engine.lom.lomsubs.catalogSub">
          <dictionary>
           <string role="key" value="uniqueElementName"></string>
           <string value="catalog"></string>
           <string role="key" value="valueOf_"></string>
           <unicode value="Mi catálogo"></unicode>
          </dictionary>
         </instance>
         <string role="key" value="entry"></string>
         <instance class="exe.engine.lom.lomsubs.entrySub">
          <dictionary>
           <string role="key" value="uniqueElementName"></string>
           <string value="entry"></string>
           <string role="key" value="valueOf_"></string>
           <unicode value="00921b91-1031-4c95-9479-5926a527f3e2"></unicode>
          </dictionary>
         </instance>
        </dictionary>
       </instance>
      </list>
      <string role="key" value="keyword"></string>
      <list></list>
      <string role="key" value="language"></string>
      <list>
       <instance class="exe.engine.lom.lomsubs.LanguageIdSub">
        <dictionary>
         <string role="key" value="extensiontype_"></string>
         <none></none>
         <string role="key" value="valueOf_"></string>
         <string value="es"></string>
        </dictionary>
       </instance>
      </list>
      <string role="key" value="structure"></string>
      <none></none>
      <string role="key" value="title"></string>
      <instance class="exe.engine.lom.lomsubs.titleSub">
       <dictionary>
        <string role="key" value="extensiontype_"></string>
        <none></none>
        <string role="key" value="string"></string>
        <list></list>
        <string role="key" value="uniqueElementName"></string>
        <none></none>
       </dictionary>
      </instance>
      <string role="key" value="uniqueElementName"></string>
      <string value="general"></string>
     </dictionary>
    </instance>
    <string role="key" value="lifeCycle"></string>
    <none></none>
    <string role="key" value="metaMetadata"></string>
    <instance class="exe.engine.lom.lomsubs.metaMetadataSub">
     <dictionary>
      <string role="key" value="contribute"></string>
      <list></list>
      <string role="key" value="identifier"></string>
      <list></list>
      <string role="key" value="language"></string>
      <instance class="exe.engine.lom.lomsubs.LanguageIdSub">
       <dictionary>
        <string role="key" value="extensiontype_"></string>
        <none></none>
        <string role="key" value="valueOf_"></string>
        <string value="es"></string>
       </dictionary>
      </instance>
      <string role="key" value="metadataSchema"></string>
      <list>
       <instance class="exe.engine.lom.lomsubs.metadataSchemaSub">
        <dictionary>
         <string role="key" value="valueOf_"></string>
         <string value="LOMv1.0"></string>
        </dictionary>
       </instance>
      </list>
      <string role="key" value="uniqueElementName"></string>
      <string value="metaMetadata"></string>
     </dictionary>
    </instance>
    <string role="key" value="relation"></string>
    <list></list>
    <string role="key" value="rights"></string>
    <instance class="exe.engine.lom.lomsubs.rightsSub">
     <dictionary>
      <string role="key" value="access"></string>
      <none></none>
      <string role="key" value="copyrightAndOtherRestrictions"></string>
      <instance class="exe.engine.lom.lomsubs.copyrightAndOtherRestrictionsSub">
       <dictionary>
        <string role="key" value="extensiontype_"></string>
        <none></none>
        <string role="key" value="source"></string>
        <instance class="exe.engine.lom.lomsubs.sourceValueSub">
         <dictionary>
          <string role="key" value="extensiontype_"></string>
          <none></none>
          <string role="key" value="string"></string>
          <list></list>
          <string role="key" value="uniqueElementName"></string>
          <string value="source"></string>
          <string role="key" value="valueOf_"></string>
          <string value="LOMv1.0"></string>
         </dictionary>
        </instance>
        <string role="key" value="uniqueElementName"></string>
        <string value="copyrightAndOtherRestrictions"></string>
        <string role="key" value="value"></string>
        <instance class="exe.engine.lom.lomsubs.copyrightAndOtherRestrictionsValueSub">
         <dictionary>
          <string role="key" value="extensiontype_"></string>
          <none></none>
          <string role="key" value="source"></string>
          <none></none>
          <string role="key" value="uniqueElementName"></string>
          <string value="value"></string>
          <string role="key" value="value"></string>
          <none></none>
          <string role="key" value="valueOf_"></string>
          <string value="yes"></string>
         </dictionary>
        </instance>
       </dictionary>
      </instance>
      <string role="key" value="cost"></string>
      <none></none>
      <string role="key" value="description"></string>
      <none></none>
      <string role="key" value="uniqueElementName"></string>
      <none></none>
     </dictionary>
    </instance>
    <string role="key" value="technical"></string>
    <none></none>
   </dictionary>
  </instance>
  <string role="key" value="lomEs"></string>
  <instance class="exe.engine.lom.lomsubs.lomSub">
   <dictionary>
    <string role="key" value="__index__"></string>
    <dictionary></dictionary>
    <string role="key" value="__oldchild__"></string>
    <none></none>
    <string role="key" value="annotation"></string>
    <list></list>
    <string role="key" value="classification"></string>
    <list></list>
    <string role="key" value="educational"></string>
    <list>
     <instance class="exe.engine.lom.lomsubs.educationalSub">
      <dictionary>
       <string role="key" value="cognitiveProcess"></string>
       <list></list>
       <string role="key" value="context"></string>
       <list>
        <instance class="exe.engine.lom.lomsubs.contextSub">
         <dictionary>
          <string role="key" value="extensiontype_"></string>
          <none></none>
          <string role="key" value="source"></string>
          <instance class="exe.engine.lom.lomsubs.sourceValueSub">
           <dictionary>
            <string role="key" value="extensiontype_"></string>
            <none></none>
            <string role="key" value="string"></string>
            <list></list>
            <string role="key" value="uniqueElementName"></string>
            <string value="source"></string>
            <string role="key" value="valueOf_"></string>
            <string value="LOM-ESv1.0"></string>
           </dictionary>
          </instance>
          <string role="key" value="value"></string>
          <instance class="exe.engine.lom.lomsubs.contextValueSub">
           <dictionary>
            <string role="key" value="extensiontype_"></string>
            <none></none>
            <string role="key" value="source"></string>
            <none></none>
            <string role="key" value="uniqueElementName"></string>
            <string value="value"></string>
            <string role="key" value="value"></string>
            <none></none>
            <string role="key" value="valueOf_"></string>
            <string value="presencial"></string>
           </dictionary>
          </instance>
         </dictionary>
        </instance>
        <instance class="exe.engine.lom.lomsubs.contextSub">
         <dictionary>
          <string role="key" value="extensiontype_"></string>
          <none></none>
          <string role="key" value="source"></string>
          <instance class="exe.engine.lom.lomsubs.sourceValueSub">
           <dictionary>
            <string role="key" value="extensiontype_"></string>
            <none></none>
            <string role="key" value="string"></string>
            <list></list>
            <string role="key" value="uniqueElementName"></string>
            <string value="source"></string>
            <string role="key" value="valueOf_"></string>
            <string value="LOM-ESv1.0"></string>
           </dictionary>
          </instance>
          <string role="key" value="value"></string>
          <instance class="exe.engine.lom.lomsubs.contextValueSub">
           <dictionary>
            <string role="key" value="extensiontype_"></string>
            <none></none>
            <string role="key" value="source"></string>
            <none></none>
            <string role="key" value="uniqueElementName"></string>
            <string value="value"></string>
            <string role="key" value="value"></string>
            <none></none>
            <string role="key" value="valueOf_"></string>
            <string value="classroom"></string>
           </dictionary>
          </instance>
         </dictionary>
        </instance>
       </list>
       <string role="key" value="description"></string>
       <list></list>
       <string role="key" value="difficulty"></string>
       <none></none>
       <string role="key" value="intendedEndUserRole"></string>
       <list>
        <instance class="exe.engine.lom.lomsubs.intendedEndUserRoleSub">
         <dictionary>
          <string role="key" value="extensiontype_"></string>
          <none></none>
          <string role="key" value="source"></string>
          <instance class="exe.engine.lom.lomsubs.sourceValueSub">
           <dictionary>
            <string role="key" value="extensiontype_"></string>
            <none></none>
            <string role="key" value="string"></string>
            <list></list>
            <string role="key" value="uniqueElementName"></string>
            <string value="source"></string>
            <string role="key" value="valueOf_"></string>
            <string value="LOM-ESv1.0"></string>
           </dictionary>
          </instance>
          <string role="key" value="value"></string>
          <instance class="exe.engine.lom.lomsubs.intendedEndUserRoleValueSub">
           <dictionary>
            <string role="key" value="extensiontype_"></string>
            <none></none>
            <string role="key" value="source"></string>
            <none></none>
            <string role="key" value="uniqueElementName"></string>
            <string value="value"></string>
            <string role="key" value="value"></string>
            <none></none>
            <string role="key" value="valueOf_"></string>
            <string value="learner"></string>
           </dictionary>
          </instance>
         </dictionary>
        </instance>
       </list>
       <string role="key" value="interactivityLevel"></string>
       <none></none>
       <string role="key" value="interactivityType"></string>
       <none></none>
       <string role="key" value="language"></string>
       <list>
        <instance class="exe.engine.lom.lomsubs.LanguageIdSub">
         <dictionary>
          <string role="key" value="extensiontype_"></string>
          <none></none>
          <string role="key" value="valueOf_"></string>
          <string value="es"></string>
         </dictionary>
        </instance>
       </list>
       <string role="key" value="learningResourceType"></string>
       <list></list>
       <string role="key" value="semanticDensity"></string>
       <none></none>
       <string role="key" value="typicalAgeRange"></string>
       <list></list>
       <string role="key" value="typicalLearningTime"></string>
       <none></none>
      </dictionary>
     </instance>
    </list>
    <string role="key" value="general"></string>
    <instance class="exe.engine.lom.lomsubs.generalSub">
     <dictionary>
      <string role="key" value="aggregationLevel"></string>
      <instance class="exe.engine.lom.lomsubs.aggregationLevelSub">
       <dictionary>
        <string role="key" value="extensiontype_"></string>
        <none></none>
        <string role="key" value="source"></string>
        <instance class="exe.engine.lom.lomsubs.sourceValueSub">
         <dictionary>
          <string role="key" value="extensiontype_"></string>
          <none></none>
          <string role="key" value="string"></string>
          <list></list>
          <string role="key" value="uniqueElementName"></string>
          <string value="source"></string>
          <string role="key" value="valueOf_"></string>
          <string value="LOM-ESv1.0"></string>
         </dictionary>
        </instance>
        <string role="key" value="uniqueElementName"></string>
        <string value="aggregationLevel"></string>
        <string role="key" value="value"></string>
        <instance class="exe.engine.lom.lomsubs.aggregationLevelValueSub">
         <dictionary>
          <string role="key" value="extensiontype_"></string>
          <none></none>
          <string role="key" value="source"></string>
          <none></none>
          <string role="key" value="uniqueElementName"></string>
          <string value="value"></string>
          <string role="key" value="value"></string>
          <none></none>
          <string role="key" value="valueOf_"></string>
          <string value="2"></string>
         </dictionary>
        </instance>
       </dictionary>
      </instance>
      <string role="key" value="coverage"></string>
      <list></list>
      <string role="key" value="description"></string>
      <list></list>
      <string role="key" value="identifier"></string>
      <list>
       <instance class="exe.engine.lom.lomsubs.identifierSub">
        <dictionary>
         <string role="key" value="catalog"></string>
         <instance class="exe.engine.lom.lomsubs.catalogSub">
          <dictionary>
           <string role="key" value="uniqueElementName"></string>
           <string value="catalog"></string>
           <string role="key" value="valueOf_"></string>
           <unicode value="Mi catálogo"></unicode>
          </dictionary>
         </instance>
         <string role="key" value="entry"></string>
         <instance class="exe.engine.lom.lomsubs.entrySub">
          <dictionary>
           <string role="key" value="uniqueElementName"></string>
           <string value="entry"></string>
           <string role="key" value="valueOf_"></string>
           <unicode value="00921b91-1031-4c95-9479-5926a527f3e2"></unicode>
          </dictionary>
         </instance>
        </dictionary>
       </instance>
      </list>
      <string role="key" value="keyword"></string>
      <list></list>
      <string role="key" value="language"></string>
      <list>
       <instance class="exe.engine.lom.lomsubs.LanguageIdSub">
        <dictionary>
         <string role="key" value="extensiontype_"></string>
         <none></none>
         <string role="key" value="valueOf_"></string>
         <string value="es"></string>
        </dictionary>
       </instance>
      </list>
      <string role="key" value="structure"></string>
      <none></none>
      <string role="key" value="title"></string>
      <instance class="exe.engine.lom.lomsubs.titleSub">
       <dictionary>
        <string role="key" value="extensiontype_"></string>
        <none></none>
        <string role="key" value="string"></string>
        <list></list>
        <string role="key" value="uniqueElementName"></string>
        <none></none>
       </dictionary>
      </instance>
      <string role="key" value="uniqueElementName"></string>
      <string value="general"></string>
     </dictionary>
    </instance>
    <string role="key" value="lifeCycle"></string>
    <none></none>
    <string role="key" value="metaMetadata"></string>
    <instance class="exe.engine.lom.lomsubs.metaMetadataSub">
     <dictionary>
      <string role="key" value="contribute"></string>
      <list></list>
      <string role="key" value="identifier"></string>
      <list></list>
      <string role="key" value="language"></string>
      <instance class="exe.engine.lom.lomsubs.LanguageIdSub">
       <dictionary>
        <string role="key" value="extensiontype_"></string>
        <none></none>
        <string role="key" value="valueOf_"></string>
        <string value="es"></string>
       </dictionary>
      </instance>
      <string role="key" value="metadataSchema"></string>
      <list>
       <instance class="exe.engine.lom.lomsubs.metadataSchemaSub">
        <dictionary>
         <string role="key" value="valueOf_"></string>
         <string value="LOM-ESv1.0"></string>
        </dictionary>
       </instance>
      </list>
      <string role="key" value="uniqueElementName"></string>
      <string value="metaMetadata"></string>
     </dictionary>
    </instance>
    <string role="key" value="relation"></string>
    <list></list>
    <string role="key" value="rights"></string>
    <instance class="exe.engine.lom.lomsubs.rightsSub">
     <dictionary>
      <string role="key" value="access"></string>
      <instance class="exe.engine.lom.lomsubs.accessSub">
       <dictionary>
        <string role="key" value="accessType"></string>
        <instance class="exe.engine.lom.lomsubs.accessTypeSub">
         <dictionary>
          <string role="key" value="extensiontype_"></string>
          <none></none>
          <string role="key" value="source"></string>
          <instance class="exe.engine.lom.lomsubs.sourceValueSub">
           <dictionary>
            <string role="key" value="extensiontype_"></string>
            <none></none>
            <string role="key" value="string"></string>
            <list></list>
            <string role="key" value="uniqueElementName"></string>
            <string value="source"></string>
            <string role="key" value="valueOf_"></string>
            <string value="LOM-ESv1.0"></string>
           </dictionary>
          </instance>
          <string role="key" value="uniqueElementName"></string>
          <string value="accessType"></string>
          <string role="key" value="value"></string>
          <instance class="exe.engine.lom.lomsubs.accessTypeValueSub">
           <dictionary>
            <string role="key" value="extensiontype_"></string>
            <none></none>
            <string role="key" value="source"></string>
            <none></none>
            <string role="key" value="uniqueElementName"></string>
            <string value="value"></string>
            <string role="key" value="value"></string>
            <none></none>
            <string role="key" value="valueOf_"></string>
            <string value="universal"></string>
           </dictionary>
          </instance>
         </dictionary>
        </instance>
        <string role="key" value="description"></string>
        <instance class="exe.engine.lom.lomsubs.LanguageStringSub">
         <dictionary>
          <string role="key" value="extensiontype_"></string>
          <none></none>
          <string role="key" value="string"></string>
          <list>
           <instance class="exe.engine.lom.lomsubs.LangStringSub">
            <dictionary>
             <string role="key" value="language"></string>
             <string value="es"></string>
             <string role="key" value="valueOf_"></string>
             <unicode value="Preestablecido"></unicode>
            </dictionary>
           </instance>
          </list>
         </dictionary>
        </instance>
        <string role="key" value="uniqueElementName"></string>
        <string value="access"></string>
       </dictionary>
      </instance>
      <string role="key" value="copyrightAndOtherRestrictions"></string>
      <instance class="exe.engine.lom.lomsubs.copyrightAndOtherRestrictionsSub">
       <dictionary>
        <string role="key" value="extensiontype_"></string>
        <none></none>
        <string role="key" value="source"></string>
        <instance class="exe.engine.lom.lomsubs.sourceValueSub">
         <dictionary>
          <string role="key" value="extensiontype_"></string>
          <none></none>
          <string role="key" value="string"></string>
          <list></list>
          <string role="key" value="uniqueElementName"></string>
          <string value="source"></string>
          <string role="key" value="valueOf_"></string>
          <string value="LOM-ESv1.0"></string>
         </dictionary>
        </instance>
        <string role="key" value="uniqueElementName"></string>
        <string value="copyrightAndOtherRestrictions"></string>
        <string role="key" value="value"></string>
        <instance class="exe.engine.lom.lomsubs.copyrightAndOtherRestrictionsValueSub">
         <dictionary>
          <string role="key" value="extensiontype_"></string>
          <none></none>
          <string role="key" value="source"></string>
          <none></none>
          <string role="key" value="uniqueElementName"></string>
          <string value="value"></string>
          <string role="key" value="value"></string>
          <none></none>
          <string role="key" value="valueOf_"></string>
          <string value="None"></string>
         </dictionary>
        </instance>
       </dictionary>
      </instance>
      <string role="key" value="cost"></string>
      <none></none>
      <string role="key" value="description"></string>
      <none></none>
      <string role="key" value="uniqueElementName"></string>
      <string value="rights"></string>
     </dictionary>
    </instance>
    <string role="key" value="technical"></string>
    <none></none>
   </dictionary>
  </instance>
  <string role="key" value="mxmlforcemediaonly"></string>
  <bool value="0"></bool>
  <string role="key" value="mxmlheight"></string>
  <string value=""></string>
  <string role="key" value="mxmlprofilelist"></string>
  <string value=""></string>
  <string role="key" value="mxmlwidth"></string>
  <string value=""></string>
  <string role="key" value="release"></string>
  <string value="2.8.1"></string>
  <string role="key" value="resources"></string>
  <dictionary>
   <string role="key" value="8fb2234147372e4c445b5392de6282a1"></string>
   <list>
    <reference key="5"></reference>
   </list>
  </dictionary>
  <string role="key" value="root"></string>
  <reference key="4"></reference>
  <string role="key" value="scolinks"></string>
  <bool value="0"></bool>
  <string role="key" value="scowsinglepage"></string>
  <bool value="0"></bool>
  <string role="key" value="scowwebsite"></string>
  <bool value="0"></bool>
  <string role="key" value="style"></string>
  <unicode value="INTEF"></unicode>
  <string role="key" value="sugaractivityname"></string>
  <string value=""></string>
  <string role="key" value="sugarservicename"></string>
  <string value=""></string>
  <string role="key" value="tempFile"></string>
  <bool value="0"></bool>
 </dictionary>
</instance>