CREATE DATABASE  IF NOT EXISTS `biblioteca_ud5` /*!40100 DEFAULT CHARACTER SET utf8mb4 COLLATE utf8mb4_0900_ai_ci */ /*!80016 DEFAULT ENCRYPTION='N' */;
USE `biblioteca_ud5`;
-- MySQL dump 10.13  Distrib 8.0.34, for Win64 (x86_64)
--
-- Host: localhost    Database: biblioteca_ud5
-- ------------------------------------------------------
-- Server version	8.0.35

/*!40101 SET @OLD_CHARACTER_SET_CLIENT=@@CHARACTER_SET_CLIENT */;
/*!40101 SET @OLD_CHARACTER_SET_RESULTS=@@CHARACTER_SET_RESULTS */;
/*!40101 SET @OLD_COLLATION_CONNECTION=@@COLLATION_CONNECTION */;
/*!50503 SET NAMES utf8 */;
/*!40103 SET @OLD_TIME_ZONE=@@TIME_ZONE */;
/*!40103 SET TIME_ZONE='+00:00' */;
/*!40014 SET @OLD_UNIQUE_CHECKS=@@UNIQUE_CHECKS, UNIQUE_CHECKS=0 */;
/*!40014 SET @OLD_FOREIGN_KEY_CHECKS=@@FOREIGN_KEY_CHECKS, FOREIGN_KEY_CHECKS=0 */;
/*!40101 SET @OLD_SQL_MODE=@@SQL_MODE, SQL_MODE='NO_AUTO_VALUE_ON_ZERO' */;
/*!40111 SET @OLD_SQL_NOTES=@@SQL_NOTES, SQL_NOTES=0 */;

--
-- Table structure for table `autores`
--

DROP TABLE IF EXISTS `autores`;
/*!40101 SET @saved_cs_client     = @@character_set_client */;
/*!50503 SET character_set_client = utf8mb4 */;
CREATE TABLE `autores` (
  `id_autor` int NOT NULL AUTO_INCREMENT,
  `nombre` varchar(30) NOT NULL,
  `apellidos` varchar(50) NOT NULL,
  PRIMARY KEY (`id_autor`)
) ENGINE=InnoDB AUTO_INCREMENT=22 DEFAULT CHARSET=utf8mb4 COLLATE=utf8mb4_0900_ai_ci;
/*!40101 SET character_set_client = @saved_cs_client */;

--
-- Dumping data for table `autores`
--

LOCK TABLES `autores` WRITE;
/*!40000 ALTER TABLE `autores` DISABLE KEYS */;
INSERT INTO `autores` VALUES (1,'Gabriel','García Márquez'),(2,'Jane','Austen'),(3,'Leo','Tolstoy'),(4,'Ernest','Hemingway'),(5,'Virginia','Woolf'),(6,'Franz','Kafka'),(7,'J.K.','Rowling'),(8,'Charles','Dickens'),(9,'Fyodor','Dostoevsky'),(10,'Toni','Morrison'),(11,'Haruki','Murakami'),(12,'James','Joyce'),(13,'J.R.R.','Tolkien'),(14,'Mark','Twain'),(15,'Margaret','Atwood'),(16,'George','Orwell'),(17,'Emily','Dickinson'),(18,'Milan','Kundera'),(19,'Albert','Camus'),(20,'Isabel','Allende'),(21,'Josh','Sanga');
/*!40000 ALTER TABLE `autores` ENABLE KEYS */;
UNLOCK TABLES;

--
-- Table structure for table `clientes`
--

DROP TABLE IF EXISTS `clientes`;
/*!40101 SET @saved_cs_client     = @@character_set_client */;
/*!50503 SET character_set_client = utf8mb4 */;
CREATE TABLE `clientes` (
  `id` int NOT NULL AUTO_INCREMENT,
  `nombre` varchar(50) NOT NULL,
  `direccion` varchar(100) NOT NULL,
  PRIMARY KEY (`id`)
) ENGINE=InnoDB AUTO_INCREMENT=10 DEFAULT CHARSET=latin1;
/*!40101 SET character_set_client = @saved_cs_client */;

--
-- Dumping data for table `clientes`
--

LOCK TABLES `clientes` WRITE;
/*!40000 ALTER TABLE `clientes` DISABLE KEYS */;
INSERT INTO `clientes` VALUES (1,'Lionel','Valencia'),(2,'Sergi','Valencia'),(3,'Alfredo','Valencia'),(4,'Paco','Valencia'),(5,'Maria','Castellón'),(6,'Pepito','Alicante'),(7,'Luis','Elx'),(8,'Antonia','Xàtiva'),(9,'Carmen','Paterna');
/*!40000 ALTER TABLE `clientes` ENABLE KEYS */;
UNLOCK TABLES;

--
-- Table structure for table `cumpleaños`
--

DROP TABLE IF EXISTS `cumpleaños`;
/*!40101 SET @saved_cs_client     = @@character_set_client */;
/*!50503 SET character_set_client = utf8mb4 */;
CREATE TABLE `cumpleaños` (
  `id` int NOT NULL,
  `nombre` varchar(30) DEFAULT NULL,
  `apellidos` varchar(50) DEFAULT NULL,
  `dia` int DEFAULT NULL,
  `mes` int DEFAULT NULL,
  PRIMARY KEY (`id`),
  CONSTRAINT `cumpleaños_chk_1` CHECK (((`dia` >= 1) and (`dia` <= 31))),
  CONSTRAINT `cumpleaños_chk_2` CHECK (((`mes` >= 1) and (`mes` <= 12)))
) ENGINE=InnoDB DEFAULT CHARSET=utf8mb4 COLLATE=utf8mb4_0900_ai_ci;
/*!40101 SET character_set_client = @saved_cs_client */;

--
-- Dumping data for table `cumpleaños`
--

LOCK TABLES `cumpleaños` WRITE;
/*!40000 ALTER TABLE `cumpleaños` DISABLE KEYS */;
INSERT INTO `cumpleaños` VALUES (1,'Maria','Garcia Garcia',12,8),(2,'Antonio','Martinez Lopez',25,5),(3,'Carmen','Fernandez Perez',3,11),(4,'Manuel','Sanchez Martinez',18,9),(5,'Isabel','Gonzalez Rodriguez',7,3),(6,'Francisco','Lopez Sanchez',31,12),(7,'Laura','Hernandez Gonzalez',15,6),(8,'David','Perez Martinez',20,4),(9,'Ana','Rodriguez Lopez',8,10),(10,'Javier','Martinez Garcia',23,7),(11,'Maria Carmen','Garcia Martinez',15,4),(12,'Francisco Javier','Martin Sanchez',28,2),(13,'Elena','Sanchez Perez',3,8),(14,'Daniel','Gonzalez Rodriguez',10,11),(15,'Sara','Lopez Martinez',22,9),(16,'Carlos','Hernandez Sanchez',5,1),(17,'Ana Maria','Perez Gonzalez',29,6),(18,'Pablo','Rodriguez Rodriguez',17,3),(19,'Lucia','Garcia Lopez',9,12),(20,'Ruben','Martinez Martinez',2,8),(21,'Maria','Gonzalez Martinez',12,8),(22,'Antonio','Lopez Garcia',25,3),(23,'Isabel','Rodriguez Fernandez',5,11),(24,'Manuel','Perez Rodriguez',18,9),(25,'Ana Maria','Sanchez Lopez',30,7),(26,'Francisco Javier','Martinez Perez',22,4),(27,'Laura','Gomez Sanchez',15,12),(28,'David','Fernandez Martin',9,6),(29,'Sara','Martinez Garcia',31,10),(30,'Javier','Rodriguez Sanchez',8,3),(31,'Carmen','Perez Martinez',20,9),(32,'Daniel','Gonzalez Lopez',14,2),(33,'Maria Jose','Lopez Rodriguez',28,5),(34,'Juan Jose','Sanchez Perez',3,8),(35,'Marta','Martin Sanchez',17,11),(36,'Alberto','Gomez Martinez',2,7),(37,'Nuria','Fernandez Lopez',9,12),(38,'Pedro','Martinez Garcia',3,4),(39,'Elena','Sanchez Rodriguez',25,1),(40,'Carlos','Perez Sanchez',18,6),(41,'Beatriz','Gonzalez Martinez',7,8),(42,'Diego','Lopez Garcia',22,10),(43,'Patricia','Rodriguez Fernandez',16,3),(44,'Jorge','Perez Rodriguez',29,7),(45,'Rocio','Sanchez Lopez',4,12),(46,'Rafael','Martinez Perez',10,9),(47,'Silvia','Gomez Sanchez',27,6),(48,'Alvaro','Fernandez Martin',3,2),(49,'Eva','Martinez Garcia',14,11),(50,'Alejandro','Sanchez Rodriguez',7,5),(51,'Marina','Perez Sanchez',19,3),(52,'Jose Antonio','Gonzalez Martinez',26,8),(53,'Luisa','Lopez Garcia',1,10),(54,'Joaquin','Rodriguez Fernandez',12,12),(55,'Cristina','Martinez Perez',23,7),(56,'Adrian','Gomez Lopez',8,4),(57,'Teresa','Fernandez Rodriguez',29,11),(58,'Julian','Sanchez Sanchez',15,6),(59,'Lucia','Perez Martinez',2,9),(60,'Angela','Gonzalez Lopez',11,2),(61,'Roberto','Lopez Garcia',24,8),(62,'Rosa','Rodriguez Fernandez',3,5),(63,'Victor','Martinez Perez',18,3),(64,'Clara','Gomez Lopez',21,7),(65,'Diego','Fernandez Rodriguez',30,10),(66,'Ines','Sanchez Sanchez',13,12),(67,'Alejandra','Perez Martinez',6,2),(68,'Francisco','Gonzalez Lopez',17,4),(69,'Patricia','Lopez Garcia',8,1),(70,'Pablo','Rodriguez Fernandez',25,11),(71,'Sofia','Martinez Perez',20,6),(72,'Javier','Gomez Lopez',7,9),(73,'Celia','Fernandez Rodriguez',2,2),(74,'Ignacio','Sanchez Sanchez',16,4),(75,'Ana','Gonzalez Martinez',28,7),(76,'Marcelo','Lopez Garcia',3,10),(77,'Elena','Rodriguez Fernandez',18,8),(78,'Carlos','Martinez Perez',21,5),(79,'Julia','Gomez Lopez',4,3),(80,'pepito','de los palotes',15,3);
/*!40000 ALTER TABLE `cumpleaños` ENABLE KEYS */;
UNLOCK TABLES;

--
-- Table structure for table `ejemplares`
--

DROP TABLE IF EXISTS `ejemplares`;
/*!40101 SET @saved_cs_client     = @@character_set_client */;
/*!50503 SET character_set_client = utf8mb4 */;
CREATE TABLE `ejemplares` (
  `id_ejemplar` int NOT NULL AUTO_INCREMENT,
  `fecha_adquisicion` date NOT NULL,
  `estanteria` int NOT NULL,
  `balda` int NOT NULL,
  `id_libro` int NOT NULL,
  PRIMARY KEY (`id_ejemplar`),
  KEY `id_libro` (`id_libro`),
  CONSTRAINT `ejemplares_ibfk_1` FOREIGN KEY (`id_libro`) REFERENCES `libros` (`id_libro`) ON DELETE CASCADE ON UPDATE CASCADE
) ENGINE=InnoDB AUTO_INCREMENT=149 DEFAULT CHARSET=utf8mb4 COLLATE=utf8mb4_0900_ai_ci;
/*!40101 SET character_set_client = @saved_cs_client */;

--
-- Dumping data for table `ejemplares`
--

LOCK TABLES `ejemplares` WRITE;
/*!40000 ALTER TABLE `ejemplares` DISABLE KEYS */;
INSERT INTO `ejemplares` VALUES (1,'1998-06-15',23,2,5),(2,'2005-11-20',17,4,42),(3,'2012-09-10',45,3,78),(4,'2003-03-08',86,1,33),(5,'2018-05-02',11,5,92),(6,'2007-08-19',67,2,14),(7,'2015-12-30',4,5,105),(8,'2001-07-11',55,1,21),(9,'2009-04-25',91,3,57),(10,'2019-10-17',28,5,109),(11,'2000-02-14',37,2,9),(12,'2006-09-05',72,4,46),(13,'2013-11-28',14,1,82),(14,'2004-04-18',8,3,37),(15,'2016-08-11',63,5,112),(16,'1997-10-03',48,2,1),(17,'2010-01-07',19,4,62),(18,'2017-03-24',82,1,115),(19,'2002-01-30',30,5,25),(20,'2008-12-13',75,2,49),(21,'2014-06-02',22,3,89),(22,'1996-12-09',95,4,6),(23,'2011-02-14',6,1,69),(24,'2019-01-21',36,5,102),(25,'2005-04-30',78,2,39),(26,'2018-07-05',25,4,98),(27,'2003-09-19',59,3,30),(28,'2016-12-28',4,5,107),(29,'1999-08-22',42,2,17),(30,'2007-01-16',88,4,53),(31,'2015-03-09',9,1,85),(32,'2001-10-05',69,5,26),(33,'2009-05-20',13,3,60),(34,'2019-11-03',52,4,110),(35,'2000-03-25',77,1,11),(36,'2006-10-10',5,5,47),(37,'2013-12-04',34,2,83),(38,'2004-05-28',79,4,40),(39,'2017-09-15',21,5,116),(40,'1997-11-18',57,1,2),(41,'2010-02-27',92,4,63),(42,'2018-04-12',38,3,99),(43,'2002-02-14',11,5,27),(44,'2008-01-01',56,2,50),(45,'2014-06-25',29,4,90),(46,'1996-01-05',68,3,7),(47,'2011-03-12',3,5,70),(48,'2019-01-30',27,1,103),(49,'2005-06-18',81,2,41),(50,'2017-01-11',6,4,113),(51,'2003-10-02',23,5,31),(52,'2009-07-20',67,3,58),(53,'2016-01-14',15,1,86),(54,'1998-01-28',44,2,3),(55,'2010-08-03',79,4,64),(56,'2018-05-20',32,5,100),(57,'2001-01-15',24,1,28),(58,'2007-02-05',61,4,54),(59,'2015-04-01',18,2,91),(60,'1996-03-12',72,3,8),(61,'2011-05-05',7,5,71),(62,'2019-02-10',37,1,104),(63,'2005-08-26',86,2,43),(64,'2017-02-18',8,4,114),(65,'2003-11-12',36,5,32),(66,'2009-08-08',74,3,59),(67,'2016-02-25',16,1,87),(68,'1998-03-21',52,2,4),(69,'2010-09-16',82,4,65),(70,'2018-06-05',40,5,101),(71,'2001-02-24',27,1,29),(72,'2007-03-15',66,4,55),(73,'2015-04-17',19,2,92),(74,'1996-05-02',73,3,10),(75,'2011-06-20',8,5,72),(76,'2019-03-20',43,1,106),(77,'2005-10-15',87,2,44),(78,'2017-03-05',10,4,117),(79,'2004-01-11',37,5,35),(80,'2010-10-31',84,4,66),(81,'2018-07-14',45,1,108),(82,'2001-03-31',10,1,10),(83,'2007-04-25',71,4,56),(84,'2015-05-12',20,2,93),(85,'1996-07-11',75,3,12),(86,'2011-08-04',9,5,73),(87,'2019-04-25',49,1,111),(88,'2005-11-30',88,2,45),(89,'2017-04-20',12,4,118),(90,'2004-02-19',38,5,36),(91,'2010-12-15',87,4,67),(92,'2018-08-03',48,1,23),(93,'2001-05-15',29,1,19),(94,'2007-06-10',62,4,57),(95,'2015-06-05',21,2,94),(96,'1996-09-22',71,3,13),(97,'2011-09-30',10,5,74),(98,'2019-06-10',46,1,94),(99,'2006-01-05',89,2,46),(101,'2004-04-02',39,5,37),(102,'2011-01-20',85,4,75),(103,'2018-09-17',50,1,24),(104,'2001-06-30',31,1,20),(105,'2007-07-25',63,4,58),(106,'2015-07-20',22,2,95),(107,'1996-11-10',72,3,13),(108,'2011-11-14',11,5,76),(109,'1998-07-15',34,2,56),(110,'2005-03-20',78,3,23),(111,'2010-11-05',12,4,104),(112,'2015-09-30',45,1,79),(113,'2000-12-10',87,5,3),(114,'2008-06-25',18,3,97),(115,'2012-04-17',63,2,45),(116,'2019-08-12',92,1,16),(117,'2003-10-28',4,5,68),(118,'2006-02-14',41,5,12),(119,'2013-06-08',77,2,88),(120,'2020-01-22',22,3,101),(121,'1997-05-18',58,1,7),(122,'2009-09-03',31,2,34),(123,'2018-04-05',74,4,52),(124,'1996-08-27',10,3,99),(125,'2002-01-30',55,1,29),(126,'2007-11-11',81,5,65),(127,'2011-02-19',24,2,85),(128,'2016-10-14',69,3,41),(129,'2021-03-08',48,4,110),(130,'1999-03-25',15,1,17),(131,'2004-06-02',50,2,72),(132,'2014-01-11',86,3,93),(133,'2022-06-18',38,4,114),(134,'2001-09-07',4,5,37),(135,'2006-12-29',59,2,5),(136,'2010-07-03',94,1,80),(137,'2017-01-25',27,3,57),(138,'2023-09-01',42,4,117),(139,'1995-11-09',7,5,9),(140,'2008-03-14',52,2,62),(141,'2011-12-03',78,1,87),(142,'2018-08-21',16,3,105),(143,'2024-05-16',5,3,124),(144,'2024-05-16',5,3,124),(145,'2024-05-16',5,3,124),(146,'2024-05-16',5,3,125),(147,'2024-05-16',5,3,125),(148,'2024-05-16',5,3,125);
/*!40000 ALTER TABLE `ejemplares` ENABLE KEYS */;
UNLOCK TABLES;

--
-- Table structure for table `estadisticas`
--

DROP TABLE IF EXISTS `estadisticas`;
/*!40101 SET @saved_cs_client     = @@character_set_client */;
/*!50503 SET character_set_client = utf8mb4 */;
CREATE TABLE `estadisticas` (
  `socios` int DEFAULT NULL,
  `libros` int DEFAULT NULL,
  `ejemplares` int DEFAULT NULL
) ENGINE=InnoDB DEFAULT CHARSET=utf8mb4 COLLATE=utf8mb4_0900_ai_ci;
/*!40101 SET character_set_client = @saved_cs_client */;

--
-- Dumping data for table `estadisticas`
--

LOCK TABLES `estadisticas` WRITE;
/*!40000 ALTER TABLE `estadisticas` DISABLE KEYS */;
/*!40000 ALTER TABLE `estadisticas` ENABLE KEYS */;
UNLOCK TABLES;

--
-- Table structure for table `historico_prestamos`
--

DROP TABLE IF EXISTS `historico_prestamos`;
/*!40101 SET @saved_cs_client     = @@character_set_client */;
/*!50503 SET character_set_client = utf8mb4 */;
CREATE TABLE `historico_prestamos` (
  `id_ejemplar` int NOT NULL,
  `id_socio` int NOT NULL,
  `fecha_prestamo` date NOT NULL,
  `fecha_limite` date NOT NULL,
  `fecha_devolucion` date DEFAULT NULL,
  PRIMARY KEY (`id_ejemplar`,`id_socio`,`fecha_prestamo`),
  KEY `id_socio` (`id_socio`)
) ENGINE=InnoDB DEFAULT CHARSET=utf8mb4 COLLATE=utf8mb4_0900_ai_ci;
/*!40101 SET character_set_client = @saved_cs_client */;

--
-- Dumping data for table `historico_prestamos`
--

LOCK TABLES `historico_prestamos` WRITE;
/*!40000 ALTER TABLE `historico_prestamos` DISABLE KEYS */;
INSERT INTO `historico_prestamos` VALUES (1,15,'2018-06-23','2018-07-08','2018-07-05'),(2,61,'2016-11-17','2016-12-02','2016-11-30'),(3,41,'2016-03-29','2016-04-13','2016-04-03'),(6,54,'2015-10-20','2015-11-04','2015-10-29'),(7,70,'2016-10-27','2016-11-11','2016-11-08'),(8,71,'2017-02-09','2017-02-24','2017-02-23'),(9,63,'2017-04-11','2017-04-26','2017-04-14'),(11,77,'2015-08-18','2015-09-02','2015-08-31'),(12,28,'2018-01-26','2018-02-10','2018-02-05'),(12,49,'2015-05-21','2015-06-05','2015-05-28'),(13,41,'2018-05-05','2018-05-20','2018-05-17'),(17,70,'2016-03-08','2016-03-23','2016-03-14'),(19,9,'2016-10-16','2016-10-31','2016-10-23'),(19,43,'2017-04-11','2017-04-26','2017-04-18'),(19,72,'2018-09-17','2018-10-02','2018-09-26'),(20,27,'2018-06-27','2018-07-12','2018-07-06'),(23,33,'2018-08-06','2018-08-21','2018-08-12'),(25,31,'2017-08-20','2017-09-04','2017-08-23'),(25,75,'2017-07-07','2017-07-22','2017-07-14'),(26,72,'2016-09-30','2016-10-15','2016-10-08'),(27,67,'2016-06-13','2016-06-28','2016-06-27'),(28,13,'2019-02-10','2019-02-25','2019-02-17'),(28,70,'2018-09-08','2018-09-23','2018-09-16'),(29,29,'2018-02-19','2018-03-06','2018-02-24'),(29,56,'2018-05-21','2018-06-05','2018-06-02'),(30,30,'2018-10-16','2018-10-31','2018-10-26'),(30,41,'2018-07-23','2018-08-07','2018-07-25'),(31,27,'2017-03-14','2017-03-29','2017-03-27'),(31,57,'2018-08-01','2018-08-16','2018-08-08'),(32,3,'2015-11-30','2015-12-15','2015-12-13'),(32,63,'2016-09-26','2016-10-11','2016-10-02'),(33,33,'2017-12-15','2017-12-30','2017-12-20'),(35,41,'2016-08-19','2016-09-03','2016-08-30'),(37,69,'2017-09-21','2017-10-06','2017-09-30'),(38,42,'2017-12-20','2018-01-04','2017-12-29'),(39,49,'2016-07-28','2016-08-12','2016-08-02'),(39,63,'2017-07-16','2017-07-31','2017-07-27'),(40,40,'2019-04-10','2019-04-25','2019-04-19'),(41,31,'2015-04-23','2015-05-08','2015-05-05'),(42,65,'2016-04-16','2016-05-01','2016-04-25'),(45,18,'2015-10-23','2015-11-07','2015-10-30'),(47,25,'2018-07-12','2018-07-27','2018-07-21'),(47,44,'2016-05-05','2016-05-20','2016-05-07'),(48,59,'2019-01-21','2019-02-05','2019-01-30'),(49,5,'2017-07-10','2017-07-25','2017-07-23'),(50,52,'2016-09-19','2016-10-04','2016-09-26'),(51,49,'2019-01-01','2019-01-16','2019-01-12'),(51,64,'2017-11-25','2017-12-10','2017-12-08'),(52,47,'2016-05-08','2016-05-23','2016-05-17'),(52,50,'2018-02-27','2018-03-14','2018-03-13'),(52,57,'2017-07-12','2017-07-27','2017-07-20'),(53,26,'2015-11-23','2015-12-08','2015-12-07'),(53,64,'2017-08-08','2017-08-23','2017-08-18'),(54,9,'2016-06-10','2016-06-25','2016-06-21'),(54,23,'2016-11-30','2016-12-15','2016-12-10'),(55,36,'2016-09-20','2016-10-05','2016-09-29'),(55,43,'2018-12-11','2018-12-26','2018-12-18'),(56,25,'2016-10-28','2016-11-12','2016-11-10'),(57,36,'2017-11-05','2017-11-20','2017-11-11'),(58,5,'2016-10-20','2016-11-04','2016-10-29'),(59,47,'2019-01-25','2019-02-09','2019-02-01'),(59,72,'2017-03-26','2017-04-10','2017-04-09'),(60,61,'2017-02-25','2017-03-12','2017-03-09'),(61,34,'2016-12-15','2016-12-30','2016-12-29'),(62,17,'2016-11-14','2016-11-29','2016-11-23'),(62,55,'2016-06-19','2016-07-04','2016-06-23'),(62,60,'2016-08-21','2016-09-05','2016-09-03'),(63,42,'2018-08-11','2018-08-26','2018-08-20'),(66,43,'2015-12-30','2016-01-14','2016-01-06'),(67,55,'2017-03-04','2017-03-19','2017-03-09'),(69,12,'2016-09-08','2016-09-23','2016-09-22'),(69,48,'2016-06-10','2016-06-25','2016-06-19'),(69,51,'2015-05-15','2015-05-30','2015-05-21'),(70,24,'2019-03-05','2019-03-20','2019-03-14'),(71,43,'2017-02-07','2017-02-22','2017-02-15'),(71,73,'2017-01-08','2017-01-23','2017-01-17'),(72,52,'2017-05-29','2017-06-13','2017-06-10'),(72,77,'2017-11-02','2017-11-17','2017-11-06'),(74,16,'2017-05-08','2017-05-23','2017-05-16'),(75,2,'2015-12-23','2016-01-07','2016-01-03'),(75,58,'2016-01-08','2016-01-23','2016-01-14'),(76,71,'2018-12-04','2018-12-19','2018-12-10'),(77,21,'2015-10-28','2015-11-12','2015-11-08'),(81,57,'2016-02-23','2016-03-09','2016-03-02'),(82,16,'2017-05-04','2017-05-19','2017-05-14'),(83,59,'2017-05-22','2017-06-06','2017-06-02'),(86,17,'2017-06-08','2017-06-23','2017-06-15'),(87,15,'2018-06-29','2018-07-14','2018-07-07'),(88,46,'2019-03-13','2019-03-28','2019-03-20'),(89,58,'2017-09-14','2017-09-29','2017-09-24'),(89,69,'2016-08-23','2016-09-07','2016-09-03'),(90,65,'2018-03-10','2018-03-25','2018-03-23'),(91,33,'2017-06-03','2017-06-18','2017-06-10'),(91,61,'2016-05-11','2016-05-26','2016-05-22'),(92,53,'2017-09-24','2017-10-09','2017-10-08'),(92,78,'2018-12-10','2018-12-25','2018-12-16'),(94,37,'2019-02-02','2019-02-17','2019-02-12'),(95,9,'2015-12-23','2016-01-07','2016-01-05'),(95,16,'2018-01-26','2018-02-10','2018-02-08'),(95,34,'2015-07-13','2015-07-28','2015-07-21'),(96,33,'2016-11-28','2016-12-13','2016-12-02'),(98,58,'2017-11-12','2017-11-27','2017-11-20'),(102,15,'2018-07-10','2018-07-25','2018-07-22'),(102,29,'2018-09-03','2018-09-18','2018-09-09'),(103,26,'2016-03-17','2016-04-01','2016-03-29'),(104,69,'2017-04-12','2017-04-27','2017-04-20'),(105,31,'2017-05-16','2017-05-31','2017-05-28'),(106,38,'2017-12-08','2017-12-23','2017-12-21'),(107,76,'2017-04-04','2017-04-19','2017-04-13'),(107,77,'2016-09-09','2016-09-24','2016-09-22'),(109,73,'2017-02-21','2017-03-08','2017-03-06'),(109,76,'2018-11-12','2018-11-27','2018-11-22'),(111,18,'2017-08-07','2017-08-22','2017-08-13'),(112,53,'2016-11-01','2016-11-16','2016-11-14'),(113,1,'2016-06-16','2016-07-01','2016-06-26'),(115,14,'2017-03-10','2017-03-25','2017-03-13'),(116,69,'2019-01-28','2019-02-12','2019-02-08'),(119,65,'2017-12-03','2017-12-18','2017-12-12'),(120,63,'2019-04-13','2019-04-28','2019-04-21'),(120,64,'2017-03-08','2017-03-23','2017-03-18'),(121,65,'2017-05-15','2017-05-30','2017-05-21'),(122,28,'2016-08-17','2016-09-01','2016-08-23'),(123,48,'2017-05-30','2017-06-14','2017-06-05'),(124,72,'2019-01-16','2019-01-31','2019-01-22'),(125,48,'2018-04-05','2018-04-20','2018-04-16'),(126,77,'2018-07-20','2018-08-04','2018-07-28'),(127,36,'2016-11-14','2016-11-29','2016-11-20'),(128,29,'2019-02-24','2019-03-11','2019-03-05'),(130,29,'2018-05-05','2018-05-20','2018-05-11'),(132,73,'2018-05-18','2018-06-02','2018-05-29'),(133,70,'2017-07-29','2017-08-13','2017-08-04'),(134,66,'2017-11-02','2017-11-17','2017-11-09'),(136,15,'2017-08-23','2017-09-07','2017-09-04'),(137,64,'2018-12-24','2019-01-08','2019-01-01'),(137,71,'2015-05-03','2015-05-18','2015-05-15'),(138,23,'2017-10-02','2017-10-17','2017-10-15'),(140,18,'2016-08-05','2016-08-20','2016-08-13');
/*!40000 ALTER TABLE `historico_prestamos` ENABLE KEYS */;
UNLOCK TABLES;

--
-- Table structure for table `libros`
--

DROP TABLE IF EXISTS `libros`;
/*!40101 SET @saved_cs_client     = @@character_set_client */;
/*!50503 SET character_set_client = utf8mb4 */;
CREATE TABLE `libros` (
  `id_libro` int NOT NULL AUTO_INCREMENT,
  `titulo` varchar(100) NOT NULL,
  `id_autor` int NOT NULL,
  PRIMARY KEY (`id_libro`),
  KEY `id_autor` (`id_autor`),
  CONSTRAINT `libros_ibfk_1` FOREIGN KEY (`id_autor`) REFERENCES `autores` (`id_autor`) ON UPDATE CASCADE
) ENGINE=InnoDB AUTO_INCREMENT=126 DEFAULT CHARSET=utf8mb4 COLLATE=utf8mb4_0900_ai_ci;
/*!40101 SET character_set_client = @saved_cs_client */;

--
-- Dumping data for table `libros`
--

LOCK TABLES `libros` WRITE;
/*!40000 ALTER TABLE `libros` DISABLE KEYS */;
INSERT INTO `libros` VALUES (1,'Cien años de soledad',1),(2,'Orgullo y prejuicio',2),(3,'El viejo y el mar',4),(4,'Mrs. Dalloway',5),(5,'La metamorfosis',5),(6,'Harry Potter y la piedra filosofal',7),(7,'Grandes esperanzas',8),(8,'Beloved',10),(9,'Ulises',12),(10,'Las aventuras de Tom Sawyer',14),(11,'El cuento de la criada',15),(12,'1984',16),(13,'Poemas',17),(14,'La insoportable levedad del ser',18),(15,'El extranjero',19),(16,'La casa de los espíritus',20),(17,'El amor en los tiempos del cólera',1),(18,'La hojarasca',1),(19,'Noticias de un secuestro',1),(20,'El general en su laberinto',1),(21,'Eva Luna',1),(22,'La ciudad y los perros',1),(23,'La fiesta del chivo',1),(24,'Ensayo sobre la ceguera',1),(25,'El libro de los abrazos',1),(26,'Emma',2),(27,'Sentido y sensibilidad',2),(28,'Persuasión',2),(29,'Mansfield Park',2),(30,'La abadí­a de Northanger',2),(31,'Lady Susan',2),(32,'Las nieves del Kilimanjaro',4),(33,'Por quién doblan las campanas',4),(34,'París era una fiesta',4),(35,'Adiós a las armas',4),(36,'El viejo y el mar',4),(37,'Islas en el golfo',4),(38,'Orlando',5),(39,'La señora Dalloway',5),(40,'Al faro',5),(41,'Flush',5),(42,'Un cuarto propio',5),(43,'Los años',5),(44,'Cartas a Vera',5),(45,'Diarios',6),(46,'El proceso',6),(47,'El castillo',6),(48,'Amerika',6),(49,'La condena',6),(50,'El desaparecido',6),(51,'Harry Potter y la cámara secreta',7),(52,'Harry Potter y el prisionero de Azkaban',7),(53,'Harry Potter y el cáliz de fuego',7),(54,'Harry Potter y la orden del Fénix',7),(55,'Harry Potter y el misterio del príncipe',7),(56,'Harry Potter y las reliquias de la muerte',7),(57,'Los cuentos de Beedle el bardo',7),(58,'Oliver Twist',8),(59,'Grandes esperanzas',8),(60,'David Copperfield',8),(61,'Cuento de Navidad',8),(62,'Nuestro común amigo',8),(63,'Tiempos difíciles',8),(64,'La pequeña Dorrit',8),(65,'Jazz',10),(66,'Paradise',10),(67,'Love',10),(68,'Home',10),(69,'Beloved',10),(70,'Sula',10),(71,'Dublineses',12),(72,'Retrato del artista adolescente',12),(73,'Ulises',12),(74,'Finnegans Wake',12),(75,'La hija del granjero',12),(76,'El hobbit',13),(77,'El Señor de los Anillos: La comunidad del anillo',13),(78,'El Señor de los Anillos: Las dos torres',13),(79,'El Señor de los Anillos: El retorno del rey',13),(80,'El Silmarillion',13),(81,'Cuentos inconclusos',13),(82,'Las aventuras de Huckleberry Finn',14),(83,'Las aventuras de Tom Sawyer',14),(84,'El príncipe y el mendigo',14),(85,'Un yanqui en la corte del Rey Arturo',14),(86,'Vida en el Mississippi',14),(87,'Tom Sawyer',14),(88,'detective',14),(89,'Alias Grace',15),(90,'Ojo de gato',15),(91,'La mujer comestible',15),(92,'La novia ladrona',15),(93,'Asesinato en la oscuridad',15),(94,'El cuento de la criada',15),(95,'Rebelión en la granja',16),(96,'Homenaje a Cataluña',16),(97,'La hija del clérigo',16),(98,'Burmese Days',16),(99,'Poemas',17),(100,'Cartas',17),(101,'Poesía completa',17),(102,'Vida',17),(103,'Selección de poemas',17),(104,'Corrección de pruebas',17),(105,'La insoportable levedad del ser',18),(106,'La broma',18),(107,'La inmortalidad',18),(108,'La lentitud',18),(109,'La ignorancia',18),(110,'El extranjero',19),(111,'La peste',19),(112,'El mito de Sísifo',19),(113,'El hombre rebelde',19),(114,'Bodas de sangre',19),(115,'De amor y de sombra',20),(116,'Eva Luna',20),(117,'La suma de los días',20),(118,'Paula',20),(124,'libro Jane',2),(125,'libro Josh',21);
/*!40000 ALTER TABLE `libros` ENABLE KEYS */;
UNLOCK TABLES;

--
-- Table structure for table `log`
--

DROP TABLE IF EXISTS `log`;
/*!40101 SET @saved_cs_client     = @@character_set_client */;
/*!50503 SET character_set_client = utf8mb4 */;
CREATE TABLE `log` (
  `Id` int NOT NULL AUTO_INCREMENT,
  `Instante` timestamp NOT NULL DEFAULT CURRENT_TIMESTAMP,
  `Guion` varchar(20) NOT NULL,
  `Comentario` varchar(20) NOT NULL,
  `Observaciones` varchar(100) DEFAULT NULL,
  PRIMARY KEY (`Id`)
) ENGINE=InnoDB AUTO_INCREMENT=24 DEFAULT CHARSET=utf8mb4 COLLATE=utf8mb4_0900_ai_ci;
/*!40101 SET character_set_client = @saved_cs_client */;

--
-- Dumping data for table `log`
--

LOCK TABLES `log` WRITE;
/*!40000 ALTER TABLE `log` DISABLE KEYS */;
INSERT INTO `log` VALUES (7,'2024-04-18 20:34:10','asdasdasd','asdasfasf','asfsfgdfgdfg'),(10,'2024-05-17 11:20:58','eventoPrestamos','Préstamo caducado','ID socio: 59 ID libro: 21 ID ejemplar: 8 fecha préstamo: 2024-03-20 fecha límite: 2024-04-04'),(11,'2024-05-17 11:20:58','eventoPrestamos','Préstamo caducado','ID socio: 24 ID libro: 53 ID ejemplar: 30 fecha préstamo: 2024-03-19 fecha límite: 2024-04-03'),(12,'2024-05-17 11:20:58','eventoPrestamos','Préstamo caducado','ID socio: 6 ID libro: 110 ID ejemplar: 34 fecha préstamo: 2024-04-02 fecha límite: 2024-04-22'),(13,'2024-05-17 11:20:58','eventoPrestamos','Préstamo caducado','ID socio: 13 ID libro: 91 ID ejemplar: 59 fecha préstamo: 2024-03-29 fecha límite: 2024-04-13'),(14,'2024-05-17 11:20:58','eventoPrestamos','Préstamo caducado','ID socio: 31 ID libro: 104 ID ejemplar: 62 fecha préstamo: 2024-03-24 fecha límite: 2024-04-08'),(15,'2024-05-17 11:20:58','eventoPrestamos','Préstamo caducado','ID socio: 24 ID libro: 32 ID ejemplar: 65 fecha préstamo: 2024-03-19 fecha límite: 2024-04-03'),(16,'2024-05-17 11:20:58','eventoPrestamos','Préstamo caducado','ID socio: 40 ID libro: 44 ID ejemplar: 77 fecha préstamo: 2024-03-26 fecha límite: 2024-04-10'),(17,'2024-05-17 11:20:58','eventoPrestamos','Préstamo caducado','ID socio: 75 ID libro: 108 ID ejemplar: 81 fecha préstamo: 2024-03-17 fecha límite: 2024-04-01'),(18,'2024-05-17 11:20:58','eventoPrestamos','Préstamo caducado','ID socio: 31 ID libro: 93 ID ejemplar: 84 fecha préstamo: 2024-03-24 fecha límite: 2024-04-08'),(19,'2024-05-17 11:20:58','eventoPrestamos','Préstamo caducado','ID socio: 33 ID libro: 67 ID ejemplar: 91 fecha préstamo: 2024-03-28 fecha límite: 2024-04-12'),(20,'2024-05-17 11:20:58','eventoPrestamos','Préstamo caducado','ID socio: 76 ID libro: 12 ID ejemplar: 118 fecha préstamo: 2024-03-27 fecha límite: 2024-04-11'),(21,'2024-05-17 11:20:58','eventoPrestamos','Préstamo caducado','ID socio: 14 ID libro: 99 ID ejemplar: 124 fecha préstamo: 2024-03-19 fecha límite: 2024-04-03'),(22,'2024-05-17 11:20:58','eventoPrestamos','Préstamo caducado','ID socio: 51 ID libro: 65 ID ejemplar: 126 fecha préstamo: 2024-03-21 fecha límite: 2024-04-05'),(23,'2024-05-17 11:20:58','eventoPrestamos','Préstamo caducado','ID socio: 55 ID libro: 114 ID ejemplar: 133 fecha préstamo: 2024-03-24 fecha límite: 2024-04-08');
/*!40000 ALTER TABLE `log` ENABLE KEYS */;
UNLOCK TABLES;

--
-- Table structure for table `prestamos`
--

DROP TABLE IF EXISTS `prestamos`;
/*!40101 SET @saved_cs_client     = @@character_set_client */;
/*!50503 SET character_set_client = utf8mb4 */;
CREATE TABLE `prestamos` (
  `id_ejemplar` int NOT NULL,
  `id_socio` int NOT NULL,
  `fecha_prestamo` date NOT NULL,
  `fecha_limite` date NOT NULL,
  `fecha_devolucion` date DEFAULT NULL,
  PRIMARY KEY (`id_ejemplar`,`id_socio`,`fecha_prestamo`),
  KEY `id_socio` (`id_socio`),
  CONSTRAINT `prestamos_ibfk_1` FOREIGN KEY (`id_ejemplar`) REFERENCES `ejemplares` (`id_ejemplar`),
  CONSTRAINT `prestamos_ibfk_2` FOREIGN KEY (`id_socio`) REFERENCES `socios` (`id_socio`)
) ENGINE=InnoDB DEFAULT CHARSET=utf8mb4 COLLATE=utf8mb4_0900_ai_ci;
/*!40101 SET character_set_client = @saved_cs_client */;

--
-- Dumping data for table `prestamos`
--

LOCK TABLES `prestamos` WRITE;
/*!40000 ALTER TABLE `prestamos` DISABLE KEYS */;
INSERT INTO `prestamos` VALUES (1,1,'2024-05-16','2024-05-31',NULL),(1,15,'2018-06-23','2018-07-08','2018-07-05'),(2,61,'2016-11-17','2016-12-02','2016-11-30'),(3,41,'2016-03-29','2016-04-13','2016-04-03'),(4,5,'2019-08-01','2019-08-16','2019-08-06'),(5,73,'2020-04-14','2020-04-29','2020-04-17'),(6,54,'2015-10-20','2015-11-04','2015-10-29'),(7,70,'2016-10-27','2016-11-11','2016-11-08'),(7,73,'2024-01-19','2024-02-03','2024-01-25'),(8,24,'2024-03-19','2024-04-03','2024-04-01'),(8,59,'2024-03-20','2024-04-04',NULL),(8,71,'2017-02-09','2017-02-24','2017-02-23'),(9,7,'2024-02-05','2024-02-20','2024-02-17'),(9,49,'2024-01-30','2024-02-14','2024-02-10'),(9,63,'2017-04-11','2017-04-26','2017-04-14'),(10,26,'2020-09-19','2020-10-04','2020-09-24'),(11,77,'2015-08-18','2015-09-02','2015-08-31'),(12,28,'2018-01-26','2018-02-10','2018-02-05'),(12,49,'2015-05-21','2015-06-05','2015-05-28'),(13,11,'2024-02-14','2024-02-29','2024-02-20'),(13,41,'2018-05-05','2018-05-20','2018-05-17'),(14,50,'2024-02-03','2024-02-18','2024-02-10'),(14,72,'2023-06-17','2023-07-02','2023-06-29'),(15,18,'2020-08-15','2020-08-30','2020-08-18'),(15,76,'2020-08-28','2020-09-12','2020-09-08'),(16,52,'2019-12-21','2020-01-05','2019-12-27'),(17,70,'2016-03-08','2016-03-23','2016-03-14'),(17,71,'2021-11-24','2021-12-09','2021-12-05'),(18,75,'2021-04-01','2021-04-16','2021-04-10'),(19,9,'2016-10-16','2016-10-31','2016-10-23'),(19,10,'2024-03-04','2024-03-19','2024-03-08'),(19,43,'2017-04-11','2017-04-26','2017-04-18'),(19,53,'2024-01-27','2024-02-11','2024-02-04'),(19,72,'2018-09-17','2018-10-02','2018-09-26'),(20,27,'2018-06-27','2018-07-12','2018-07-06'),(20,29,'2024-01-15','2024-01-30','2024-01-20'),(21,65,'2019-09-29','2019-10-14','2019-10-03'),(21,72,'2021-11-07','2021-11-22','2021-11-16'),(22,45,'2021-03-06','2021-03-21','2021-03-14'),(23,25,'2024-02-18','2024-03-04','2024-03-02'),(23,33,'2018-08-06','2018-08-21','2018-08-12'),(23,56,'2024-01-17','2024-02-01','2024-01-27'),(24,28,'2024-03-08','2024-03-23','2024-03-17'),(24,34,'2019-04-23','2019-05-08','2019-04-27'),(24,47,'2024-01-28','2024-02-12','2024-02-02'),(24,75,'2022-08-30','2022-09-14','2022-09-07'),(25,31,'2017-08-20','2017-09-04','2017-08-23'),(25,75,'2017-07-07','2017-07-22','2017-07-14'),(26,18,'2023-08-16','2023-08-31','2023-08-29'),(26,72,'2016-09-30','2016-10-15','2016-10-08'),(27,67,'2016-06-13','2016-06-28','2016-06-27'),(28,13,'2019-02-10','2019-02-25','2019-02-17'),(28,70,'2018-09-08','2018-09-23','2018-09-16'),(29,29,'2018-02-19','2018-03-06','2018-02-24'),(29,41,'2021-05-06','2021-05-21','2021-05-10'),(29,56,'2018-05-21','2018-06-05','2018-06-02'),(30,24,'2024-03-19','2024-04-03',NULL),(30,30,'2018-10-16','2018-10-31','2018-10-26'),(30,41,'2018-07-23','2018-08-07','2018-07-25'),(31,27,'2017-03-14','2017-03-29','2017-03-27'),(31,33,'2024-01-25','2024-02-09','2024-02-04'),(31,57,'2018-08-01','2018-08-16','2018-08-08'),(31,66,'2024-01-03','2024-01-18','2024-01-07'),(32,3,'2015-11-30','2015-12-15','2015-12-13'),(32,63,'2016-09-26','2016-10-11','2016-10-02'),(32,68,'2019-06-17','2019-07-02','2019-06-27'),(33,33,'2017-12-15','2017-12-30','2017-12-20'),(33,42,'2022-08-26','2022-09-10','2022-09-09'),(34,6,'2024-04-02','2024-04-22',NULL),(34,50,'2021-09-17','2021-10-02','2021-09-25'),(34,74,'2023-11-28','2023-12-13','2023-12-03'),(35,12,'2024-01-23','2024-02-07','2024-01-30'),(35,41,'2016-08-19','2016-09-03','2016-08-30'),(36,27,'2022-07-11','2022-07-26','2022-07-19'),(37,12,'2024-01-28','2024-02-12','2024-02-09'),(37,37,'2020-07-09','2020-07-24','2020-07-12'),(37,57,'2024-01-26','2024-02-10','2024-02-06'),(37,59,'2022-06-05','2022-06-20','2022-06-11'),(37,69,'2017-09-21','2017-10-06','2017-09-30'),(38,29,'2024-02-29','2024-03-15','2024-03-09'),(38,42,'2017-12-20','2018-01-04','2017-12-29'),(38,72,'2020-02-18','2020-03-04','2020-02-28'),(39,49,'2016-07-28','2016-08-12','2016-08-02'),(39,63,'2017-07-16','2017-07-31','2017-07-27'),(40,40,'2019-04-10','2019-04-25','2019-04-19'),(41,3,'2024-03-14','2024-03-29','2024-03-25'),(41,18,'2024-01-18','2024-02-02','2024-01-20'),(41,31,'2015-04-23','2015-05-08','2015-05-05'),(41,68,'2021-09-15','2021-09-30','2021-09-17'),(42,65,'2016-04-16','2016-05-01','2016-04-25'),(42,65,'2024-01-27','2024-02-11','2024-02-03'),(43,41,'2024-01-28','2024-02-12','2024-02-06'),(43,45,'2020-02-11','2020-02-26','2020-02-23'),(44,47,'2024-01-22','2024-02-06','2024-02-02'),(44,77,'2019-11-17','2019-12-02','2019-11-23'),(45,18,'2015-10-23','2015-11-07','2015-10-30'),(45,67,'2024-03-15','2024-03-30','2024-03-20'),(46,22,'2020-12-07','2020-12-22','2020-12-19'),(47,5,'2024-01-09','2024-01-24','2024-01-18'),(47,22,'2024-01-20','2024-02-04','2024-01-28'),(47,25,'2018-07-12','2018-07-27','2018-07-21'),(47,44,'2016-05-05','2016-05-20','2016-05-07'),(47,69,'2024-01-07','2024-01-22','2024-01-13'),(48,26,'2023-12-01','2023-12-16','2023-12-07'),(48,59,'2019-01-21','2019-02-05','2019-01-30'),(49,5,'2017-07-10','2017-07-25','2017-07-23'),(49,14,'2021-09-21','2021-10-06','2021-09-26'),(49,79,'2024-02-17','2024-03-03','2024-02-29'),(50,52,'2016-09-19','2016-10-04','2016-09-26'),(51,25,'2024-03-15','2024-03-30','2024-03-16'),(51,49,'2019-01-01','2019-01-16','2019-01-12'),(51,64,'2017-11-25','2017-12-10','2017-12-08'),(52,47,'2016-05-08','2016-05-23','2016-05-17'),(52,50,'2018-02-27','2018-03-14','2018-03-13'),(52,57,'2017-07-12','2017-07-27','2017-07-20'),(52,66,'2022-05-08','2022-05-23','2022-05-18'),(53,26,'2015-11-23','2015-12-08','2015-12-07'),(53,64,'2017-08-08','2017-08-23','2017-08-18'),(54,9,'2016-06-10','2016-06-25','2016-06-21'),(54,23,'2016-11-30','2016-12-15','2016-12-10'),(54,46,'2024-01-17','2024-02-01','2024-01-28'),(54,67,'2021-03-12','2021-03-27','2021-03-24'),(55,15,'2024-02-02','2024-02-17','2024-02-11'),(55,36,'2016-09-20','2016-10-05','2016-09-29'),(55,43,'2018-12-11','2018-12-26','2018-12-18'),(55,56,'2024-03-13','2024-03-28','2024-03-16'),(56,13,'2024-03-14','2024-03-29','2024-03-16'),(56,16,'2022-07-09','2022-07-24','2022-07-16'),(56,25,'2016-10-28','2016-11-12','2016-11-10'),(56,47,'2022-12-22','2023-01-06','2022-12-31'),(57,36,'2017-11-05','2017-11-20','2017-11-11'),(58,5,'2016-10-20','2016-11-04','2016-10-29'),(58,41,'2019-09-05','2019-09-20','2019-09-18'),(58,47,'2021-05-21','2021-06-05','2021-05-27'),(58,65,'2021-09-04','2021-09-19','2021-09-14'),(59,13,'2024-03-29','2024-04-13',NULL),(59,47,'2019-01-25','2019-02-09','2019-02-01'),(59,68,'2021-02-15','2021-03-02','2021-02-22'),(59,72,'2017-03-26','2017-04-10','2017-04-09'),(60,61,'2017-02-25','2017-03-12','2017-03-09'),(61,15,'2024-03-13','2024-03-28','2024-03-25'),(61,34,'2016-12-15','2016-12-30','2016-12-29'),(61,34,'2024-01-14','2024-01-29','2024-01-17'),(62,17,'2016-11-14','2016-11-29','2016-11-23'),(62,31,'2024-03-24','2024-04-08',NULL),(62,55,'2016-06-19','2016-07-04','2016-06-23'),(62,60,'2016-08-21','2016-09-05','2016-09-03'),(62,60,'2023-04-18','2023-05-03','2023-04-27'),(63,3,'2024-02-06','2024-02-21','2024-02-16'),(63,42,'2018-08-11','2018-08-26','2018-08-20'),(64,2,'2020-11-20','2020-12-05','2020-11-26'),(64,30,'2019-10-22','2019-11-06','2019-11-02'),(65,24,'2024-03-19','2024-04-03',NULL),(65,45,'2024-01-09','2024-01-24','2024-01-19'),(65,61,'2021-05-24','2021-06-08','2021-06-06'),(66,11,'2024-03-02','2024-03-17','2024-03-13'),(66,22,'2019-06-20','2019-07-05','2019-06-25'),(66,43,'2015-12-30','2016-01-14','2016-01-06'),(67,55,'2017-03-04','2017-03-19','2017-03-09'),(69,12,'2016-09-08','2016-09-23','2016-09-22'),(69,48,'2016-06-10','2016-06-25','2016-06-19'),(69,51,'2015-05-15','2015-05-30','2015-05-21'),(70,24,'2019-03-05','2019-03-20','2019-03-14'),(70,29,'2022-10-11','2022-10-26','2022-10-16'),(70,30,'2019-07-27','2019-08-11','2019-08-02'),(70,37,'2024-01-21','2024-02-05','2024-01-28'),(71,43,'2017-02-07','2017-02-22','2017-02-15'),(71,73,'2017-01-08','2017-01-23','2017-01-17'),(72,6,'2024-01-29','2024-02-13','2024-02-05'),(72,52,'2017-05-29','2017-06-13','2017-06-10'),(72,77,'2017-11-02','2017-11-17','2017-11-06'),(73,6,'2022-07-07','2022-07-22','2022-07-18'),(73,48,'2023-05-28','2023-06-12','2023-06-01'),(74,9,'2020-10-14','2020-10-29','2020-10-24'),(74,16,'2017-05-08','2017-05-23','2017-05-16'),(74,78,'2024-01-07','2024-01-22','2024-01-15'),(75,2,'2015-12-23','2016-01-07','2016-01-03'),(75,35,'2020-09-22','2020-10-07','2020-10-01'),(75,58,'2016-01-08','2016-01-23','2016-01-14'),(76,38,'2019-07-02','2019-07-17','2019-07-11'),(76,45,'2024-02-24','2024-03-10','2024-03-05'),(76,71,'2018-12-04','2018-12-19','2018-12-10'),(77,21,'2015-10-28','2015-11-12','2015-11-08'),(77,40,'2024-03-26','2024-04-10',NULL),(78,12,'2024-02-23','2024-03-09','2024-03-08'),(78,20,'2023-09-29','2023-10-14','2023-10-07'),(78,67,'2024-03-15','2024-03-30','2024-03-19'),(79,49,'2022-09-19','2022-10-04','2022-09-26'),(79,77,'2024-01-11','2024-01-26','2024-01-21'),(80,7,'2021-08-08','2021-08-23','2021-08-17'),(81,57,'2016-02-23','2016-03-09','2016-03-02'),(81,63,'2019-07-25','2019-08-09','2019-08-06'),(81,75,'2024-03-17','2024-04-01',NULL),(82,16,'2017-05-04','2017-05-19','2017-05-14'),(82,19,'2024-01-10','2024-01-25','2024-01-22'),(83,56,'2024-01-05','2024-01-20','2024-01-14'),(83,59,'2017-05-22','2017-06-06','2017-06-02'),(84,31,'2024-03-24','2024-04-08',NULL),(84,70,'2019-06-26','2019-07-11','2019-07-06'),(84,70,'2021-03-14','2021-03-29','2021-03-17'),(86,9,'2024-01-18','2024-02-02','2024-01-22'),(86,17,'2017-06-08','2017-06-23','2017-06-15'),(86,68,'2022-04-25','2022-05-10','2022-05-07'),(87,15,'2018-06-29','2018-07-14','2018-07-07'),(87,37,'2021-07-26','2021-08-10','2021-08-07'),(88,4,'2024-02-16','2024-03-02','2024-02-26'),(88,46,'2019-03-13','2019-03-28','2019-03-20'),(88,56,'2021-09-10','2021-09-25','2021-09-16'),(89,32,'2024-02-08','2024-02-23','2024-02-15'),(89,39,'2024-01-13','2024-01-28','2024-01-22'),(89,58,'2017-09-14','2017-09-29','2017-09-24'),(89,68,'2024-03-04','2024-03-19','2024-03-14'),(89,69,'2016-08-23','2016-09-07','2016-09-03'),(89,74,'2022-01-26','2022-02-10','2022-02-05'),(90,65,'2018-03-10','2018-03-25','2018-03-23'),(91,20,'2019-12-12','2019-12-27','2019-12-24'),(91,33,'2017-06-03','2017-06-18','2017-06-10'),(91,33,'2024-03-28','2024-04-12',NULL),(91,34,'2024-01-08','2024-01-23','2024-01-20'),(91,61,'2016-05-11','2016-05-26','2016-05-22'),(92,45,'2024-01-09','2024-01-24','2024-01-23'),(92,53,'2017-09-24','2017-10-09','2017-10-08'),(92,78,'2018-12-10','2018-12-25','2018-12-16'),(93,29,'2019-11-28','2019-12-13','2019-12-08'),(93,35,'2024-01-16','2024-01-31','2024-01-22'),(94,37,'2019-02-02','2019-02-17','2019-02-12'),(94,48,'2024-01-12','2024-01-27','2024-01-21'),(95,9,'2015-12-23','2016-01-07','2016-01-05'),(95,16,'2018-01-26','2018-02-10','2018-02-08'),(95,27,'2024-03-11','2024-03-26','2024-03-17'),(95,34,'2015-07-13','2015-07-28','2015-07-21'),(95,35,'2019-11-10','2019-11-25','2019-11-16'),(96,1,'2024-03-02','2024-03-17','2024-03-05'),(96,33,'2016-11-28','2016-12-13','2016-12-02'),(96,35,'2024-03-15','2024-03-30','2024-03-22'),(97,23,'2024-02-04','2024-02-19','2024-02-14'),(97,43,'2020-07-25','2020-08-09','2020-08-06'),(98,58,'2017-11-12','2017-11-27','2017-11-20'),(98,63,'2024-03-05','2024-03-20','2024-03-15'),(99,28,'2021-11-02','2021-11-17','2021-11-06'),(101,51,'2021-04-03','2021-04-18','2021-04-10'),(102,15,'2018-07-10','2018-07-25','2018-07-22'),(102,29,'2018-09-03','2018-09-18','2018-09-09'),(103,26,'2016-03-17','2016-04-01','2016-03-29'),(103,52,'2023-10-15','2023-10-30','2023-10-20'),(104,58,'2024-02-19','2024-03-05','2024-02-27'),(104,69,'2017-04-12','2017-04-27','2017-04-20'),(105,25,'2021-07-12','2021-07-27','2021-07-16'),(105,31,'2017-05-16','2017-05-31','2017-05-28'),(105,75,'2023-02-01','2023-02-16','2023-02-15'),(106,1,'2021-04-05','2021-04-20','2021-04-13'),(106,5,'2019-10-24','2019-11-08','2019-10-31'),(106,38,'2017-12-08','2017-12-23','2017-12-21'),(107,76,'2017-04-04','2017-04-19','2017-04-13'),(107,77,'2016-09-09','2016-09-24','2016-09-22'),(108,28,'2020-12-03','2020-12-18','2020-12-11'),(109,73,'2017-02-21','2017-03-08','2017-03-06'),(109,76,'2018-11-12','2018-11-27','2018-11-22'),(110,26,'2021-05-03','2021-05-18','2021-05-09'),(111,2,'2024-03-08','2024-03-23','2024-03-11'),(111,18,'2017-08-07','2017-08-22','2017-08-13'),(111,68,'2024-03-12','2024-03-27','2024-03-25'),(112,9,'2024-01-05','2024-01-20','2024-01-09'),(112,30,'2024-03-16','2024-03-31','2024-03-19'),(112,31,'2020-04-14','2020-04-29','2020-04-28'),(112,34,'2024-03-05','2024-03-20','2024-03-11'),(112,37,'2024-01-22','2024-02-06','2024-01-28'),(112,53,'2016-11-01','2016-11-16','2016-11-14'),(112,64,'2023-06-22','2023-07-07','2023-06-29'),(112,67,'2020-09-22','2020-10-07','2020-09-25'),(113,1,'2016-06-16','2016-07-01','2016-06-26'),(114,36,'2024-01-05','2024-01-20','2024-01-13'),(114,45,'2022-03-03','2022-03-18','2022-03-14'),(114,55,'2020-07-19','2020-08-03','2020-07-22'),(115,14,'2017-03-10','2017-03-25','2017-03-13'),(115,71,'2024-02-08','2024-02-23','2024-02-17'),(116,16,'2024-01-22','2024-02-06','2024-02-06'),(116,69,'2019-01-28','2019-02-12','2019-02-08'),(117,62,'2023-05-23','2023-06-07','2023-05-27'),(118,14,'2019-05-12','2019-05-27','2019-05-18'),(118,76,'2024-03-27','2024-04-11',NULL),(119,38,'2024-03-09','2024-03-24','2024-03-20'),(119,65,'2017-12-03','2017-12-18','2017-12-12'),(120,63,'2019-04-13','2019-04-28','2019-04-21'),(120,64,'2017-03-08','2017-03-23','2017-03-18'),(121,53,'2024-01-25','2024-02-09','2024-02-01'),(121,65,'2017-05-15','2017-05-30','2017-05-21'),(122,28,'2016-08-17','2016-09-01','2016-08-23'),(123,2,'2019-08-28','2019-09-12','2019-09-07'),(123,48,'2017-05-30','2017-06-14','2017-06-05'),(123,77,'2021-11-21','2021-12-06','2021-12-06'),(124,14,'2024-03-19','2024-04-03',NULL),(124,72,'2019-01-16','2019-01-31','2019-01-22'),(125,48,'2018-04-05','2018-04-20','2018-04-16'),(126,51,'2024-03-21','2024-04-05',NULL),(126,77,'2018-07-20','2018-08-04','2018-07-28'),(127,36,'2016-11-14','2016-11-29','2016-11-20'),(127,71,'2024-02-08','2024-02-23','2024-02-12'),(127,72,'2020-06-14','2020-06-29','2020-06-28'),(128,29,'2019-02-24','2019-03-11','2019-03-05'),(129,46,'2024-01-18','2024-02-02','2024-01-27'),(129,48,'2022-11-10','2022-11-25','2022-11-21'),(129,60,'2024-01-02','2024-01-17','2024-01-07'),(130,29,'2018-05-05','2018-05-20','2018-05-11'),(131,70,'2024-01-04','2024-01-19','2024-01-12'),(131,72,'2019-08-19','2019-09-03','2019-08-31'),(132,72,'2024-01-16','2024-01-31','2024-01-26'),(132,73,'2018-05-18','2018-06-02','2018-05-29'),(133,55,'2024-03-24','2024-04-08',NULL),(133,70,'2017-07-29','2017-08-13','2017-08-04'),(134,54,'2019-08-09','2019-08-24','2019-08-16'),(134,66,'2017-11-02','2017-11-17','2017-11-09'),(135,63,'2022-07-17','2022-08-01','2022-07-25'),(136,15,'2017-08-23','2017-09-07','2017-09-04'),(137,58,'2024-03-06','2024-03-21','2024-03-16'),(137,62,'2024-01-17','2024-02-01','2024-01-22'),(137,64,'2018-12-24','2019-01-08','2019-01-01'),(137,71,'2015-05-03','2015-05-18','2015-05-15'),(138,23,'2017-10-02','2017-10-17','2017-10-15'),(138,30,'2024-02-10','2024-02-25','2024-02-18'),(139,18,'2019-10-29','2019-11-13','2019-11-04'),(140,18,'2016-08-05','2016-08-20','2016-08-13'),(141,40,'2019-05-25','2019-06-09','2019-06-04'),(141,59,'2023-02-17','2023-03-04','2023-02-26'),(142,28,'2021-02-11','2021-02-26','2021-02-19');
/*!40000 ALTER TABLE `prestamos` ENABLE KEYS */;
UNLOCK TABLES;

--
-- Table structure for table `socios`
--

DROP TABLE IF EXISTS `socios`;
/*!40101 SET @saved_cs_client     = @@character_set_client */;
/*!50503 SET character_set_client = utf8mb4 */;
CREATE TABLE `socios` (
  `id_socio` int NOT NULL AUTO_INCREMENT,
  `nombre` varchar(30) NOT NULL,
  `apellidos` varchar(50) NOT NULL,
  `telefono` varchar(15) NOT NULL,
  `fecha_nacimiento` date NOT NULL,
  `fecha_alta` date NOT NULL DEFAULT (curdate()),
  PRIMARY KEY (`id_socio`)
) ENGINE=InnoDB AUTO_INCREMENT=81 DEFAULT CHARSET=utf8mb4 COLLATE=utf8mb4_0900_ai_ci;
/*!40101 SET character_set_client = @saved_cs_client */;

--
-- Dumping data for table `socios`
--

LOCK TABLES `socios` WRITE;
/*!40000 ALTER TABLE `socios` DISABLE KEYS */;
INSERT INTO `socios` VALUES (1,'Maria','Garcia Garcia','611223344','1975-08-12','2005-04-20'),(2,'Antonio','Martinez Lopez','622334455','1983-05-25','2003-11-15'),(3,'Carmen','Fernandez Perez','633445566','1970-11-03','2001-09-10'),(4,'Manuel','Sanchez Martinez','644556677','1965-09-18','2007-07-30'),(5,'Isabel','Gonzalez Rodriguez','655667788','1990-03-07','2015-12-22'),(6,'Francisco','Lopez Sanchez','666778899','1955-12-31','2002-08-05'),(7,'Laura','Hernandez Gonzalez','677889900','1988-06-15','2010-05-18'),(8,'David','Perez Martinez','688990011','1978-04-20','2006-02-11'),(9,'Ana','Rodriguez Lopez','600112233','1980-10-08','2003-03-25'),(10,'Javier','Martinez Garcia','611223344','1960-07-23','2000-11-30'),(11,'Maria Carmen','Garcia Martinez','622334455','1950-04-15','2003-09-14'),(12,'Francisco Javier','Martin Sanchez','633445566','1977-02-28','2009-08-07'),(13,'Elena','Sanchez Perez','644556677','1986-08-03','2018-06-10'),(14,'Daniel','Gonzalez Rodriguez','655667788','1973-11-10','2005-05-12'),(15,'Sara','Lopez Martinez','666778899','1995-09-22','2022-01-05'),(16,'Carlos','Hernandez Sanchez','677889900','1968-01-05','2002-04-15'),(17,'Ana Maria','Perez Gonzalez','688990011','1956-06-29','2000-12-20'),(18,'Pablo','Rodriguez Rodriguez','600112233','1992-03-17','2016-09-28'),(19,'Lucia','Garcia Lopez','611223344','1982-12-09','2004-11-23'),(20,'Ruben','Martinez Martinez','622334455','1979-08-02','2002-10-30'),(21,'Maria','Gonzalez Martinez','612345678','1975-08-12','2005-06-20'),(22,'Antonio','Lopez Garcia','634567890','1980-03-25','2008-09-14'),(23,'Isabel','Rodriguez Fernandez','655432109','1968-11-05','2003-12-30'),(24,'Manuel','Perez Rodriguez','677890123','1955-09-18','2002-10-08'),(25,'Ana Maria','Sanchez Lopez','699012345','1970-07-30','2001-05-12'),(26,'Francisco Javier','Martinez Perez','612345678','1985-04-22','2009-11-03'),(27,'Laura','Gomez Sanchez','634567890','1990-12-15','2010-08-26'),(28,'David','Fernandez Martin','655432109','1978-06-09','2006-07-15'),(29,'Sara','Martinez Garcia','677890123','1982-10-31','2015-04-19'),(30,'Javier','Rodriguez Sanchez','699012345','1965-03-08','2004-02-29'),(31,'Carmen','Perez Martinez','612345678','1973-09-20','2007-03-22'),(32,'Daniel','Gonzalez Lopez','634567890','1988-02-14','2018-10-10'),(33,'Maria Jose','Lopez Rodriguez','655432109','1950-05-28','2000-11-11'),(34,'Juan Jose','Sanchez Perez','677890123','1960-08-03','2000-05-18'),(35,'Marta','Martin Sanchez','699012345','1983-11-17','2011-09-07'),(36,'Alberto','Gomez Martinez','612345678','1977-07-02','2009-12-05'),(37,'Nuria','Fernandez Lopez','634567890','1963-12-09','2003-04-28'),(38,'Pedro','Martinez Garcia','655432109','1972-04-03','2005-08-30'),(39,'Elena','Sanchez Rodriguez','677890123','1987-01-25','2013-06-11'),(40,'Carlos','Perez Sanchez','699012345','1974-06-18','2006-11-26'),(41,'Beatriz','Gonzalez Martinez','612345678','1989-08-07','2019-02-14'),(42,'Diego','Lopez Garcia','634567890','1969-10-22','2004-07-03'),(43,'Patricia','Rodriguez Fernandez','655432109','1976-03-16','2010-10-18'),(44,'Jorge','Perez Rodriguez','677890123','1957-07-29','2000-08-22'),(45,'Rocio','Sanchez Lopez','699012345','1979-12-04','2002-12-19'),(46,'Rafael','Martinez Perez','612345678','1984-09-10','2007-11-30'),(47,'Silvia','Gomez Sanchez','634567890','1995-06-27','2018-04-05'),(48,'Alvaro','Fernandez Martin','655432109','1971-02-03','2001-09-20'),(49,'Eva','Martinez Garcia','677890123','1986-11-14','2016-08-11'),(50,'Alejandro','Sanchez Rodriguez','699012345','1958-05-07','2003-07-22'),(51,'Marina','Perez Sanchez','612345678','1976-03-19','2005-12-14'),(52,'Jose Antonio','Gonzalez Martinez','634567890','1962-08-26','2000-04-07'),(53,'Luisa','Lopez Garcia','655432109','1980-10-01','2010-02-28'),(54,'Joaquin','Rodriguez Fernandez','677890123','1967-12-12','2007-09-03'),(55,'Cristina','Martinez Perez','699012345','1978-07-23','2009-10-25'),(56,'Adrian','Gomez Lopez','612345678','1992-04-08','2019-06-18'),(57,'Teresa','Fernandez Rodriguez','634567890','1953-11-29','2002-01-15'),(58,'Julian','Sanchez Sanchez','655432109','1974-06-15','2006-04-12'),(59,'Lucia','Perez Martinez','677890123','1981-09-02','2014-03-29'),(60,'Angela','Gonzalez Lopez','699012345','1970-02-11','2000-10-24'),(61,'Roberto','Lopez Garcia','612345678','1987-08-24','2011-11-07'),(62,'Rosa','Rodriguez Fernandez','634567890','1969-05-03','2003-08-16'),(63,'Victor','Martinez Perez','655432109','1982-03-18','2012-01-05'),(64,'Clara','Gomez Lopez','677890123','1975-07-21','2008-04-08'),(65,'Diego','Fernandez Rodriguez','699012345','1968-10-30','2000-07-19'),(66,'Ines','Sanchez Sanchez','612345678','1985-12-13','2005-09-26'),(67,'Alejandra','Perez Martinez','634567890','1972-02-06','2013-05-12'),(68,'Francisco','Gonzalez Lopez','655432109','1960-04-17','2004-03-08'),(69,'Patricia','Lopez Garcia','677890123','1973-01-08','2007-08-03'),(70,'Pablo','Rodriguez Fernandez','699012345','1988-11-25','2018-10-01'),(71,'Sofia','Martinez Perez','612345678','1977-06-20','2008-12-19'),(72,'Javier','Gomez Lopez','634567890','1955-09-07','2001-04-29'),(73,'Celia','Fernandez Rodriguez','655432109','1983-02-02','2010-03-14'),(74,'Ignacio','Sanchez Sanchez','677890123','1979-04-16','2005-01-09'),(75,'Ana','Gonzalez Martinez','699012345','1971-07-28','2003-11-17'),(76,'Marcelo','Lopez Garcia','612345678','1986-10-03','2012-07-08'),(77,'Elena','Rodriguez Fernandez','634567890','1964-08-18','2005-03-01'),(78,'Carlos','Martinez Perez','655432109','1981-05-21','2009-09-27'),(79,'Julia','Gomez Lopez','677890123','1972-03-04','2000-08-29'),(80,'pepito','de los palotes','6148','1991-03-15','2024-01-20');
/*!40000 ALTER TABLE `socios` ENABLE KEYS */;
UNLOCK TABLES;
/*!40103 SET TIME_ZONE=@OLD_TIME_ZONE */;

/*!40101 SET SQL_MODE=@OLD_SQL_MODE */;
/*!40014 SET FOREIGN_KEY_CHECKS=@OLD_FOREIGN_KEY_CHECKS */;
/*!40014 SET UNIQUE_CHECKS=@OLD_UNIQUE_CHECKS */;
/*!40101 SET CHARACTER_SET_CLIENT=@OLD_CHARACTER_SET_CLIENT */;
/*!40101 SET CHARACTER_SET_RESULTS=@OLD_CHARACTER_SET_RESULTS */;
/*!40101 SET COLLATION_CONNECTION=@OLD_COLLATION_CONNECTION */;
/*!40111 SET SQL_NOTES=@OLD_SQL_NOTES */;

-- Dump completed on 2024-05-17 23:49:12
