CREATE DATABASE  IF NOT EXISTS `examen_ud6_1` /*!40100 DEFAULT CHARACTER SET utf8mb4 COLLATE utf8mb4_0900_ai_ci */ /*!80016 DEFAULT ENCRYPTION='N' */;
USE `examen_ud6_1`;
-- MySQL dump 10.13  Distrib 8.0.34, for Win64 (x86_64)
--
-- Host: localhost    Database: examen_ud6_1
-- ------------------------------------------------------
-- Server version	8.0.35

/*!40101 SET @OLD_CHARACTER_SET_CLIENT=@@CHARACTER_SET_CLIENT */;
/*!40101 SET @OLD_CHARACTER_SET_RESULTS=@@CHARACTER_SET_RESULTS */;
/*!40101 SET @OLD_COLLATION_CONNECTION=@@COLLATION_CONNECTION */;
/*!50503 SET NAMES utf8 */;
/*!40103 SET @OLD_TIME_ZONE=@@TIME_ZONE */;
/*!40103 SET TIME_ZONE='+00:00' */;
/*!40014 SET @OLD_UNIQUE_CHECKS=@@UNIQUE_CHECKS, UNIQUE_CHECKS=0 */;
/*!40014 SET @OLD_FOREIGN_KEY_CHECKS=@@FOREIGN_KEY_CHECKS, FOREIGN_KEY_CHECKS=0 */;
/*!40101 SET @OLD_SQL_MODE=@@SQL_MODE, SQL_MODE='NO_AUTO_VALUE_ON_ZERO' */;
/*!40111 SET @OLD_SQL_NOTES=@@SQL_NOTES, SQL_NOTES=0 */;

--
-- Table structure for table `alumnos`
--

DROP TABLE IF EXISTS `alumnos`;
/*!40101 SET @saved_cs_client     = @@character_set_client */;
/*!50503 SET character_set_client = utf8mb4 */;
CREATE TABLE `alumnos` (
  `id` int NOT NULL AUTO_INCREMENT,
  `nombre` varchar(20) NOT NULL,
  `apellidos` varchar(40) NOT NULL,
  `id_grupo` int NOT NULL,
  PRIMARY KEY (`id`),
  KEY `id_grupo` (`id_grupo`),
  CONSTRAINT `alumnos_ibfk_1` FOREIGN KEY (`id_grupo`) REFERENCES `grupos` (`id`)
) ENGINE=InnoDB AUTO_INCREMENT=51 DEFAULT CHARSET=utf8mb4 COLLATE=utf8mb4_0900_ai_ci;
/*!40101 SET character_set_client = @saved_cs_client */;

--
-- Dumping data for table `alumnos`
--

LOCK TABLES `alumnos` WRITE;
/*!40000 ALTER TABLE `alumnos` DISABLE KEYS */;
INSERT INTO `alumnos` VALUES (1,'Maria','Garcia Garcia',1),(2,'Antonio','Martinez Lopez',1),(3,'Carmen','Fernandez Perez',1),(4,'Manuel','Sanchez Martinez',1),(5,'Isabel','Gonzalez Rodriguez',1),(6,'Francisco','Lopez Sanchez',1),(7,'Laura','Hernandez Gonzalez',1),(8,'David','Perez Martinez',1),(9,'Ana','Rodriguez Lopez',1),(10,'Javier','Martinez Garcia',1),(11,'Maria Carmen','Garcia Martinez',1),(12,'Francisco Javier','Martin Sanchez',1),(13,'Elena','Sanchez Perez',1),(14,'Daniel','Gonzalez Rodriguez',1),(15,'Sara','Lopez Martinez',1),(16,'Carlos','Hernandez Sanchez',1),(17,'Ana Maria','Perez Gonzalez',1),(18,'Pablo','Rodriguez Rodriguez',1),(19,'Lucia','Garcia Lopez',1),(20,'Ruben','Martinez Martinez',1),(21,'Maria','Gonzalez Martinez',1),(22,'Antonio','Lopez Garcia',1),(23,'Isabel','Rodriguez Fernandez',1),(24,'Manuel','Perez Rodriguez',1),(25,'Ana Maria','Sanchez Lopez',1),(26,'Francisco Javier','Martinez Perez',2),(27,'Laura','Gomez Sanchez',2),(28,'David','Fernandez Martin',2),(29,'Sara','Martinez Garcia',2),(30,'Javier','Rodriguez Sanchez',2),(31,'Carmen','Perez Martinez',2),(32,'Daniel','Gonzalez Lopez',2),(33,'Maria Jose','Lopez Rodriguez',2),(34,'Juan Jose','Sanchez Perez',2),(35,'Marta','Martin Sanchez',2),(36,'Alberto','Gomez Martinez',2),(37,'Nuria','Fernandez Lopez',2),(38,'Pedro','Martinez Garcia',2),(39,'Elena','Sanchez Rodriguez',2),(40,'Carlos','Perez Sanchez',2),(41,'Beatriz','Gonzalez Martinez',2),(42,'Diego','Lopez Garcia',2),(43,'Patricia','Rodriguez Fernandez',2),(44,'Jorge','Perez Rodriguez',2),(45,'Rocio','Sanchez Lopez',2),(46,'Rafael','Martinez Perez',2),(47,'Silvia','Gomez Sanchez',2),(48,'Alvaro','Fernandez Martin',2),(49,'Eva','Martinez Garcia',2),(50,'Alejandro','Sanchez Rodriguez',2);
/*!40000 ALTER TABLE `alumnos` ENABLE KEYS */;
UNLOCK TABLES;

--
-- Table structure for table `calificaciones`
--

DROP TABLE IF EXISTS `calificaciones`;
/*!40101 SET @saved_cs_client     = @@character_set_client */;
/*!50503 SET character_set_client = utf8mb4 */;
CREATE TABLE `calificaciones` (
  `id_ejercicio` int NOT NULL,
  `id_alumno` int NOT NULL,
  `nota` decimal(4,2) DEFAULT NULL,
  PRIMARY KEY (`id_ejercicio`,`id_alumno`),
  KEY `id_alumno` (`id_alumno`),
  CONSTRAINT `calificaciones_ibfk_1` FOREIGN KEY (`id_ejercicio`) REFERENCES `ejercicios` (`id`),
  CONSTRAINT `calificaciones_ibfk_2` FOREIGN KEY (`id_alumno`) REFERENCES `alumnos` (`id`),
  CONSTRAINT `calificaciones_chk_1` CHECK ((`nota` between 0 and 10))
) ENGINE=InnoDB DEFAULT CHARSET=utf8mb4 COLLATE=utf8mb4_0900_ai_ci;
/*!40101 SET character_set_client = @saved_cs_client */;

--
-- Dumping data for table `calificaciones`
--

LOCK TABLES `calificaciones` WRITE;
/*!40000 ALTER TABLE `calificaciones` DISABLE KEYS */;
INSERT INTO `calificaciones` VALUES (1,1,3.03),(1,2,1.97),(1,3,6.07),(1,4,1.33),(1,5,8.65),(1,6,7.85),(1,7,9.74),(1,8,4.66),(1,9,8.47),(1,14,9.73),(1,15,5.20),(1,16,0.27),(1,17,9.78),(1,18,9.33),(1,19,1.04),(1,20,2.10),(1,21,9.45),(1,22,0.17),(1,23,2.51),(1,24,9.77),(1,25,8.47),(1,26,1.18),(1,27,8.74),(1,28,1.74),(1,29,1.80),(1,30,3.67),(1,31,9.98),(1,32,5.92),(1,33,9.42),(1,34,4.39),(1,35,5.53),(1,36,4.91),(1,37,3.61),(1,38,9.00),(1,39,2.51),(1,40,0.63),(1,41,8.09),(1,42,3.50),(1,43,7.60),(1,44,4.94),(1,45,1.48),(1,46,4.81),(1,47,3.94),(1,48,0.91),(1,49,2.63),(1,50,5.08),(2,1,8.81),(2,2,7.74),(2,3,6.33),(2,4,8.93),(2,5,6.50),(2,6,2.80),(2,7,3.64),(2,8,4.08),(2,9,7.79),(2,14,7.43),(2,15,4.60),(2,16,9.04),(2,17,2.14),(2,18,7.33),(2,19,3.55),(2,20,9.93),(2,21,4.85),(2,22,7.23),(2,23,3.66),(2,24,3.95),(2,25,6.67),(2,26,8.46),(2,27,1.26),(2,28,6.56),(2,29,8.15),(2,30,3.65),(2,31,1.93),(2,32,0.40),(2,33,1.79),(2,34,2.64),(2,35,9.90),(2,36,3.45),(2,37,7.18),(2,38,4.41),(2,39,1.35),(2,40,7.67),(2,41,8.67),(2,42,3.90),(2,43,3.91),(2,44,9.72),(2,45,5.76),(2,46,8.73),(2,47,2.64),(2,48,0.42),(2,49,7.60),(2,50,7.26),(3,1,2.84),(3,2,7.42),(3,3,3.00),(3,4,8.28),(3,5,2.50),(3,6,5.90),(3,7,4.40),(3,8,0.94),(3,9,5.86),(3,14,6.51),(3,15,1.35),(3,16,6.63),(3,17,3.55),(3,18,8.84),(3,19,1.42),(3,20,3.24),(3,21,5.42),(3,22,6.42),(3,23,0.53),(3,24,1.29),(3,25,7.23),(3,26,2.50),(3,27,2.80),(3,28,8.43),(3,29,0.34),(3,30,1.51),(3,31,4.15),(3,32,5.47),(3,33,0.04),(3,34,0.26),(3,35,6.56),(3,36,3.25),(3,37,0.28),(3,38,4.27),(3,39,9.89),(3,40,4.90),(3,41,5.20),(3,42,0.49),(3,43,8.77),(3,44,4.39),(3,45,6.18),(3,46,0.78),(3,47,8.99),(3,48,2.92),(3,49,5.53),(3,50,8.65),(4,1,1.79),(4,2,5.47),(4,3,7.57),(4,4,2.32),(4,5,8.66),(4,6,4.26),(4,7,8.66),(4,8,2.36),(4,9,2.65),(4,14,1.10),(4,15,8.70),(4,16,8.51),(4,17,7.12),(4,18,9.15),(4,19,8.37),(4,20,8.40),(4,21,9.57),(4,22,7.07),(4,23,8.30),(4,24,5.47),(4,25,7.32),(4,26,9.06),(4,27,3.75),(4,28,3.71),(4,29,3.17),(4,30,0.71),(4,31,8.85),(4,32,1.84),(4,33,1.01),(4,34,3.44),(4,35,0.05),(4,36,3.04),(4,37,5.95),(4,38,2.75),(4,39,6.94),(4,40,3.08),(4,41,2.23),(4,42,4.29),(4,43,9.06),(4,44,4.40),(4,45,6.10),(4,46,6.08),(4,47,6.59),(4,48,8.92),(4,49,0.30),(4,50,9.67),(5,1,8.78),(5,2,3.29),(5,3,8.05),(5,4,1.61),(5,5,3.09),(5,6,7.00),(5,7,8.55),(5,8,0.87),(5,9,8.70),(5,14,6.24),(5,15,2.11),(5,16,2.12),(5,17,8.65),(5,18,7.53),(5,19,3.51),(5,20,2.83),(5,21,9.68),(5,22,3.54),(5,23,9.23),(5,24,7.14),(5,25,8.77),(5,26,6.42),(5,27,2.99),(5,28,4.74),(5,29,9.18),(5,30,9.42),(5,31,4.01),(5,32,2.00),(5,33,9.41),(5,34,0.34),(5,35,7.41),(5,36,1.24),(5,37,0.17),(5,38,2.40),(5,39,5.77),(5,40,9.11),(5,41,7.75),(5,42,5.37),(5,43,0.54),(5,44,7.56),(5,45,5.14),(5,46,3.76),(5,47,2.04),(5,48,0.16),(5,49,5.11),(5,50,0.96),(6,1,0.77),(6,2,4.12),(6,3,5.31),(6,4,4.76),(6,5,7.87),(6,6,9.07),(6,7,9.97),(6,8,3.26),(6,9,7.61),(6,14,5.08),(6,15,1.77),(6,16,3.59),(6,17,0.30),(6,18,7.12),(6,19,3.31),(6,20,5.61),(6,21,9.71),(6,22,6.25),(6,23,0.86),(6,24,3.36),(6,25,2.41),(6,26,2.26),(6,27,8.95),(6,28,7.45),(6,29,4.29),(6,30,7.40),(6,31,8.34),(6,32,0.91),(6,33,1.34),(6,34,2.43),(6,35,4.37),(6,36,9.41),(6,37,0.43),(6,38,3.27),(6,39,4.26),(6,40,2.39),(6,41,9.69),(6,42,3.43),(6,43,3.05),(6,44,1.17),(6,45,3.80),(6,46,1.36),(6,47,9.65),(6,48,1.69),(6,49,9.14),(6,50,9.66),(7,1,8.64),(7,2,7.41),(7,3,7.73),(7,4,0.24),(7,5,1.27),(7,6,2.84),(7,7,7.25),(7,8,5.99),(7,9,3.79),(7,14,3.85),(7,15,2.46),(7,16,2.28),(7,17,3.79),(7,18,4.60),(7,19,1.98),(7,20,4.04),(7,21,5.49),(7,22,9.46),(7,23,1.10),(7,24,4.32),(7,25,3.03),(7,26,6.96),(7,27,7.46),(7,28,4.93),(7,29,2.78),(7,30,8.38),(7,31,8.65),(7,32,1.73),(7,33,1.23),(7,34,1.27),(7,35,8.37),(7,36,1.09),(7,37,1.36),(7,38,5.51),(7,39,6.71),(7,40,7.53),(7,41,6.71),(7,42,6.64),(7,43,7.31),(7,44,9.67),(7,45,0.57),(7,46,8.28),(7,47,6.83),(7,48,3.24),(7,49,5.26),(7,50,4.09),(8,1,4.66),(8,2,0.15),(8,3,4.70),(8,4,4.31),(8,5,1.10),(8,6,1.83),(8,7,1.89),(8,8,9.98),(8,9,8.65),(8,14,8.31),(8,15,7.22),(8,16,9.01),(8,17,0.19),(8,18,2.47),(8,19,0.30),(8,20,5.99),(8,21,6.74),(8,22,7.07),(8,23,7.96),(8,24,5.20),(8,25,7.49),(8,26,2.68),(8,27,6.71),(8,28,0.65),(8,29,6.77),(8,30,7.69),(8,31,8.06),(8,32,5.66),(8,33,2.30),(8,34,5.43),(8,35,4.16),(8,36,2.57),(8,37,3.93),(8,38,4.24),(8,39,1.23),(8,40,2.14),(8,41,0.83),(8,42,2.50),(8,43,8.70),(8,44,9.65),(8,45,1.65),(8,46,2.57),(8,47,4.94),(8,48,7.25),(8,49,4.54),(8,50,8.39),(9,1,0.53),(9,2,4.96),(9,3,0.69),(9,4,0.76),(9,5,3.98),(9,6,2.63),(9,7,6.63),(9,8,2.31),(9,9,9.38),(9,14,1.36),(9,15,6.78),(9,16,1.02),(9,17,1.61),(9,18,5.44),(9,19,8.00),(9,20,3.38),(9,21,1.26),(9,22,7.42),(9,23,6.44),(9,24,2.49),(9,25,4.41),(9,26,6.63),(9,27,5.34),(9,28,3.76),(9,29,0.85),(9,30,4.28),(9,31,6.77),(9,32,6.88),(9,33,8.64),(9,34,7.53),(9,35,7.41),(9,36,6.64),(9,37,4.34),(9,38,2.11),(9,39,0.20),(9,40,8.26),(9,41,3.30),(9,42,1.33),(9,43,6.08),(9,44,6.80),(9,45,6.42),(9,46,2.48),(9,47,3.58),(9,48,5.30),(9,49,8.28),(9,50,6.90),(10,1,0.11),(10,2,4.98),(10,3,1.30),(10,4,6.29),(10,5,6.91),(10,6,1.85),(10,7,5.23),(10,8,8.73),(10,9,2.58),(10,14,3.59),(10,15,5.37),(10,16,0.08),(10,17,4.09),(10,18,4.46),(10,19,6.40),(10,20,5.54),(10,21,3.75),(10,22,9.85),(10,23,6.63),(10,24,6.34),(10,25,3.48),(10,26,0.55),(10,27,6.22),(10,28,0.03),(10,29,4.78),(10,30,2.43),(10,31,9.66),(10,32,9.61),(10,33,9.83),(10,34,8.45),(10,35,2.96),(10,36,8.90),(10,37,9.52),(10,38,5.51),(10,39,8.10),(10,40,3.00),(10,41,4.14),(10,42,9.72),(10,43,8.58),(10,44,0.73),(10,45,2.65),(10,46,0.79),(10,47,9.63),(10,48,1.42),(10,49,9.00),(10,50,8.03),(11,1,0.26),(11,2,1.21),(11,3,5.60),(11,4,5.16),(11,5,7.76),(11,6,6.51),(11,7,3.09),(11,8,4.39),(11,9,0.97),(11,14,2.70),(11,15,8.96),(11,16,4.11),(11,17,7.51),(11,18,3.68),(11,19,8.82),(11,20,4.68),(11,21,6.33),(11,22,3.77),(11,23,0.68),(11,24,5.05),(11,25,4.38),(11,26,7.41),(11,27,1.67),(11,28,2.75),(11,29,2.52),(11,30,8.90),(11,31,0.47),(11,32,9.59),(11,33,3.74),(11,34,3.71),(11,35,1.96),(11,36,6.56),(11,37,9.89),(11,38,4.58),(11,39,7.38),(11,40,5.36),(11,41,2.10),(11,42,1.69),(11,43,5.95),(11,44,4.83),(11,45,2.24),(11,46,8.25),(11,47,4.10),(11,48,6.53),(11,49,2.94),(11,50,1.20),(12,1,1.83),(12,2,1.88),(12,3,0.04),(12,4,9.78),(12,5,0.33),(12,6,4.35),(12,7,3.88),(12,8,5.15),(12,9,7.32),(12,14,8.52),(12,15,8.35),(12,16,6.12),(12,17,3.74),(12,18,0.19),(12,19,6.74),(12,20,3.92),(12,21,2.80),(12,22,1.69),(12,23,5.51),(12,24,5.20),(12,25,6.26),(12,26,6.00),(12,27,8.72),(12,28,6.39),(12,29,9.98),(12,30,1.71),(12,31,4.31),(12,32,5.86),(12,33,4.10),(12,34,5.82),(12,35,4.93),(12,36,4.87),(12,37,6.91),(12,38,6.55),(12,39,3.83),(12,40,9.29),(12,41,5.60),(12,42,0.41),(12,43,1.47),(12,44,2.90),(12,45,4.48),(12,46,1.95),(12,47,6.49),(12,48,3.79),(12,49,8.32),(12,50,0.61),(13,1,5.55),(13,2,8.94),(13,3,6.66),(13,4,9.88),(13,5,5.98),(13,6,0.56),(13,7,7.50),(13,8,8.44),(13,9,4.78),(13,14,6.95),(13,15,9.75),(13,16,1.31),(13,17,5.15),(13,18,5.52),(13,19,7.48),(13,20,3.19),(13,21,2.47),(13,22,4.96),(13,23,4.42),(13,24,3.56),(13,25,8.12),(13,26,9.89),(13,27,6.37),(13,28,7.64),(13,29,1.52),(13,30,3.06),(13,31,7.68),(13,32,1.30),(13,33,1.67),(13,34,3.05),(13,35,1.33),(13,36,9.71),(13,37,1.15),(13,38,9.05),(13,39,2.37),(13,40,4.73),(13,41,1.97),(13,42,3.68),(13,43,9.08),(13,44,8.74),(13,45,4.96),(13,46,8.84),(13,47,9.81),(13,48,3.96),(13,49,5.15),(13,50,6.44),(14,1,8.29),(14,2,8.38),(14,3,3.12),(14,4,3.56),(14,5,3.21),(14,6,7.41),(14,7,1.80),(14,8,1.29),(14,9,7.45),(14,14,0.81),(14,15,2.57),(14,16,2.63),(14,17,6.44),(14,18,6.13),(14,19,4.62),(14,20,9.44),(14,21,5.82),(14,22,8.85),(14,23,9.11),(14,24,2.30),(14,25,7.30),(14,26,2.39),(14,27,7.84),(14,28,2.91),(14,29,3.43),(14,30,1.35),(14,31,4.99),(14,32,6.31),(14,33,0.98),(14,34,4.99),(14,35,7.54),(14,36,4.33),(14,37,9.96),(14,38,6.11),(14,39,7.18),(14,40,1.21),(14,41,2.73),(14,42,7.09),(14,43,6.19),(14,44,7.79),(14,45,2.84),(14,46,9.96),(14,47,1.22),(14,48,8.27),(14,49,4.01),(14,50,8.75),(15,1,2.12),(15,2,1.55),(15,3,3.28),(15,4,1.40),(15,5,3.55),(15,6,5.68),(15,7,6.44),(15,8,0.26),(15,9,9.04),(15,14,4.27),(15,15,6.04),(15,16,1.13),(15,17,2.68),(15,18,1.79),(15,19,0.70),(15,20,9.10),(15,21,1.32),(15,22,5.09),(15,23,6.37),(15,24,0.28),(15,25,6.75),(15,26,4.54),(15,27,8.69),(15,28,8.58),(15,29,4.01),(15,30,6.03),(15,31,2.74),(15,32,7.96),(15,33,0.30),(15,34,1.51),(15,35,3.92),(15,36,0.77),(15,37,2.67),(15,38,3.86),(15,39,9.09),(15,40,4.42),(15,41,4.28),(15,42,1.67),(15,43,1.96),(15,44,3.07),(15,45,3.64),(15,46,9.57),(15,47,4.29),(15,48,4.09),(15,49,0.85),(15,50,7.26),(16,1,7.69),(16,2,3.77),(16,3,2.72),(16,4,3.15),(16,5,9.47),(16,6,9.81),(16,7,7.54),(16,8,3.27),(16,9,6.95),(16,14,9.98),(16,15,0.22),(16,16,2.92),(16,17,7.57),(16,18,2.33),(16,19,7.73),(16,20,7.40),(16,21,1.78),(16,22,3.04),(16,23,5.19),(16,24,1.66),(16,25,5.63),(16,26,8.95),(16,27,8.97),(16,28,2.03),(16,29,9.64),(16,30,2.86),(16,31,5.27),(16,32,4.16),(16,33,9.83),(16,34,9.05),(16,35,0.38),(16,36,3.54),(16,37,1.88),(16,38,8.54),(16,39,5.44),(16,40,4.60),(16,41,4.79),(16,42,3.48),(16,43,3.04),(16,44,9.98),(16,45,6.92),(16,46,3.61),(16,47,7.80),(16,48,6.02),(16,49,4.23),(16,50,6.91),(17,1,9.94),(17,2,9.36),(17,3,8.43),(17,4,2.10),(17,5,2.61),(17,6,9.99),(17,7,8.37),(17,8,9.83),(17,9,9.48),(17,14,3.55),(17,15,2.14),(17,16,7.63),(17,17,0.50),(17,18,1.81),(17,19,2.91),(17,20,8.47),(17,21,7.22),(17,22,5.65),(17,23,8.96),(17,24,5.51),(17,25,6.51),(17,26,4.14),(17,27,6.87),(17,28,9.57),(17,29,7.47),(17,30,3.49),(17,31,5.39),(17,32,9.13),(17,33,3.72),(17,34,6.11),(17,35,6.70),(17,36,1.00),(17,37,3.32),(17,38,8.09),(17,39,7.11),(17,40,4.77),(17,41,5.22),(17,42,5.38),(17,43,5.45),(17,44,4.82),(17,45,6.48),(17,46,8.42),(17,47,2.29),(17,48,1.32),(17,49,0.28),(17,50,4.65),(18,1,8.00),(18,2,5.09),(18,3,3.95),(18,4,0.37),(18,5,9.39),(18,6,1.32),(18,7,9.64),(18,8,2.39),(18,9,9.11),(18,14,4.10),(18,15,1.90),(18,16,4.89),(18,17,4.32),(18,18,8.24),(18,19,4.08),(18,20,8.14),(18,21,9.71),(18,22,0.33),(18,23,3.60),(18,24,9.01),(18,25,3.76),(18,26,9.75),(18,27,3.28),(18,28,7.02),(18,29,7.19),(18,30,0.05),(18,31,1.08),(18,32,2.82),(18,33,7.19),(18,34,3.79),(18,35,6.14),(18,36,7.11),(18,37,1.17),(18,38,9.49),(18,39,4.52),(18,40,3.23),(18,41,8.79),(18,42,9.12),(18,43,0.51),(18,44,2.69),(18,45,0.43),(18,46,2.78),(18,47,0.57),(18,48,1.04),(18,49,6.42),(18,50,7.12),(19,1,3.44),(19,2,8.54),(19,3,3.09),(19,4,3.11),(19,5,2.74),(19,6,0.25),(19,7,2.03),(19,8,2.53),(19,9,6.22),(19,14,0.74),(19,15,1.68),(19,16,1.79),(19,17,4.46),(19,18,6.30),(19,19,4.16),(19,20,0.09),(19,21,9.76),(19,22,7.37),(19,23,5.96),(19,24,7.49),(19,25,8.18),(19,26,3.45),(19,27,9.92),(19,28,5.35),(19,29,9.85),(19,30,7.32),(19,31,3.31),(19,32,9.82),(19,33,5.67),(19,34,7.38),(19,35,5.34),(19,36,6.15),(19,37,5.77),(19,38,9.76),(19,39,1.59),(19,40,5.63),(19,41,6.47),(19,42,7.27),(19,43,5.05),(19,44,8.87),(19,45,9.44),(19,46,0.78),(19,47,4.84),(19,48,5.95),(19,49,7.62),(19,50,0.74),(20,1,6.57),(20,2,8.50),(20,3,5.88),(20,4,3.73),(20,5,6.52),(20,6,2.45),(20,7,4.74),(20,8,8.92),(20,9,4.99),(20,14,0.51),(20,15,3.97),(20,16,8.34),(20,17,9.26),(20,18,3.18),(20,19,0.12),(20,20,2.42),(20,21,8.95),(20,22,6.19),(20,23,7.68),(20,24,3.46),(20,25,7.90),(20,26,8.82),(20,27,1.11),(20,28,1.80),(20,29,2.80),(20,30,2.14),(20,31,1.47),(20,32,3.91),(20,33,0.88),(20,34,8.12),(20,35,7.35),(20,36,5.74),(20,37,4.00),(20,38,2.90),(20,39,3.63),(20,40,1.21),(20,41,9.77),(20,42,6.37),(20,43,4.01),(20,44,3.88),(20,45,4.22),(20,46,2.10),(20,47,9.44),(20,48,3.19),(20,49,3.08),(20,50,4.51),(21,1,8.57),(21,2,4.08),(21,3,1.25),(21,4,8.19),(21,5,9.44),(21,6,9.19),(21,7,1.77),(21,8,2.97),(21,9,1.43),(21,14,5.70),(21,15,8.61),(21,16,3.09),(21,17,3.29),(21,18,4.58),(21,19,0.76),(21,20,3.09),(21,21,1.92),(21,22,6.64),(21,23,0.98),(21,24,6.98),(21,25,9.63),(21,26,8.12),(21,27,3.07),(21,28,5.52),(21,29,1.33),(21,30,4.68),(21,31,6.71),(21,32,4.76),(21,33,2.05),(21,34,3.10),(21,35,2.38),(21,36,8.43),(21,37,3.30),(21,38,6.46),(21,39,7.81),(21,40,4.87),(21,41,0.45),(21,42,1.14),(21,43,6.08),(21,44,5.26),(21,45,9.29),(21,46,5.96),(21,47,0.16),(21,48,1.52),(21,49,0.73),(21,50,5.07),(22,1,6.13),(22,2,9.90),(22,3,1.80),(22,4,1.02),(22,5,6.15),(22,6,4.14),(22,7,3.31),(22,8,9.40),(22,9,4.97),(22,14,4.53),(22,15,1.98),(22,16,3.38),(22,17,3.80),(22,18,2.76),(22,19,9.12),(22,20,8.06),(22,21,5.47),(22,22,6.36),(22,23,4.76),(22,24,2.00),(22,25,6.58),(22,26,8.83),(22,27,5.71),(22,28,6.75),(22,29,4.54),(22,30,7.25),(22,31,6.18),(22,32,3.97),(22,33,4.61),(22,34,7.20),(22,35,5.70),(22,36,8.90),(22,37,9.90),(22,38,3.07),(22,39,7.90),(22,40,4.38),(22,41,1.41),(22,42,0.50),(22,43,0.48),(22,44,3.30),(22,45,2.16),(22,46,6.02),(22,47,4.54),(22,48,6.34),(22,49,1.66),(22,50,6.67),(23,1,0.24),(23,2,3.09),(23,3,3.98),(23,4,8.87),(23,5,9.63),(23,6,7.90),(23,7,2.04),(23,8,9.78),(23,9,0.87),(23,10,0.11),(23,11,4.59),(23,12,9.12),(23,13,5.60),(23,14,9.93),(23,15,3.16),(23,16,9.82),(23,17,0.76),(23,18,7.86),(23,19,2.48),(23,20,6.67),(23,21,8.66),(23,34,6.89),(23,35,3.31),(23,36,4.16),(23,37,5.78),(23,38,1.06),(23,39,6.84),(23,40,7.97),(23,41,7.48),(23,42,2.26),(23,43,8.38),(23,44,8.04),(23,45,7.84),(23,46,4.86),(23,47,4.49),(23,48,7.93),(23,49,6.51),(23,50,9.16),(24,1,4.21),(24,2,9.93),(24,3,0.52),(24,4,2.57),(24,5,0.39),(24,6,3.74),(24,7,2.92),(24,8,1.01),(24,9,3.98),(24,10,3.85),(24,11,4.47),(24,12,3.62),(24,13,9.05),(24,14,1.70),(24,15,7.87),(24,16,3.09),(24,17,0.10),(24,18,7.11),(24,19,9.72),(24,20,1.51),(24,21,7.80),(24,34,3.24),(24,35,7.01),(24,36,9.63),(24,37,6.67),(24,38,2.87),(24,39,2.50),(24,40,0.43),(24,41,4.40),(24,42,0.70),(24,43,8.45),(24,44,7.74),(24,45,3.47),(24,46,6.58),(24,47,9.10),(24,48,8.49),(24,49,1.78),(24,50,7.82),(25,1,7.17),(25,2,2.65),(25,3,6.01),(25,4,4.76),(25,5,2.85),(25,6,6.20),(25,7,6.64),(25,8,0.25),(25,9,6.33),(25,10,9.79),(25,11,2.39),(25,12,6.26),(25,13,3.32),(25,14,9.22),(25,15,2.93),(25,16,1.11),(25,17,5.73),(25,18,2.45),(25,19,6.07),(25,20,8.25),(25,21,3.43),(25,34,8.75),(25,35,5.53),(25,36,4.56),(25,37,8.68),(25,38,6.59),(25,39,1.73),(25,40,4.57),(25,41,1.02),(25,42,5.36),(25,43,2.77),(25,44,5.94),(25,45,3.16),(25,46,9.25),(25,47,3.33),(25,48,4.67),(25,49,1.27),(25,50,8.45),(26,1,8.79),(26,2,4.82),(26,3,6.23),(26,4,9.27),(26,5,8.34),(26,6,2.77),(26,7,3.88),(26,8,1.32),(26,9,1.59),(26,10,6.08),(26,11,2.29),(26,12,7.10),(26,13,3.49),(26,14,5.89),(26,15,6.35),(26,16,6.03),(26,17,4.78),(26,18,4.41),(26,19,8.26),(26,20,4.63),(26,21,3.25),(26,34,7.51),(26,35,4.34),(26,36,4.72),(26,37,4.40),(26,38,2.01),(26,39,1.68),(26,40,7.05),(26,41,6.10),(26,42,1.69),(26,43,6.68),(26,44,2.67),(26,45,9.60),(26,46,4.54),(26,47,2.55),(26,48,8.55),(26,49,5.38),(26,50,3.47),(27,1,6.92),(27,2,3.01),(27,3,7.62),(27,4,3.79),(27,5,0.35),(27,6,3.75),(27,7,2.44),(27,8,4.55),(27,9,2.14),(27,10,0.74),(27,11,0.89),(27,12,5.61),(27,13,9.73),(27,14,1.66),(27,15,7.95),(27,16,7.27),(27,17,1.74),(27,18,9.41),(27,19,6.04),(27,20,7.65),(27,21,0.74),(27,34,4.89),(27,35,3.59),(27,36,3.58),(27,37,2.58),(27,38,5.91),(27,39,5.63),(27,40,8.81),(27,41,4.61),(27,42,4.34),(27,43,9.70),(27,44,4.42),(27,45,5.71),(27,46,0.07),(27,47,0.36),(27,48,4.62),(27,49,7.56),(27,50,0.33),(28,1,0.06),(28,2,4.80),(28,3,3.15),(28,4,6.44),(28,5,5.78),(28,6,9.84),(28,7,7.98),(28,8,2.37),(28,9,1.72),(28,10,1.43),(28,11,2.65),(28,12,0.85),(28,13,3.42),(28,14,0.20),(28,15,0.38),(28,16,4.29),(28,17,5.34),(28,18,9.21),(28,19,8.32),(28,20,0.02),(28,21,4.61),(28,34,3.89),(28,35,2.21),(28,36,8.88),(28,37,7.70),(28,38,7.08),(28,39,2.64),(28,40,9.66),(28,41,6.86),(28,42,8.12),(28,43,2.69),(28,44,0.35),(28,45,5.47),(28,46,2.82),(28,47,2.36),(28,48,3.94),(28,49,7.83),(28,50,4.39),(29,1,4.07),(29,2,1.68),(29,3,8.29),(29,4,8.11),(29,5,6.86),(29,6,8.07),(29,7,1.34),(29,8,1.01),(29,9,0.90),(29,10,4.59),(29,11,2.22),(29,12,1.61),(29,13,2.26),(29,14,4.15),(29,15,8.11),(29,16,8.32),(29,17,0.32),(29,18,9.02),(29,19,0.72),(29,20,0.16),(29,21,3.07),(29,34,6.92),(29,35,5.95),(29,36,4.37),(29,37,5.43),(29,38,8.45),(29,39,3.18),(29,40,9.13),(29,41,5.32),(29,42,6.33),(29,43,7.11),(29,44,1.48),(29,45,8.86),(29,46,5.33),(29,47,1.16),(29,48,0.36),(29,49,2.71),(29,50,9.65),(30,1,8.27),(30,2,8.97),(30,3,0.53),(30,4,6.73),(30,5,6.98),(30,6,2.68),(30,7,3.48),(30,8,5.86),(30,9,2.37),(30,10,1.21),(30,11,5.67),(30,12,8.58),(30,13,8.68),(30,14,7.01),(30,15,9.50),(30,16,7.07),(30,17,1.21),(30,18,9.43),(30,19,3.40),(30,20,7.74),(30,21,5.60),(30,34,0.09),(30,35,1.45),(30,36,6.10),(30,37,1.34),(30,38,7.43),(30,39,2.49),(30,40,3.59),(30,41,4.99),(30,42,0.59),(30,43,5.22),(30,44,7.70),(30,45,9.87),(30,46,2.87),(30,47,2.98),(30,48,3.38),(30,49,5.59),(30,50,5.80),(31,1,5.58),(31,2,5.68),(31,3,0.29),(31,4,9.08),(31,5,0.83),(31,6,1.86),(31,7,3.62),(31,8,2.11),(31,9,6.76),(31,10,8.42),(31,11,5.91),(31,12,9.39),(31,13,0.00),(31,14,2.26),(31,15,9.65),(31,16,4.75),(31,17,8.76),(31,18,7.55),(31,19,5.04),(31,20,1.93),(31,21,7.81),(31,34,9.17),(31,35,2.43),(31,36,3.51),(31,37,7.80),(31,38,3.03),(31,39,2.42),(31,40,0.31),(31,41,2.69),(31,42,0.52),(31,43,0.33),(31,44,8.83),(31,45,4.99),(31,46,5.36),(31,47,3.77),(31,48,2.52),(31,49,1.87),(31,50,4.99),(32,1,9.18),(32,2,0.97),(32,3,6.99),(32,4,3.25),(32,5,4.99),(32,6,0.16),(32,7,0.78),(32,8,8.94),(32,9,8.81),(32,10,2.72),(32,11,2.88),(32,12,8.17),(32,13,3.93),(32,14,6.72),(32,15,6.62),(32,16,5.89),(32,17,6.82),(32,18,0.84),(32,19,0.34),(32,20,7.18),(32,21,4.29),(32,34,5.40),(32,35,5.60),(32,36,7.97),(32,37,3.72),(32,38,8.01),(32,39,2.18),(32,40,5.46),(32,41,5.20),(32,42,2.59),(32,43,8.06),(32,44,5.73),(32,45,9.62),(32,46,2.01),(32,47,7.97),(32,48,9.64),(32,49,5.02),(32,50,7.11),(33,1,5.97),(33,2,1.10),(33,3,1.89),(33,4,0.40),(33,5,1.26),(33,6,5.06),(33,7,3.39),(33,8,0.79),(33,9,0.32),(33,10,1.80),(33,11,3.60),(33,12,6.91),(33,13,1.36),(33,14,0.33),(33,15,9.40),(33,16,0.28),(33,17,3.44),(33,18,4.18),(33,19,5.66),(33,20,2.03),(33,21,6.14),(33,34,6.99),(33,35,4.99),(33,36,5.34),(33,37,2.82),(33,38,2.88),(33,39,2.71),(33,40,7.02),(33,41,7.66),(33,42,0.65),(33,43,5.14),(33,44,5.86),(33,45,0.55),(33,46,6.88),(33,47,1.49),(33,48,4.32),(33,49,9.99),(33,50,5.89),(34,1,6.06),(34,2,3.53),(34,3,0.18),(34,4,1.89),(34,5,9.29),(34,6,1.85),(34,7,9.63),(34,8,6.10),(34,9,9.56),(34,10,6.70),(34,11,4.22),(34,12,8.34),(34,13,1.71),(34,14,7.37),(34,15,2.59),(34,16,3.89),(34,17,0.11),(34,18,5.99),(34,19,1.92),(34,20,0.57),(34,21,6.46),(34,34,5.46),(34,35,1.55),(34,36,1.43),(34,37,8.31),(34,38,7.83),(34,39,7.70),(34,40,4.78),(34,41,7.21),(34,42,2.40),(34,43,9.41),(34,44,6.43),(34,45,3.90),(34,46,3.89),(34,47,8.15),(34,48,5.98),(34,49,1.08),(34,50,8.09),(35,1,3.30),(35,2,3.61),(35,3,6.00),(35,4,0.22),(35,5,0.03),(35,6,6.12),(35,7,2.02),(35,8,5.56),(35,9,1.72),(35,10,4.90),(35,11,4.11),(35,12,4.55),(35,13,0.83),(35,14,5.03),(35,15,3.59),(35,16,0.34),(35,17,8.40),(35,18,9.20),(35,19,2.54),(35,20,1.29),(35,21,9.90),(35,34,5.90),(35,35,7.40),(35,36,6.68),(35,37,3.32),(35,38,9.51),(35,39,3.27),(35,40,4.36),(35,41,9.52),(35,42,4.06),(35,43,5.46),(35,44,9.37),(35,45,3.09),(35,46,3.54),(35,47,3.57),(35,48,7.26),(35,49,8.05),(35,50,5.49),(36,1,2.51),(36,2,7.57),(36,3,7.03),(36,4,7.29),(36,5,3.45),(36,6,3.84),(36,7,4.35),(36,8,9.39),(36,9,1.61),(36,10,4.81),(36,11,8.65),(36,12,4.91),(36,13,9.75),(36,14,0.49),(36,15,5.22),(36,16,0.57),(36,17,4.21),(36,18,7.79),(36,19,9.05),(36,20,3.69),(36,21,9.40),(36,34,0.18),(36,35,8.35),(36,36,5.94),(36,37,6.81),(36,38,6.14),(36,39,6.06),(36,40,0.07),(36,41,4.35),(36,42,0.35),(36,43,5.13),(36,44,3.73),(36,45,7.80),(36,46,5.21),(36,47,2.45),(36,48,1.61),(36,49,2.74),(36,50,7.28),(37,1,5.28),(37,2,2.44),(37,3,5.20),(37,4,2.00),(37,5,1.28),(37,6,8.30),(37,7,6.40),(37,8,6.61),(37,9,4.61),(37,10,6.63),(37,11,4.00),(37,12,1.60),(37,13,6.35),(37,14,9.71),(37,15,5.40),(37,16,2.30),(37,17,0.80),(37,18,7.31),(37,19,1.59),(37,20,8.67),(37,21,4.65),(37,34,6.50),(37,35,8.73),(37,36,7.41),(37,37,9.52),(37,38,3.48),(37,39,4.08),(37,40,6.56),(37,41,0.78),(37,42,9.28),(37,43,8.54),(37,44,8.57),(37,45,1.44),(37,46,6.74),(37,47,0.47),(37,48,4.42),(37,49,7.44),(37,50,9.98),(38,1,0.84),(38,2,4.13),(38,3,7.13),(38,4,3.42),(38,5,3.63),(38,6,6.83),(38,7,5.26),(38,8,1.57),(38,9,4.67),(38,10,3.25),(38,11,7.38),(38,12,0.04),(38,13,0.62),(38,14,0.91),(38,15,4.06),(38,16,0.74),(38,17,5.60),(38,18,2.08),(38,19,8.37),(38,20,1.74),(38,21,3.81),(38,34,5.12),(38,35,3.37),(38,36,8.17),(38,37,9.11),(38,38,6.56),(38,39,7.50),(38,40,0.42),(38,41,7.02),(38,42,2.64),(38,43,4.24),(38,44,1.57),(38,45,3.88),(38,46,8.02),(38,47,6.74),(38,48,7.06),(38,49,0.56),(38,50,2.96),(39,1,9.73),(39,2,8.88),(39,3,0.69),(39,4,1.40),(39,5,4.72),(39,6,8.80),(39,7,8.00),(39,8,6.39),(39,9,8.55),(39,10,6.12),(39,11,7.45),(39,12,8.32),(39,13,2.61),(39,14,2.32),(39,15,5.43),(39,16,9.29),(39,17,6.09),(39,18,9.19),(39,19,2.21),(39,20,6.63),(39,21,2.63),(39,34,7.94),(39,35,6.07),(39,36,7.62),(39,37,4.22),(39,38,1.10),(39,39,2.29),(39,40,2.44),(39,41,0.81),(39,42,8.26),(39,43,4.41),(39,44,7.95),(39,45,8.36),(39,46,0.75),(39,47,0.82),(39,48,8.62),(39,49,0.09),(39,50,8.66),(40,1,2.38),(40,2,5.34),(40,3,3.90),(40,4,7.66),(40,5,1.92),(40,6,3.16),(40,7,0.67),(40,8,6.80),(40,9,9.54),(40,10,1.47),(40,11,3.08),(40,12,7.05),(40,13,7.89),(40,14,6.95),(40,15,8.64),(40,16,5.44),(40,17,7.71),(40,18,3.13),(40,19,6.36),(40,20,4.01),(40,21,0.24),(40,34,3.95),(40,35,5.97),(40,36,3.92),(40,37,3.39),(40,38,1.88),(40,39,5.37),(40,40,8.73),(40,41,9.71),(40,42,4.46),(40,43,3.21),(40,44,9.26),(40,45,1.94),(40,46,5.17),(40,47,1.69),(40,48,8.04),(40,49,7.30),(40,50,9.30),(41,1,4.05),(41,2,9.28),(41,3,0.44),(41,4,2.02),(41,5,6.77),(41,6,9.46),(41,7,6.90),(41,8,4.38),(41,9,7.49),(41,10,2.57),(41,11,3.78),(41,12,5.76),(41,13,1.17),(41,14,1.51),(41,15,9.35),(41,16,4.37),(41,17,6.64),(41,18,5.35),(41,19,6.28),(41,20,5.16),(41,21,1.03),(41,34,2.87),(41,35,8.44),(41,36,4.81),(41,37,0.37),(41,38,7.70),(41,39,6.19),(41,40,7.53),(41,41,8.54),(41,42,3.98),(41,43,9.50),(41,44,3.59),(41,45,0.11),(41,46,9.69),(41,47,6.26),(41,48,1.43),(41,49,7.84),(41,50,2.82),(42,1,0.21),(42,2,2.13),(42,3,0.27),(42,4,5.58),(42,5,0.51),(42,6,9.11),(42,7,9.69),(42,8,3.48),(42,9,8.79),(42,10,5.51),(42,11,7.17),(42,12,1.16),(42,13,8.37),(42,14,2.15),(42,15,9.06),(42,16,6.38),(42,17,8.45),(42,18,7.83),(42,19,8.95),(42,20,9.85),(42,21,9.45),(42,34,7.89),(42,35,2.57),(42,36,0.69),(42,37,2.50),(42,38,8.50),(42,39,8.70),(42,40,3.22),(42,41,7.70),(42,42,7.62),(42,43,5.06),(42,44,2.86),(42,45,1.65),(42,46,6.94),(42,47,0.80),(42,48,6.90),(42,49,8.02),(42,50,4.83),(43,1,2.70),(43,2,9.96),(43,3,1.58),(43,4,1.74),(43,5,7.74),(43,6,7.93),(43,7,0.84),(43,8,2.01),(43,9,6.88),(43,10,2.63),(43,11,9.88),(43,12,7.17),(43,13,9.34),(43,14,6.57),(43,15,3.94),(43,16,8.56),(43,17,9.73),(43,18,9.84),(43,19,0.21),(43,20,8.57),(43,21,6.63),(43,34,3.87),(43,35,3.18),(43,36,8.57),(43,37,7.12),(43,38,9.64),(43,39,8.76),(43,40,1.90),(43,41,9.07),(43,42,1.41),(43,43,5.65),(43,44,1.61),(43,45,5.07),(43,46,2.58),(43,47,1.82),(43,48,9.31),(43,49,9.61),(43,50,1.39),(44,1,0.52),(44,2,0.36),(44,3,9.64),(44,4,7.37),(44,5,6.36),(44,6,7.18),(44,7,3.67),(44,8,0.66),(44,9,5.25),(44,10,6.34),(44,11,1.98),(44,12,4.69),(44,13,8.23),(44,14,7.78),(44,15,4.62),(44,16,5.50),(44,17,5.17),(44,18,3.25),(44,19,6.08),(44,20,8.38),(44,21,3.61),(44,34,5.98),(44,35,9.15),(44,36,3.82),(44,37,9.26),(44,38,5.03),(44,39,8.79),(44,40,4.80),(44,41,6.66),(44,42,7.99),(44,43,4.78),(44,44,4.22),(44,45,9.88),(44,46,9.78),(44,47,5.10),(44,48,4.59),(44,49,0.24),(44,50,7.90),(45,1,9.24),(45,2,5.87),(45,3,0.98),(45,4,5.74),(45,5,3.99),(45,6,0.87),(45,7,4.18),(45,8,0.71),(45,9,9.52),(45,10,2.59),(45,11,9.91),(45,12,5.16),(45,13,7.75),(45,14,2.57),(45,15,2.83),(45,16,5.18),(45,17,6.43),(45,18,9.13),(45,19,7.32),(45,20,8.13),(45,21,1.33),(45,22,3.23),(45,23,9.53),(45,24,4.77),(45,25,0.57),(45,26,7.06),(45,27,8.31),(45,28,6.04),(45,29,7.59),(45,30,8.63),(45,31,1.07),(45,32,8.26),(45,33,8.59),(45,34,4.10),(45,35,2.32),(45,36,5.84),(45,37,8.33),(45,38,0.40),(45,39,0.47),(45,40,4.38),(45,41,7.65),(45,42,2.99),(45,43,7.49),(45,44,0.81),(45,45,6.46),(45,46,0.58),(45,47,6.62),(45,48,3.52),(45,49,4.87),(45,50,0.89),(46,1,4.02),(46,2,5.17),(46,3,0.80),(46,4,5.81),(46,5,8.96),(46,6,3.26),(46,7,6.07),(46,8,8.81),(46,9,1.25),(46,10,7.03),(46,11,8.13),(46,12,8.59),(46,13,7.51),(46,14,1.50),(46,15,4.10),(46,16,6.14),(46,17,9.68),(46,18,3.76),(46,19,2.16),(46,20,2.25),(46,21,1.68),(46,22,8.91),(46,23,0.01),(46,24,0.77),(46,25,0.38),(46,26,9.93),(46,27,7.81),(46,28,0.81),(46,29,2.53),(46,30,1.53),(46,31,5.95),(46,32,6.45),(46,33,6.19),(46,34,2.17),(46,35,3.32),(46,36,7.02),(46,37,3.59),(46,38,3.03),(46,39,9.18),(46,40,4.68),(46,41,7.14),(46,42,1.13),(46,43,7.04),(46,44,7.85),(46,45,4.85),(46,46,5.21),(46,47,7.41),(46,48,0.56),(46,49,2.21),(46,50,5.80),(47,1,3.40),(47,2,5.40),(47,3,3.89),(47,4,6.31),(47,5,7.84),(47,6,8.87),(47,7,6.13),(47,8,8.14),(47,9,2.31),(47,10,2.69),(47,11,4.01),(47,12,3.73),(47,13,4.66),(47,14,6.19),(47,15,8.50),(47,16,9.07),(47,17,8.96),(47,18,5.57),(47,19,7.48),(47,20,0.46),(47,21,3.83),(47,22,0.51),(47,23,6.75),(47,24,4.63),(47,25,8.11),(47,26,5.50),(47,27,5.96),(47,28,1.26),(47,29,5.20),(47,30,5.54),(47,31,9.80),(47,32,9.76),(47,33,9.57),(47,34,8.27),(47,35,5.07),(47,36,2.13),(47,37,8.49),(47,38,9.31),(47,39,2.37),(47,40,4.00),(47,41,4.44),(47,42,7.07),(47,43,9.73),(47,44,8.18),(47,45,4.13),(47,46,1.38),(47,47,2.11),(47,48,6.34),(47,49,7.81),(47,50,9.63),(48,1,9.62),(48,2,9.01),(48,3,9.63),(48,4,0.40),(48,5,1.27),(48,6,0.32),(48,7,8.95),(48,8,3.88),(48,9,1.23),(48,10,7.78),(48,11,2.86),(48,12,7.75),(48,13,6.73),(48,14,1.36),(48,15,8.51),(48,16,0.43),(48,17,6.83),(48,18,8.60),(48,19,7.66),(48,20,6.92),(48,21,4.37),(48,22,3.79),(48,23,5.75),(48,24,6.25),(48,25,1.16),(48,26,4.80),(48,27,4.93),(48,28,0.19),(48,29,3.38),(48,30,9.36),(48,31,4.79),(48,32,0.87),(48,33,3.60),(48,34,0.93),(48,35,4.26),(48,36,7.28),(48,37,8.15),(48,38,0.24),(48,39,5.00),(48,40,2.81),(48,41,5.34),(48,42,8.26),(48,43,5.66),(48,44,4.92),(48,45,2.11),(48,46,2.12),(48,47,9.64),(48,48,0.08),(48,49,5.80),(48,50,8.43),(49,1,5.41),(49,2,1.21),(49,3,1.04),(49,4,7.83),(49,5,2.81),(49,6,1.21),(49,7,3.24),(49,8,9.53),(49,9,8.70),(49,10,7.10),(49,11,9.95),(49,12,2.89),(49,13,2.48),(49,14,8.54),(49,15,8.89),(49,16,3.67),(49,17,1.49),(49,18,4.59),(49,19,2.83),(49,20,9.24),(49,21,9.64),(49,22,2.37),(49,23,7.84),(49,24,3.81),(49,25,8.87),(49,26,5.90),(49,27,6.82),(49,28,3.76),(49,29,6.07),(49,30,7.32),(49,31,0.63),(49,32,4.32),(49,33,4.55),(49,34,8.06),(49,35,9.94),(49,36,1.86),(49,37,2.33),(49,38,4.97),(49,39,4.15),(49,40,5.66),(49,41,4.49),(49,42,6.11),(49,43,9.53),(49,44,2.37),(49,45,6.75),(49,46,1.16),(49,47,7.42),(49,48,4.18),(49,49,7.16),(49,50,0.54),(50,1,3.62),(50,2,3.02),(50,3,6.73),(50,4,3.62),(50,5,0.39),(50,6,3.82),(50,7,5.02),(50,8,2.73),(50,9,9.40),(50,10,6.49),(50,11,5.64),(50,12,7.49),(50,13,3.90),(50,14,7.38),(50,15,9.14),(50,16,1.52),(50,17,3.16),(50,18,3.23),(50,19,7.68),(50,20,5.91),(50,21,3.07),(50,22,3.64),(50,23,8.17),(50,24,1.78),(50,25,5.61),(50,26,7.62),(50,27,3.63),(50,28,2.80),(50,29,0.35),(50,30,9.36),(50,31,6.51),(50,32,8.48),(50,33,5.91),(50,34,7.74),(50,35,3.30),(50,36,3.07),(50,37,7.30),(50,38,6.73),(50,39,1.76),(50,40,5.18),(50,41,1.99),(50,42,6.02),(50,43,2.31),(50,44,2.28),(50,45,8.05),(50,46,1.48),(50,47,2.20),(50,48,2.63),(50,49,3.55),(50,50,7.93),(51,1,3.36),(51,2,2.20),(51,3,0.18),(51,4,0.57),(51,5,3.58),(51,6,1.42),(51,7,1.59),(51,8,2.13),(51,9,9.10),(51,10,2.17),(51,11,6.59),(51,12,7.68),(51,13,2.46),(51,14,0.59),(51,15,7.45),(51,16,7.12),(51,17,3.06),(51,18,0.65),(51,19,4.89),(51,20,2.25),(51,21,7.66),(51,22,6.15),(51,23,5.16),(51,24,8.09),(51,25,7.59),(51,26,7.73),(51,27,1.94),(51,28,0.50),(51,29,1.81),(51,30,2.55),(51,31,4.83),(51,32,6.46),(51,33,0.46),(51,34,4.21),(51,35,7.27),(51,36,7.96),(51,37,9.12),(51,38,7.76),(51,39,1.53),(51,40,6.39),(51,41,3.61),(51,42,1.83),(51,43,6.00),(51,44,7.45),(51,45,7.90),(51,46,8.25),(51,47,7.87),(51,48,4.34),(51,49,1.58),(51,50,9.89),(52,1,6.05),(52,2,1.62),(52,3,2.47),(52,4,7.09),(52,5,9.06),(52,6,3.28),(52,7,9.26),(52,8,6.17),(52,9,8.64),(52,10,8.00),(52,11,3.49),(52,12,6.67),(52,13,9.56),(52,14,3.03),(52,15,4.38),(52,16,2.16),(52,17,2.68),(52,18,4.89),(52,19,0.99),(52,20,0.59),(52,21,1.88),(52,22,7.21),(52,23,2.65),(52,24,8.80),(52,25,1.80),(52,26,8.34),(52,27,7.00),(52,28,2.22),(52,29,9.98),(52,30,7.39),(52,31,0.59),(52,32,2.95),(52,33,5.62),(52,34,5.87),(52,35,9.15),(52,36,7.06),(52,37,8.49),(52,38,7.45),(52,39,0.45),(52,40,2.13),(52,41,3.90),(52,42,4.30),(52,43,1.87),(52,44,7.91),(52,45,2.50),(52,46,8.86),(52,47,1.41),(52,48,7.93),(52,49,7.44),(52,50,7.61),(53,1,9.81),(53,2,9.37),(53,3,5.29),(53,4,8.52),(53,5,1.18),(53,6,3.77),(53,7,9.33),(53,8,6.23),(53,9,3.83),(53,10,0.28),(53,11,2.84),(53,12,4.64),(53,13,3.00),(53,14,1.41),(53,15,4.13),(53,16,3.26),(53,17,9.56),(53,18,9.58),(53,19,7.95),(53,20,3.11),(53,21,3.09),(53,22,7.55),(53,23,0.98),(53,24,1.43),(53,25,3.06),(53,26,7.46),(53,27,4.11),(53,28,6.94),(53,29,0.57),(53,30,6.56),(53,31,6.83),(53,32,4.70),(53,33,7.03),(53,34,4.67),(53,35,6.32),(53,36,7.45),(53,37,8.19),(53,38,7.59),(53,39,0.01),(53,40,3.02),(53,41,2.52),(53,42,4.23),(53,43,6.50),(53,44,7.39),(53,45,9.11),(53,46,9.62),(53,47,6.96),(53,48,2.48),(53,49,3.79),(53,50,7.87),(54,1,8.52),(54,2,3.67),(54,3,1.29),(54,4,6.19),(54,5,2.68),(54,6,8.03),(54,7,9.95),(54,8,5.59),(54,9,4.40),(54,10,7.80),(54,11,1.06),(54,12,8.20),(54,13,8.48),(54,14,7.83),(54,15,8.03),(54,16,5.21),(54,17,1.13),(54,18,0.11),(54,19,9.70),(54,20,3.55),(54,21,8.01),(54,22,6.38),(54,23,9.71),(54,24,8.19),(54,25,7.37),(54,26,1.25),(54,27,7.60),(54,28,4.82),(54,29,8.06),(54,30,9.59),(54,31,7.34),(54,32,0.07),(54,33,1.21),(54,34,3.62),(54,35,3.54),(54,36,8.78),(54,37,3.81),(54,38,2.35),(54,39,8.45),(54,40,0.82),(54,41,4.60),(54,42,0.19),(54,43,3.46),(54,44,5.06),(54,45,4.54),(54,46,5.55),(54,47,2.10),(54,48,2.50),(54,49,1.20),(54,50,7.49),(55,1,1.09),(55,2,4.06),(55,3,8.98),(55,4,1.90),(55,5,9.83),(55,6,5.25),(55,7,3.89),(55,8,3.14),(55,9,0.24),(55,10,5.32),(55,11,6.29),(55,12,2.87),(55,13,8.43),(55,14,1.42),(55,15,8.76),(55,16,1.69),(55,17,4.48),(55,18,6.83),(55,19,9.68),(55,20,4.90),(55,21,6.60),(55,22,8.35),(55,23,9.09),(55,24,3.63),(55,25,7.45),(55,26,1.52),(55,27,6.98),(55,28,0.22),(55,29,1.95),(55,30,6.31),(55,31,5.23),(55,32,4.89),(55,33,2.96),(55,34,0.17),(55,35,5.80),(55,36,1.59),(55,37,8.18),(55,38,0.28),(55,39,8.76),(55,40,7.37),(55,41,5.10),(55,42,8.77),(55,43,7.25),(55,44,8.10),(55,45,8.04),(55,46,2.92),(55,47,0.50),(55,48,4.92),(55,49,1.33),(55,50,5.90),(56,1,7.70),(56,2,5.68),(56,3,6.13),(56,4,7.19),(56,5,7.01),(56,6,0.29),(56,7,5.00),(56,8,0.09),(56,9,4.18),(56,10,8.81),(56,11,6.65),(56,12,9.94),(56,13,8.93),(56,14,3.33),(56,15,4.78),(56,16,2.66),(56,17,9.79),(56,18,5.64),(56,19,9.57),(56,20,6.06),(56,21,2.38),(56,22,2.11),(56,23,8.34),(56,24,6.15),(56,25,1.56),(56,26,7.34),(56,27,3.51),(56,28,1.10),(56,29,6.08),(56,30,8.83),(56,31,3.50),(56,32,1.94),(56,33,1.98),(56,34,0.38),(56,35,4.57),(56,36,7.58),(56,37,5.62),(56,38,1.39),(56,39,6.67),(56,40,8.05),(56,41,1.65),(56,42,6.15),(56,43,8.79),(56,44,2.51),(56,45,9.27),(56,46,1.65),(56,47,2.13),(56,48,5.28),(56,49,5.10),(56,50,9.06),(57,1,2.96),(57,2,7.72),(57,3,7.22),(57,4,5.91),(57,5,7.00),(57,6,0.25),(57,7,5.57),(57,8,6.92),(57,9,8.91),(57,10,4.90),(57,11,3.06),(57,12,1.29),(57,13,9.73),(57,14,1.49),(57,15,3.24),(57,16,8.24),(57,17,5.11),(57,18,3.68),(57,19,5.47),(57,20,7.36),(57,21,7.53),(57,22,2.84),(57,23,8.79),(57,24,7.39),(57,25,8.54),(57,26,8.32),(57,27,4.98),(57,28,7.30),(57,29,9.62),(57,30,8.83),(57,31,5.99),(57,32,7.45),(57,33,9.39),(57,34,6.09),(57,35,4.92),(57,36,0.02),(57,37,3.79),(57,38,5.49),(57,39,6.51),(57,40,0.51),(57,41,3.22),(57,42,3.18),(57,43,0.81),(57,44,4.60),(57,45,8.96),(57,46,7.94),(57,47,1.06),(57,48,1.10),(57,49,0.26),(57,50,5.67),(58,1,8.82),(58,2,5.13),(58,3,1.54),(58,4,3.52),(58,5,6.07),(58,6,1.35),(58,7,4.97),(58,8,8.74),(58,9,1.92),(58,10,4.42),(58,11,7.57),(58,12,6.43),(58,13,6.78),(58,14,0.18),(58,15,1.61),(58,16,8.57),(58,17,4.52),(58,18,6.49),(58,19,8.56),(58,20,3.06),(58,21,0.28),(58,22,3.49),(58,23,0.83),(58,24,4.57),(58,25,7.26),(58,26,0.18),(58,27,8.97),(58,28,7.93),(58,29,9.77),(58,30,3.19),(58,31,7.16),(58,32,6.25),(58,33,9.41),(58,34,1.27),(58,35,2.91),(58,36,8.76),(58,37,5.04),(58,38,6.23),(58,39,9.83),(58,40,5.87),(58,41,5.85),(58,42,4.58),(58,43,6.07),(58,44,1.43),(58,45,6.75),(58,46,6.25),(58,47,6.23),(58,48,3.29),(58,49,6.51),(58,50,8.06),(59,1,5.98),(59,2,7.51),(59,3,6.36),(59,4,2.12),(59,5,8.88),(59,6,4.76),(59,7,6.75),(59,8,4.83),(59,9,3.35),(59,10,6.75),(59,11,5.83),(59,12,3.61),(59,13,9.59),(59,14,7.88),(59,15,5.51),(59,16,5.13),(59,17,6.26),(59,18,5.50),(59,19,2.02),(59,20,2.74),(59,21,8.57),(59,22,9.60),(59,23,7.98),(59,24,2.78),(59,25,5.95),(59,26,7.62),(59,27,2.70),(59,28,9.24),(59,29,1.37),(59,30,7.69),(59,31,0.62),(59,32,8.40),(59,33,9.81),(59,34,2.45),(59,35,3.99),(59,36,1.13),(59,37,4.24),(59,38,4.75),(59,39,1.97),(59,40,8.82),(59,41,3.51),(59,42,5.61),(59,43,6.43),(59,44,8.93),(59,45,6.40),(59,46,0.50),(59,47,1.86),(59,48,0.40),(59,49,0.40),(59,50,5.87),(60,1,6.27),(60,2,0.78),(60,3,6.00),(60,4,3.66),(60,5,7.93),(60,6,2.14),(60,7,9.49),(60,8,6.88),(60,9,0.18),(60,10,1.43),(60,11,7.34),(60,12,5.05),(60,13,5.17),(60,14,7.94),(60,15,5.67),(60,16,5.90),(60,17,6.74),(60,18,2.63),(60,19,5.60),(60,20,3.61),(60,21,4.46),(60,22,8.87),(60,23,4.36),(60,24,8.60),(60,25,4.16),(60,26,4.72),(60,27,7.95),(60,28,2.51),(60,29,7.45),(60,30,7.15),(60,31,7.98),(60,32,0.83),(60,33,9.66),(60,34,6.27),(60,35,3.63),(60,36,7.12),(60,37,2.90),(60,38,6.41),(60,39,7.06),(60,40,1.58),(60,41,6.44),(60,42,8.29),(60,43,5.59),(60,44,4.54),(60,45,3.45),(60,46,5.08),(60,47,7.98),(60,48,2.27),(60,49,4.73),(60,50,5.35),(61,1,9.85),(61,2,8.43),(61,3,8.81),(61,4,1.32),(61,5,3.49),(61,6,3.78),(61,7,1.72),(61,8,9.31),(61,9,0.72),(61,10,9.49),(61,11,9.07),(61,12,9.76),(61,13,8.96),(61,14,8.16),(61,15,5.82),(61,16,7.02),(61,17,7.82),(61,18,4.35),(61,19,2.27),(61,20,2.56),(61,21,7.24),(61,22,7.04),(61,23,2.89),(61,24,6.38),(61,25,9.04),(61,26,6.93),(61,27,7.77),(61,28,0.94),(61,29,9.03),(61,30,3.45),(61,31,4.09),(61,32,1.31),(61,33,0.25),(61,34,8.23),(61,35,6.00),(61,36,6.15),(61,37,5.27),(61,38,1.08),(61,39,0.17),(61,40,7.69),(61,41,8.43),(61,42,9.89),(61,43,1.46),(61,44,6.69),(61,45,6.96),(61,46,8.53),(61,47,9.81),(61,48,4.51),(61,49,0.98),(61,50,9.50),(62,1,5.11),(62,2,4.00),(62,3,7.22),(62,4,6.17),(62,5,7.61),(62,6,6.25),(62,7,9.72),(62,8,0.86),(62,9,0.44),(62,10,3.91),(62,11,0.15),(62,12,0.02),(62,13,9.87),(62,14,7.55),(62,15,5.94),(62,16,2.85),(62,17,5.41),(62,18,1.66),(62,19,1.77),(62,20,4.18),(62,21,8.38),(62,22,0.55),(62,23,7.65),(62,24,4.20),(62,25,6.93),(62,26,6.92),(62,27,5.91),(62,28,7.64),(62,29,5.06),(62,30,3.10),(62,31,1.29),(62,32,8.36),(62,33,0.60),(62,34,1.55),(62,35,4.23),(62,36,7.05),(62,37,8.98),(62,38,3.37),(62,39,7.83),(62,40,3.97),(62,41,8.67),(62,42,3.99),(62,43,7.12),(62,44,3.98),(62,45,4.79),(62,46,3.69),(62,47,8.32),(62,48,6.64),(62,49,1.42),(62,50,3.77),(63,1,4.62),(63,2,3.17),(63,3,2.66),(63,4,8.70),(63,5,5.46),(63,6,3.28),(63,7,7.61),(63,8,6.61),(63,9,7.74),(63,10,9.68),(63,11,2.73),(63,12,0.44),(63,13,9.36),(63,14,6.50),(63,15,7.84),(63,16,5.26),(63,17,3.23),(63,18,2.99),(63,19,2.90),(63,20,4.00),(63,21,8.12),(63,22,3.10),(63,23,8.19),(63,24,8.80),(63,25,5.68),(63,26,1.81),(63,27,6.74),(63,28,1.99),(63,29,9.15),(63,30,8.58),(63,31,3.23),(63,32,6.57),(63,33,9.18),(63,34,5.29),(63,35,9.52),(63,36,8.80),(63,37,5.60),(63,38,6.91),(63,39,7.61),(63,40,6.90),(63,41,0.32),(63,42,5.30),(63,43,1.46),(63,44,0.17),(63,45,3.12),(63,46,1.51),(63,47,4.71),(63,48,7.67),(63,49,4.50),(63,50,8.93),(64,1,7.74),(64,2,5.29),(64,3,3.12),(64,4,0.12),(64,5,0.79),(64,6,7.65),(64,7,3.59),(64,8,4.24),(64,9,0.57),(64,10,7.90),(64,11,4.74),(64,12,9.37),(64,13,1.90),(64,14,3.54),(64,15,0.93),(64,16,3.96),(64,17,0.97),(64,18,0.63),(64,19,9.37),(64,20,9.43),(64,21,8.43),(64,22,7.60),(64,23,8.80),(64,24,3.85),(64,25,8.09),(64,26,2.06),(64,27,5.94),(64,28,8.48),(64,29,2.56),(64,30,5.04),(64,31,6.50),(64,32,5.13),(64,33,2.53),(64,34,9.18),(64,35,1.54),(64,36,5.90),(64,37,1.46),(64,38,0.33),(64,39,8.37),(64,40,8.16),(64,41,1.78),(64,42,8.31),(64,43,3.19),(64,44,8.17),(64,45,0.89),(64,46,7.73),(64,47,4.16),(64,48,6.56),(64,49,1.67),(64,50,3.09),(65,1,8.06),(65,2,6.51),(65,3,2.80),(65,4,5.47),(65,5,0.82),(65,6,6.78),(65,7,6.07),(65,8,7.94),(65,9,2.08),(65,10,8.24),(65,11,4.24),(65,12,7.91),(65,13,8.87),(65,14,5.03),(65,15,0.73),(65,16,0.72),(65,17,7.84),(65,18,6.74),(65,19,5.37),(65,20,3.91),(65,21,7.53),(65,22,5.33),(65,23,0.84),(65,24,4.30),(65,25,5.64),(65,26,9.81),(65,27,3.80),(65,28,5.52),(65,29,8.66),(65,30,8.93),(65,31,0.40),(65,32,8.66),(65,33,0.73),(65,34,3.10),(65,35,2.49),(65,36,8.22),(65,37,8.72),(65,38,8.58),(65,39,7.14),(65,40,3.18),(65,41,0.84),(65,42,1.56),(65,43,1.56),(65,44,9.44),(65,45,5.31),(65,46,6.80),(65,47,8.92),(65,48,8.93),(65,49,8.01),(65,50,5.57),(66,1,3.55),(66,2,1.43),(66,3,2.69),(66,4,7.51),(66,5,5.26),(66,6,5.62),(66,7,6.36),(66,8,3.25),(66,9,1.89),(66,10,9.54),(66,11,3.38),(66,12,4.63),(66,13,0.44),(66,14,6.25),(66,15,8.19),(66,16,0.03),(66,17,0.48),(66,18,4.25),(66,19,2.69),(66,20,2.15),(66,21,1.83),(66,22,7.87),(66,23,2.09),(66,24,5.21),(66,25,9.28),(66,26,6.57),(66,27,6.64),(66,28,0.60),(66,29,8.91),(66,30,0.79),(66,31,3.32),(66,32,1.00),(66,33,1.29),(66,34,0.08),(66,35,8.95),(66,36,5.05),(66,37,7.03),(66,38,5.73),(66,39,1.95),(66,40,9.77),(66,41,1.17),(66,42,8.31),(66,43,0.46),(66,44,8.33),(66,45,0.87),(66,46,8.86),(66,47,9.14),(66,48,3.95),(66,49,8.92),(66,50,4.85),(67,1,7.41),(67,2,2.67),(67,3,9.65),(67,4,2.59),(67,5,4.55),(67,6,5.75),(67,7,5.08),(67,8,3.30),(67,9,2.74),(67,10,0.25),(67,11,9.15),(67,12,8.89),(67,13,3.63),(67,14,0.78),(67,15,1.55),(67,16,7.99),(67,17,7.33),(67,18,3.22),(67,19,0.91),(67,20,3.34),(67,21,0.24),(67,22,8.03),(67,23,3.89),(67,24,4.02),(67,25,6.54),(67,26,3.15),(67,27,2.89),(67,28,3.60),(67,29,2.39),(67,30,0.03),(67,31,4.76),(67,32,2.51),(67,33,1.94),(67,34,6.15),(67,35,4.12),(67,36,1.53),(67,37,3.10),(67,38,4.07),(67,39,0.02),(67,40,8.07),(67,41,5.91),(67,42,9.75),(67,43,8.47),(67,44,2.23),(67,45,5.59),(67,46,5.35),(67,47,7.32),(67,48,8.09),(67,49,5.59),(67,50,6.44),(68,1,6.46),(68,2,1.56),(68,3,4.54),(68,4,4.26),(68,5,3.05),(68,6,5.06),(68,7,9.21),(68,8,5.70),(68,9,8.14),(68,10,4.14),(68,11,5.06),(68,12,7.03),(68,13,0.25),(68,14,8.57),(68,15,8.28),(68,16,9.16),(68,17,7.20),(68,18,6.26),(68,19,8.81),(68,20,9.15),(68,21,2.41),(68,22,0.62),(68,23,8.36),(68,24,0.72),(68,25,6.29),(68,26,1.50),(68,27,8.90),(68,28,9.31),(68,29,9.05),(68,30,9.74),(68,31,5.50),(68,32,9.03),(68,33,7.94),(68,34,3.86),(68,35,1.83),(68,36,4.23),(68,37,5.32),(68,38,2.53),(68,39,9.17),(68,40,7.20),(68,41,2.78),(68,42,0.84),(68,43,6.16),(68,44,2.34),(68,45,8.20),(68,46,0.33),(68,47,7.17),(68,48,7.78),(68,49,5.88),(68,50,9.72),(69,1,0.95),(69,2,2.66),(69,3,0.56),(69,4,3.79),(69,5,2.22),(69,6,0.98),(69,7,3.58),(69,8,9.40),(69,9,9.48),(69,10,0.45),(69,11,7.81),(69,12,4.11),(69,13,0.93),(69,14,5.10),(69,15,6.72),(69,16,3.82),(69,17,8.11),(69,18,4.99),(69,19,0.99),(69,20,5.02),(69,21,4.39),(69,22,4.25),(69,23,1.07),(69,24,2.08),(69,25,1.57),(69,26,2.94),(69,27,8.28),(69,28,2.20),(69,29,5.82),(69,30,4.51),(69,31,6.12),(69,32,3.37),(69,33,3.12),(69,34,0.00),(69,35,5.89),(69,36,3.92),(69,37,6.95),(69,38,3.15),(69,39,5.10),(69,40,4.51),(69,41,2.11),(69,42,4.91),(69,43,8.59),(69,44,8.12),(69,45,5.25),(69,46,3.65),(69,47,4.23),(69,48,1.38),(69,49,2.81),(69,50,6.84),(70,1,9.74),(70,2,1.50),(70,3,7.77),(70,4,0.94),(70,5,6.46),(70,6,9.83),(70,7,4.92),(70,8,1.69),(70,9,1.99),(70,10,0.53),(70,11,0.02),(70,12,5.82),(70,13,6.02),(70,14,6.81),(70,15,8.90),(70,16,8.57),(70,17,6.61),(70,18,9.88),(70,19,4.01),(70,20,8.16),(70,21,6.61),(70,22,1.81),(70,23,5.96),(70,24,6.88),(70,25,6.27),(70,26,4.52),(70,27,6.01),(70,28,9.54),(70,29,8.04),(70,30,7.88),(70,31,4.20),(70,32,5.79),(70,33,0.30),(70,34,7.08),(70,35,2.40),(70,36,0.55),(70,37,3.57),(70,38,5.65),(70,39,0.92),(70,40,0.91),(70,41,2.86),(70,42,4.51),(70,43,0.58),(70,44,8.36),(70,45,4.43),(70,46,2.21),(70,47,9.47),(70,48,6.11),(70,49,2.24),(70,50,7.79),(71,1,0.93),(71,2,1.05),(71,3,2.76),(71,4,2.41),(71,5,1.72),(71,6,5.81),(71,7,9.60),(71,8,9.08),(71,9,3.03),(71,10,3.77),(71,11,1.58),(71,12,2.12),(71,13,5.72),(71,14,4.15),(71,15,0.71),(71,16,1.52),(71,17,2.91),(71,18,9.95),(71,19,6.15),(71,20,6.97),(71,21,4.47),(71,22,8.07),(71,23,1.67),(71,24,4.63),(71,25,7.95),(71,26,3.03),(71,27,4.61),(71,28,0.99),(71,29,8.99),(71,30,0.46),(71,31,3.94),(71,32,9.28),(71,33,4.68),(71,34,0.46),(71,35,1.07),(71,36,2.24),(71,37,8.10),(71,38,4.76),(71,39,1.04),(71,40,1.75),(71,41,7.98),(71,42,3.25),(71,43,0.20),(71,44,3.65),(71,45,0.98),(71,46,5.68),(71,47,2.05),(71,48,7.29),(71,49,9.37),(71,50,6.03),(72,1,5.02),(72,2,6.31),(72,3,0.78),(72,4,4.15),(72,5,7.12),(72,6,5.29),(72,7,9.02),(72,8,4.96),(72,9,6.62),(72,10,2.85),(72,11,0.80),(72,12,5.98),(72,13,1.18),(72,14,5.36),(72,15,7.61),(72,16,4.96),(72,17,3.18),(72,18,6.19),(72,19,8.80),(72,20,1.79),(72,21,8.73),(72,22,3.95),(72,23,9.33),(72,24,0.53),(72,25,9.71),(72,26,7.81),(72,27,4.25),(72,28,8.39),(72,29,2.36),(72,30,5.05),(72,31,8.38),(72,32,7.36),(72,33,5.95),(72,34,6.36),(72,35,8.58),(72,36,1.11),(72,37,2.25),(72,38,0.51),(72,39,2.96),(72,40,3.06),(72,41,8.01),(72,42,0.63),(72,43,7.97),(72,44,3.56),(72,45,6.73),(72,46,2.28),(72,47,7.37),(72,48,8.70),(72,49,0.53),(72,50,7.46),(73,1,8.84),(73,2,3.21),(73,3,8.54),(73,4,3.00),(73,5,4.27),(73,6,4.68),(73,7,4.42),(73,8,5.24),(73,9,9.64),(73,10,0.83),(73,11,5.44),(73,12,5.34),(73,13,7.13),(73,14,2.53),(73,15,2.97),(73,16,6.15),(73,17,1.45),(73,18,7.02),(73,19,0.97),(73,20,4.72),(73,21,9.89),(73,22,0.10),(73,23,9.21),(73,24,4.27),(73,25,4.82),(73,26,1.77),(73,27,2.99),(73,28,7.16),(73,29,1.98),(73,30,9.35),(73,31,7.84),(73,32,4.97),(73,33,1.28),(73,34,0.32),(73,35,6.33),(73,36,0.55),(73,37,5.99),(73,38,8.51),(73,39,2.32),(73,40,1.34),(73,41,7.42),(73,42,6.49),(73,43,2.57),(73,44,4.38),(73,45,7.84),(73,46,0.03),(73,47,8.24),(73,48,0.48),(73,49,7.35),(73,50,0.24),(74,1,3.19),(74,2,0.53),(74,3,1.67),(74,4,6.19),(74,5,0.77),(74,6,8.83),(74,7,6.19),(74,8,1.44),(74,9,2.46),(74,10,4.54),(74,11,9.04),(74,12,6.89),(74,13,2.11),(74,14,0.91),(74,15,6.67),(74,16,9.93),(74,17,5.01),(74,18,8.38),(74,19,7.13),(74,20,1.22),(74,21,9.80),(74,22,1.78),(74,23,1.95),(74,24,7.12),(74,25,7.78),(74,26,8.15),(74,27,0.93),(74,28,5.46),(74,29,8.72),(74,30,3.62),(74,31,7.26),(74,32,2.70),(74,33,6.89),(74,34,4.08),(74,35,8.12),(74,36,2.54),(74,37,4.99),(74,38,9.80),(74,39,6.46),(74,40,6.99),(74,41,5.37),(74,42,6.14),(74,43,9.82),(74,44,5.77),(74,45,4.78),(74,46,5.22),(74,47,2.15),(74,48,5.84),(74,49,2.09),(74,50,4.72),(75,1,3.68),(75,2,4.83),(75,3,9.65),(75,4,0.59),(75,5,4.62),(75,6,3.87),(75,7,0.11),(75,8,0.48),(75,9,8.46),(75,10,4.34),(75,11,2.52),(75,12,3.93),(75,13,2.44),(75,14,1.49),(75,15,7.78),(75,16,6.05),(75,17,6.79),(75,18,2.77),(75,19,4.72),(75,20,4.64),(75,21,4.63),(75,22,3.90),(75,23,5.33),(75,24,8.86),(75,25,2.24),(75,26,5.29),(75,27,8.83),(75,28,8.85),(75,29,0.06),(75,30,3.23),(75,31,5.52),(75,32,7.65),(75,33,8.17),(75,34,4.23),(75,35,9.53),(75,36,7.64),(75,37,9.37),(75,38,4.49),(75,39,3.99),(75,40,8.26),(75,41,8.23),(75,42,3.50),(75,43,0.46),(75,44,5.76),(75,45,8.50),(75,46,8.04),(75,47,4.20),(75,48,4.08),(75,49,8.69),(75,50,5.26),(76,1,6.99),(76,2,1.25),(76,3,1.75),(76,4,0.81),(76,5,6.21),(76,6,9.01),(76,7,9.63),(76,8,9.51),(76,9,0.41),(76,10,9.49),(76,11,1.92),(76,12,8.46),(76,13,1.25),(76,14,2.51),(76,15,7.87),(76,16,0.30),(76,17,2.98),(76,18,7.90),(76,19,0.04),(76,20,1.43),(76,21,2.56),(76,22,7.74),(76,23,1.22),(76,24,5.54),(76,25,7.07),(76,26,0.32),(76,27,5.61),(76,28,3.79),(76,29,8.41),(76,30,3.19),(76,31,4.59),(76,32,5.50),(76,33,3.69),(76,34,5.15),(76,35,9.11),(76,36,5.78),(76,37,2.07),(76,38,2.09),(76,39,6.86),(76,40,0.39),(76,41,0.20),(76,42,1.30),(76,43,4.39),(76,44,8.35),(76,45,8.71),(76,46,5.10),(76,47,9.58),(76,48,9.85),(76,49,3.93),(76,50,2.77),(77,1,8.55),(77,2,3.19),(77,3,4.89),(77,4,0.55),(77,5,6.78),(77,6,1.76),(77,7,4.75),(77,8,1.78),(77,9,9.34),(77,10,5.44),(77,11,6.12),(77,12,6.76),(77,13,9.60),(77,14,4.43),(77,15,2.89),(77,16,3.35),(77,17,4.86),(77,18,2.09),(77,19,2.38),(77,20,5.86),(77,21,5.70),(77,22,9.29),(77,23,6.72),(77,24,4.79),(77,25,3.47),(77,26,9.69),(77,27,2.28),(77,28,2.66),(77,29,6.93),(77,30,3.30),(77,31,7.79),(77,32,1.57),(77,33,3.95),(77,34,6.49),(77,35,6.21),(77,36,4.82),(77,37,5.43),(77,38,7.92),(77,39,2.23),(77,40,0.10),(77,41,8.21),(77,42,7.86),(77,43,2.84),(77,44,9.65),(77,45,4.61),(77,46,5.94),(77,47,9.89),(77,48,1.57),(77,49,3.42),(77,50,1.80),(78,1,5.52),(78,2,2.28),(78,3,4.50),(78,4,6.49),(78,5,0.23),(78,6,7.88),(78,7,6.18),(78,8,7.70),(78,9,9.05),(78,10,5.44),(78,11,3.76),(78,12,8.78),(78,13,4.07),(78,14,9.51),(78,15,3.97),(78,16,9.79),(78,17,7.37),(78,18,5.85),(78,19,5.71),(78,20,9.12),(78,21,4.52),(78,22,1.97),(78,23,0.52),(78,24,6.45),(78,25,6.57),(78,26,2.42),(78,27,0.54),(78,28,5.57),(78,29,5.19),(78,30,8.33),(78,31,1.26),(78,32,1.66),(78,33,2.51),(78,34,8.63),(78,35,7.15),(78,36,5.51),(78,37,7.58),(78,38,5.98),(78,39,4.43),(78,40,2.85),(78,41,8.30),(78,42,0.69),(78,43,5.18),(78,44,4.74),(78,45,0.24),(78,46,1.37),(78,47,2.32),(78,48,2.23),(78,49,0.47),(78,50,3.33),(79,1,7.37),(79,2,5.07),(79,3,4.08),(79,4,7.14),(79,5,5.45),(79,6,1.25),(79,7,2.55),(79,8,5.10),(79,9,6.02),(79,10,8.05),(79,11,8.41),(79,12,8.42),(79,13,0.18),(79,14,6.63),(79,15,0.17),(79,16,4.51),(79,17,1.77),(79,18,5.20),(79,19,6.63),(79,20,7.39),(79,21,7.98),(79,22,4.30),(79,23,3.52),(79,24,2.17),(79,25,3.30),(79,26,0.11),(79,27,4.16),(79,28,2.26),(79,29,6.87),(79,30,6.66),(79,31,9.79),(79,32,3.78),(79,33,3.74),(79,34,9.93),(79,35,3.73),(79,36,1.16),(79,37,0.79),(79,38,3.68),(79,39,8.55),(79,40,4.58),(79,41,9.44),(79,42,4.74),(79,43,8.27),(79,44,8.56),(79,45,0.12),(79,46,4.94),(79,47,6.58),(79,48,9.73),(79,49,0.09),(79,50,9.75),(80,1,8.59),(80,2,7.53),(80,3,5.45),(80,4,6.01),(80,5,5.51),(80,6,0.95),(80,7,2.65),(80,8,5.18),(80,9,8.35),(80,10,4.99),(80,11,8.47),(80,12,4.68),(80,13,1.03),(80,14,8.07),(80,15,3.39),(80,16,7.01),(80,17,2.68),(80,18,5.48),(80,19,7.42),(80,20,5.84),(80,21,1.28),(80,22,3.03),(80,23,0.94),(80,24,4.98),(80,25,2.02),(80,26,2.96),(80,27,2.00),(80,28,1.82),(80,29,5.29),(80,30,3.53),(80,31,8.42),(80,32,6.12),(80,33,1.19),(80,34,3.28),(80,35,0.80),(80,36,2.26),(80,37,5.15),(80,38,2.06),(80,39,6.00),(80,40,5.89),(80,41,3.36),(80,42,6.38),(80,43,2.82),(80,44,1.38),(80,45,2.88),(80,46,1.01),(80,47,2.55),(80,48,5.65),(80,49,4.06),(80,50,8.14),(81,1,7.14),(81,2,7.44),(81,3,9.77),(81,4,1.83),(81,5,7.05),(81,6,4.51),(81,7,8.37),(81,8,8.25),(81,9,4.01),(81,10,6.61),(81,11,6.49),(81,12,0.70),(81,13,0.29),(81,14,8.95),(81,15,3.85),(81,16,1.06),(81,17,1.65),(81,18,1.75),(81,19,4.22),(81,20,2.25),(81,21,1.53),(81,22,9.67),(81,23,2.73),(81,24,8.43),(81,25,9.53),(81,26,9.47),(81,27,0.44),(81,28,3.41),(81,29,5.57),(81,30,9.63),(81,31,1.19),(81,32,7.55),(81,33,6.26),(81,34,8.65),(81,35,2.72),(81,36,9.01),(81,37,0.97),(81,38,2.99),(81,39,8.12),(81,40,9.10),(81,41,0.35),(81,42,4.16),(81,43,3.87),(81,44,6.56),(81,45,4.80),(81,46,1.40),(81,47,6.23),(81,48,6.47),(81,49,8.23),(81,50,0.69),(82,1,3.52),(82,2,3.70),(82,3,0.92),(82,4,5.28),(82,5,4.97),(82,6,9.94),(82,7,0.74),(82,8,3.33),(82,9,8.88),(82,10,1.85),(82,11,6.06),(82,12,2.66),(82,13,5.12),(82,14,6.33),(82,15,5.02),(82,16,1.09),(82,17,7.56),(82,18,4.41),(82,19,9.56),(82,20,6.92),(82,21,7.86),(82,22,7.83),(82,23,6.13),(82,24,5.51),(82,25,9.92),(82,26,4.29),(82,27,1.41),(82,28,7.83),(82,29,9.72),(82,30,9.89),(82,31,9.99),(82,32,3.87),(82,33,4.98),(82,34,0.57),(82,35,5.39),(82,36,6.53),(82,37,4.33),(82,38,6.90),(82,39,8.67),(82,40,3.78),(82,41,8.61),(82,42,3.12),(82,43,8.65),(82,44,2.43),(82,45,3.54),(82,46,8.55),(82,47,3.06),(82,48,4.50),(82,49,5.45),(82,50,6.58),(83,1,0.99),(83,2,9.26),(83,3,3.89),(83,4,4.99),(83,5,5.15),(83,6,0.50),(83,7,8.64),(83,8,1.10),(83,9,2.95),(83,10,7.94),(83,11,0.91),(83,12,7.26),(83,13,6.78),(83,14,9.23),(83,15,0.47),(83,16,1.09),(83,17,4.49),(83,18,7.16),(83,19,8.79),(83,20,2.60),(83,21,7.54),(83,22,1.96),(83,23,6.62),(83,24,5.36),(83,25,3.42),(83,26,8.92),(83,27,6.94),(83,28,8.06),(83,29,2.73),(83,30,4.30),(83,31,8.80),(83,32,4.29),(83,33,3.97),(83,34,4.12),(83,35,2.04),(83,36,7.66),(83,37,9.00),(83,38,5.12),(83,39,8.65),(83,40,2.71),(83,41,7.75),(83,42,5.09),(83,43,3.80),(83,44,6.68),(83,45,7.07),(83,46,2.42),(83,47,8.90),(83,48,3.90),(83,49,5.99),(83,50,0.32),(84,1,7.97),(84,2,0.75),(84,3,1.66),(84,4,9.11),(84,5,1.92),(84,6,3.85),(84,7,4.34),(84,8,2.35),(84,9,0.90),(84,10,9.43),(84,11,0.55),(84,12,3.06),(84,13,8.28),(84,14,4.20),(84,15,7.18),(84,16,9.69),(84,17,9.52),(84,18,9.04),(84,19,5.23),(84,20,7.60),(84,21,9.06),(84,22,1.25),(84,23,7.66),(84,24,4.21),(84,25,9.41),(84,26,2.14),(84,27,6.07),(84,28,4.63),(84,29,5.89),(84,30,0.17),(84,31,7.69),(84,32,3.22),(84,33,1.17),(84,34,4.36),(84,35,4.83),(84,36,8.24),(84,37,4.18),(84,38,8.23),(84,39,9.87),(84,40,4.76),(84,41,7.06),(84,42,4.56),(84,43,3.66),(84,44,9.86),(84,45,6.75),(84,46,4.79),(84,47,3.68),(84,48,1.95),(84,49,4.41),(84,50,0.77),(85,1,9.68),(85,2,6.36),(85,3,5.66),(85,4,5.04),(85,5,2.10),(85,6,1.83),(85,7,1.73),(85,8,0.63),(85,9,9.46),(85,10,3.64),(85,11,3.91),(85,12,9.93),(85,13,9.81),(85,14,2.76),(85,15,6.88),(85,16,0.76),(85,17,1.01),(85,18,7.79),(85,19,7.16),(85,20,9.30),(85,21,9.75),(85,22,8.18),(85,23,5.76),(85,24,0.30),(85,25,2.99),(85,26,8.77),(85,27,4.68),(85,28,9.14),(85,29,9.04),(85,30,8.75),(85,31,1.41),(85,32,0.46),(85,33,8.94),(85,34,5.20),(85,35,1.89),(85,36,2.45),(85,37,8.45),(85,38,2.84),(85,39,6.73),(85,40,9.78),(85,41,0.01),(85,42,2.88),(85,43,0.46),(85,44,6.81),(85,45,7.78),(85,46,7.89),(85,47,0.65),(85,48,8.86),(85,49,2.79),(85,50,7.18),(86,1,8.00),(86,2,4.06),(86,3,0.08),(86,4,4.28),(86,5,0.73),(86,6,1.18),(86,7,7.26),(86,8,7.97),(86,9,5.85),(86,10,5.93),(86,11,6.80),(86,12,8.29),(86,13,4.97),(86,14,5.56),(86,15,0.13),(86,16,5.83),(86,17,9.66),(86,18,2.79),(86,19,2.35),(86,20,7.84),(86,21,3.14),(86,22,1.83),(86,23,2.67),(86,24,6.25),(86,25,6.58),(86,26,4.52),(86,27,3.09),(86,28,4.83),(86,29,5.36),(86,30,0.90),(86,31,7.91),(86,32,4.13),(86,33,4.84),(86,34,2.67),(86,35,2.52),(86,36,8.53),(86,37,6.65),(86,38,0.70),(86,39,3.79),(86,40,3.50),(86,41,5.08),(86,42,8.07),(86,43,1.45),(86,44,9.99),(86,45,5.69),(86,46,7.57),(86,47,1.23),(86,48,4.55),(86,49,6.04),(86,50,2.28),(87,1,9.58),(87,2,6.21),(87,3,7.36),(87,4,4.89),(87,5,3.46),(87,6,6.22),(87,7,0.78),(87,8,3.11),(87,9,4.44),(87,10,3.59),(87,11,4.65),(87,12,3.21),(87,13,6.83),(87,14,2.21),(87,15,0.45),(87,16,8.63),(87,17,0.48),(87,18,8.25),(87,19,2.70),(87,20,6.24),(87,21,5.59),(87,22,5.34),(87,23,1.63),(87,24,7.64),(87,25,4.01),(87,26,2.04),(87,27,2.07),(87,28,4.18),(87,29,5.37),(87,30,3.78),(87,31,5.30),(87,32,1.56),(87,33,2.25),(87,34,6.59),(87,35,1.15),(87,36,1.68),(87,37,8.96),(87,38,1.60),(87,39,6.38),(87,40,2.10),(87,41,3.46),(87,42,7.16),(87,43,1.25),(87,44,2.52),(87,45,6.50),(87,46,2.63),(87,47,2.23),(87,48,8.40),(87,49,5.59),(87,50,5.42),(88,1,7.78),(88,2,1.32),(88,3,7.60),(88,4,1.73),(88,5,8.95),(88,6,7.49),(88,7,4.44),(88,8,5.66),(88,9,0.54),(88,10,3.23),(88,11,1.12),(88,12,1.68),(88,13,8.75),(88,14,9.71),(88,15,0.57),(88,16,1.09),(88,17,4.92),(88,18,0.26),(88,19,7.46),(88,20,9.13),(88,21,8.64),(88,22,0.50),(88,23,6.10),(88,24,5.46),(88,25,2.36),(88,26,5.15),(88,27,7.17),(88,28,0.84),(88,29,2.87),(88,30,8.66),(88,31,8.72),(88,32,6.10),(88,33,8.85),(88,34,0.01),(88,35,5.77),(88,36,8.02),(88,37,7.81),(88,38,7.07),(88,39,8.78),(88,40,0.19),(88,41,8.80),(88,42,8.39),(88,43,5.11),(88,44,4.58),(88,45,4.95),(88,46,4.06),(88,47,9.88),(88,48,7.96),(88,49,8.69),(88,50,6.88),(89,1,0.58),(89,2,4.21),(89,3,3.06),(89,4,8.44),(89,5,9.88),(89,6,6.17),(89,7,8.28),(89,8,4.52),(89,9,2.00),(89,10,1.28),(89,11,5.71),(89,12,5.39),(89,13,5.02),(89,14,9.89),(89,15,8.27),(89,16,5.67),(89,17,2.40),(89,18,0.05),(89,19,0.77),(89,20,1.34),(89,21,2.11),(89,22,3.50),(89,23,2.22),(89,24,6.63),(89,25,4.77),(89,26,4.18),(89,27,8.60),(89,28,6.61),(89,29,4.43),(89,30,9.60),(89,31,4.39),(89,32,1.60),(89,33,6.21),(89,34,2.18),(89,35,7.87),(89,36,8.69),(89,37,9.10),(89,38,2.23),(89,39,7.39),(89,40,2.92),(89,41,8.68),(89,42,0.65),(89,43,9.05),(89,44,6.32),(89,45,6.06),(89,46,7.39),(89,47,4.41),(89,48,4.24),(89,49,6.14),(89,50,9.35),(90,1,6.01),(90,2,4.86),(90,3,4.38),(90,4,2.20),(90,5,1.25),(90,6,7.60),(90,7,2.71),(90,8,6.46),(90,9,0.84),(90,10,3.48),(90,11,3.30),(90,12,0.54),(90,13,1.42),(90,14,9.30),(90,15,1.67),(90,16,5.58),(90,17,2.61),(90,18,1.69),(90,19,7.19),(90,20,8.31),(90,21,5.29),(90,22,6.77),(90,23,5.16),(90,24,3.22),(90,25,3.65),(90,26,7.96),(90,27,5.62),(90,28,8.56),(90,29,6.32),(90,30,7.14),(90,31,2.12),(90,32,9.67),(90,33,5.84),(90,34,9.32),(90,35,9.69),(90,36,3.41),(90,37,1.17),(90,38,0.41),(90,39,2.83),(90,40,0.52),(90,41,0.28),(90,42,8.40),(90,43,4.55),(90,44,5.74),(90,45,1.71),(90,46,7.94),(90,47,7.91),(90,48,5.14),(90,49,4.21),(90,50,8.26),(91,1,1.26),(91,2,0.67),(91,3,0.34),(91,4,1.70),(91,5,8.33),(91,6,0.12),(91,7,5.65),(91,8,6.69),(91,9,8.54),(91,10,0.09),(91,11,3.24),(91,12,0.04),(91,13,3.47),(91,14,8.19),(91,15,3.50),(91,16,4.27),(91,17,4.46),(91,18,9.70),(91,19,4.79),(91,20,8.40),(91,21,3.53),(91,22,5.20),(91,23,9.70),(91,24,6.91),(91,25,2.66),(91,26,3.55),(91,27,4.92),(91,28,5.83),(91,29,7.36),(91,30,5.16),(91,31,1.38),(91,32,4.98),(91,33,6.74),(91,34,1.90),(91,35,9.76),(91,36,2.11),(91,37,4.43),(91,38,8.61),(91,39,4.38),(91,40,7.98),(91,41,8.07),(91,42,0.35),(91,43,2.75),(91,44,3.03),(91,45,2.61),(91,46,2.14),(91,47,6.29),(91,48,8.61),(91,49,3.82),(91,50,9.78),(92,1,4.28),(92,2,8.63),(92,3,0.26),(92,4,0.51),(92,5,6.71),(92,6,8.87),(92,7,6.82),(92,8,5.89),(92,9,9.50),(92,10,4.81),(92,11,6.09),(92,12,4.80),(92,13,5.63),(92,14,2.43),(92,15,9.09),(92,16,3.70),(92,17,7.26),(92,18,4.96),(92,19,7.83),(92,20,8.03),(92,21,2.67),(92,22,6.28),(92,23,3.21),(92,24,3.59),(92,25,2.24),(92,26,7.64),(92,27,8.94),(92,28,6.65),(92,29,5.55),(92,30,7.18),(92,31,7.02),(92,32,4.08),(92,33,8.44),(92,34,1.62),(92,35,8.82),(92,36,7.53),(92,37,0.30),(92,38,1.93),(92,39,0.27),(92,40,0.13),(92,41,0.51),(92,42,1.69),(92,43,5.19),(92,44,1.87),(92,45,8.69),(92,46,6.12),(92,47,1.08),(92,48,7.60),(92,49,6.10),(92,50,3.80),(93,1,4.09),(93,2,5.67),(93,3,7.71),(93,4,4.64),(93,5,4.64),(93,6,4.16),(93,7,5.77),(93,8,3.60),(93,9,5.71),(93,10,2.24),(93,11,3.78),(93,12,7.28),(93,13,8.72),(93,14,5.06),(93,15,0.89),(93,16,8.88),(93,17,5.38),(93,18,3.82),(93,19,4.13),(93,20,5.07),(93,21,5.17),(93,22,9.11),(93,23,6.91),(93,24,0.25),(93,25,1.84),(93,26,2.59),(93,27,9.55),(93,28,5.68),(93,29,7.67),(93,30,6.22),(93,31,5.23),(93,32,8.04),(93,33,7.70),(93,34,0.18),(93,35,8.68),(93,36,6.06),(93,37,7.52),(93,38,3.83),(93,39,6.81),(93,40,4.35),(93,41,4.17),(93,42,6.91),(93,43,7.93),(93,44,3.05),(93,45,1.32),(93,46,9.31),(93,47,8.27),(93,48,1.25),(93,49,8.49),(93,50,1.20),(94,1,2.72),(94,2,3.98),(94,3,5.29),(94,4,1.00),(94,5,7.64),(94,6,1.18),(94,7,7.91),(94,8,4.59),(94,9,8.07),(94,10,1.22),(94,11,4.72),(94,12,9.29),(94,13,3.30),(94,14,5.56),(94,15,6.10),(94,16,9.68),(94,17,8.27),(94,18,4.37),(94,19,8.02),(94,20,5.02),(94,21,4.27),(94,22,6.44),(94,23,8.27),(94,24,2.42),(94,25,4.53),(94,26,3.05),(94,27,9.81),(94,28,2.81),(94,29,2.62),(94,30,0.73),(94,31,6.41),(94,32,1.93),(94,33,2.52),(94,34,6.82),(94,35,9.51),(94,36,8.97),(94,37,6.49),(94,38,3.58),(94,39,9.49),(94,40,6.38),(94,41,4.75),(94,42,3.06),(94,43,8.14),(94,44,9.79),(94,45,2.71),(94,46,8.31),(94,47,9.01),(94,48,2.97),(94,49,8.21),(94,50,7.73),(95,1,8.32),(95,2,7.67),(95,3,0.89),(95,4,0.26),(95,5,4.56),(95,6,8.42),(95,7,4.41),(95,8,6.29),(95,9,8.90),(95,10,8.75),(95,11,9.94),(95,12,9.62),(95,13,4.35),(95,14,2.28),(95,15,7.82),(95,16,5.30),(95,17,0.02),(95,18,8.15),(95,19,9.18),(95,20,4.62),(95,21,9.32),(95,22,3.58),(95,23,5.92),(95,24,6.89),(95,25,0.94),(95,26,5.98),(95,27,0.86),(95,28,0.92),(95,29,6.30),(95,30,0.79),(95,31,8.17),(95,32,4.22),(95,33,5.43),(95,34,6.57),(95,35,1.22),(95,36,0.71),(95,37,9.70),(95,38,0.85),(95,39,1.43),(95,40,1.09),(95,41,5.68),(95,42,2.10),(95,43,0.97),(95,44,3.40),(95,45,7.65),(95,46,4.23),(95,47,5.97),(95,48,5.61),(95,49,3.39),(95,50,7.50),(96,1,7.66),(96,2,2.31),(96,3,5.77),(96,4,4.72),(96,5,9.80),(96,6,1.19),(96,7,1.85),(96,8,1.90),(96,9,3.75),(96,10,8.82),(96,11,3.61),(96,12,5.42),(96,13,9.58),(96,14,2.63),(96,15,9.89),(96,16,2.48),(96,17,3.87),(96,18,7.31),(96,19,0.08),(96,20,3.60),(96,21,6.13),(96,22,2.16),(96,23,3.72),(96,24,8.26),(96,25,6.04),(96,26,5.54),(96,27,7.47),(96,28,2.91),(96,29,8.13),(96,30,4.47),(96,31,9.01),(96,32,5.87),(96,33,7.03),(96,34,2.33),(96,35,8.66),(96,36,5.25),(96,37,2.21),(96,38,1.78),(96,39,3.90),(96,40,4.55),(96,41,8.24),(96,42,4.80),(96,43,6.52),(96,44,9.08),(96,45,8.01),(96,46,0.74),(96,47,4.03),(96,48,0.51),(96,49,5.24),(96,50,1.93),(97,1,2.59),(97,2,6.01),(97,3,1.11),(97,4,0.32),(97,5,7.35),(97,6,1.46),(97,7,4.20),(97,8,7.56),(97,9,0.25),(97,10,3.83),(97,11,9.53),(97,12,7.23),(97,13,3.31),(97,14,8.45),(97,15,6.79),(97,16,7.39),(97,17,2.49),(97,18,1.18),(97,19,6.45),(97,20,7.91),(97,21,9.84),(97,22,9.06),(97,23,2.40),(97,24,1.48),(97,25,5.27),(97,26,4.03),(97,27,8.00),(97,28,7.46),(97,29,7.44),(97,30,4.36),(97,31,7.65),(97,32,4.00),(97,33,9.25),(97,34,6.00),(97,35,6.66),(97,36,2.27),(97,37,7.60),(97,38,8.75),(97,39,2.60),(97,40,3.94),(97,41,3.24),(97,42,4.99),(97,43,7.58),(97,44,1.91),(97,45,6.18),(97,46,4.00),(97,47,1.35),(97,48,2.12),(97,49,5.65),(97,50,0.93),(98,1,6.94),(98,2,5.63),(98,3,9.38),(98,4,5.27),(98,5,4.84),(98,6,0.73),(98,7,7.47),(98,8,7.97),(98,9,4.26),(98,10,2.81),(98,11,1.72),(98,12,9.44),(98,13,1.80),(98,14,3.05),(98,15,9.32),(98,16,1.97),(98,17,6.70),(98,18,6.73),(98,19,6.02),(98,20,4.74),(98,21,5.29),(98,22,1.03),(98,23,6.02),(98,24,3.82),(98,25,4.91),(98,26,1.39),(98,27,6.79),(98,28,9.46),(98,29,9.33),(98,30,5.08),(98,31,1.18),(98,32,2.62),(98,33,0.71),(98,34,7.45),(98,35,2.82),(98,36,6.70),(98,37,6.89),(98,38,4.53),(98,39,8.81),(98,40,6.98),(98,41,3.02),(98,42,1.59),(98,43,2.13),(98,44,3.34),(98,45,4.28),(98,46,3.40),(98,47,8.04),(98,48,3.20),(98,49,0.59),(98,50,6.93),(99,1,0.45),(99,2,6.36),(99,3,6.41),(99,4,6.31),(99,5,9.95),(99,6,0.39),(99,7,1.26),(99,8,0.81),(99,9,6.13),(99,10,9.25),(99,11,2.19),(99,12,5.98),(99,13,0.89),(99,14,5.76),(99,15,1.53),(99,16,9.64),(99,17,1.58),(99,18,4.75),(99,19,1.62),(99,20,0.36),(99,21,9.26),(99,22,7.43),(99,23,3.31),(99,24,0.13),(99,25,2.96),(99,26,7.12),(99,27,9.68),(99,28,2.75),(99,29,3.31),(99,30,5.50),(99,31,1.73),(99,32,0.86),(99,33,6.89),(99,34,6.29),(99,35,6.30),(99,36,4.18),(99,37,8.56),(99,38,7.08),(99,39,2.08),(99,40,5.92),(99,41,2.82),(99,42,6.84),(99,43,0.46),(99,44,1.59),(99,45,1.86),(99,46,9.46),(99,47,5.53),(99,48,9.65),(99,49,4.43),(99,50,7.10),(100,1,3.49),(100,2,9.61),(100,3,2.41),(100,4,8.67),(100,5,7.73),(100,6,3.84),(100,7,6.62),(100,8,3.35),(100,9,4.60),(100,10,4.60),(100,11,3.07),(100,12,5.10),(100,13,4.48),(100,14,4.61),(100,15,5.96),(100,16,1.69),(100,17,3.39),(100,18,1.84),(100,19,3.98),(100,20,4.98),(100,21,0.22),(100,22,6.83),(100,23,3.81),(100,24,8.39),(100,25,1.81),(100,26,9.58),(100,27,7.73),(100,28,0.62),(100,29,6.58),(100,30,8.64),(100,31,9.36),(100,32,3.04),(100,33,8.32),(100,34,6.37),(100,35,8.61),(100,36,9.27),(100,37,9.20),(100,38,5.73),(100,39,7.25),(100,40,1.51),(100,41,8.34),(100,42,6.75),(100,43,6.52),(100,44,4.85),(100,45,1.52),(100,46,1.89),(100,47,4.94),(100,48,4.66),(100,49,0.74),(100,50,8.45),(101,1,6.14),(101,2,8.85),(101,3,0.05),(101,4,8.35),(101,5,2.35),(101,6,9.68),(101,7,3.53),(101,8,2.27),(101,9,3.73),(101,10,5.94),(101,11,7.30),(101,12,1.73),(101,13,1.35),(101,14,3.64),(101,15,5.00),(101,16,3.97),(101,17,4.65),(101,18,5.79),(101,19,8.00),(101,20,7.11),(101,21,9.71),(101,22,3.23),(101,23,1.42),(101,24,5.75),(101,25,0.81),(101,26,9.19),(101,27,7.09),(101,28,7.16),(101,29,8.51),(101,30,4.95),(101,31,2.26),(101,32,7.78),(101,33,4.70),(101,34,7.59),(101,35,3.40),(101,36,3.96),(101,37,6.60),(101,38,7.10),(101,39,8.58),(101,40,7.12),(101,41,8.63),(101,42,9.13),(101,43,2.94),(101,44,2.69),(101,45,7.73),(101,46,7.33),(101,47,3.90),(101,48,0.39),(101,49,3.91),(101,50,5.91),(102,1,1.78),(102,2,1.38),(102,3,8.98),(102,4,4.11),(102,5,8.26),(102,6,6.02),(102,7,7.22),(102,8,6.86),(102,9,1.91),(102,10,4.36),(102,11,9.75),(102,12,0.17),(102,13,7.98),(102,14,9.15),(102,15,0.21),(102,16,5.53),(102,17,2.25),(102,18,3.98),(102,19,7.53),(102,20,3.47),(102,21,0.84),(102,22,6.21),(102,23,1.00),(102,24,6.40),(102,25,8.11),(102,26,4.37),(102,27,7.31),(102,28,2.71),(102,29,6.28),(102,30,9.73),(102,31,0.84),(102,32,2.49),(102,33,1.95),(102,34,5.97),(102,35,2.43),(102,36,4.24),(102,37,8.11),(102,38,6.51),(102,39,3.52),(102,40,6.42),(102,41,7.33),(102,42,6.41),(102,43,2.58),(102,44,6.36),(102,45,5.55),(102,46,2.93),(102,47,5.30),(102,48,2.48),(102,49,2.55),(102,50,4.05),(103,1,9.22),(103,2,6.22),(103,3,9.42),(103,4,7.52),(103,5,9.54),(103,6,9.19),(103,7,6.07),(103,8,8.88),(103,9,5.14),(103,10,6.00),(103,11,9.75),(103,12,1.06),(103,13,2.78),(103,14,2.36),(103,15,1.33),(103,16,8.44),(103,17,7.98),(103,18,5.77),(103,19,3.93),(103,20,3.86),(103,21,0.70),(103,22,7.13),(103,23,5.91),(103,24,9.19),(103,25,5.84),(103,26,4.04),(103,27,1.07),(103,28,2.33),(103,29,2.54),(103,30,8.00),(103,31,7.92),(103,32,7.13),(103,33,5.13),(103,34,3.90),(103,35,2.46),(103,36,2.06),(103,37,0.94),(103,38,1.68),(103,39,6.92),(103,40,2.92),(103,41,1.68),(103,42,4.91),(103,43,7.05),(103,44,9.69),(103,45,1.00),(103,46,9.13),(103,47,0.73),(103,48,2.30),(103,49,7.53),(103,50,8.85),(104,1,7.56),(104,2,1.44),(104,3,6.82),(104,4,0.51),(104,5,4.07),(104,6,0.90),(104,7,6.81),(104,8,7.37),(104,9,7.94),(104,10,0.04),(104,11,6.41),(104,12,3.91),(104,13,1.52),(104,14,2.86),(104,15,8.22),(104,16,9.07),(104,17,0.95),(104,18,5.41),(104,19,5.96),(104,20,4.99),(104,21,6.56),(104,22,6.57),(104,23,6.95),(104,24,7.24),(104,25,0.62),(104,26,8.01),(104,27,1.97),(104,28,1.17),(104,29,8.22),(104,30,5.82),(104,31,6.52),(104,32,9.19),(104,33,5.38),(104,34,0.42),(104,35,5.98),(104,36,1.06),(104,37,8.44),(104,38,6.89),(104,39,6.03),(104,40,8.37),(104,41,0.80),(104,42,1.35),(104,43,3.06),(104,44,5.11),(104,45,2.76),(104,46,2.69),(104,47,7.44),(104,48,0.15),(104,49,0.38),(104,50,4.21),(105,1,7.97),(105,2,2.68),(105,3,1.70),(105,4,9.19),(105,5,3.05),(105,6,9.68),(105,7,7.93),(105,8,5.82),(105,9,9.65),(105,10,2.50),(105,11,7.94),(105,12,7.18),(105,13,4.40),(105,14,3.65),(105,15,2.05),(105,16,0.16),(105,17,2.06),(105,18,0.62),(105,19,6.43),(105,20,3.77),(105,21,7.09),(105,22,4.60),(105,23,2.53),(105,24,8.60),(105,25,6.69),(105,26,3.08),(105,27,5.47),(105,28,9.17),(105,29,2.89),(105,30,0.89),(105,31,2.49),(105,32,7.32),(105,33,0.11),(105,34,4.76),(105,35,8.38),(105,36,8.40),(105,37,8.03),(105,38,9.14),(105,39,7.43),(105,40,9.94),(105,41,6.90),(105,42,2.12),(105,43,7.25),(105,44,4.11),(105,45,5.18),(105,46,2.47),(105,47,0.42),(105,48,7.91),(105,49,5.28),(105,50,2.98),(106,1,4.13),(106,2,4.15),(106,3,8.23),(106,4,4.31),(106,5,5.05),(106,6,8.13),(106,7,3.91),(106,8,5.22),(106,9,4.76),(106,10,2.19),(106,11,5.48),(106,12,3.89),(106,13,3.61),(106,14,8.45),(106,15,6.81),(106,16,3.70),(106,17,5.41),(106,18,0.62),(106,19,9.49),(106,20,0.05),(106,21,4.66),(106,22,6.86),(106,23,9.61),(106,24,1.37),(106,25,9.62),(106,26,6.48),(106,27,6.32),(106,28,8.96),(106,29,0.20),(106,30,3.02),(106,31,5.74),(106,32,6.78),(106,33,1.23),(106,34,6.41),(106,35,1.25),(106,36,9.98),(106,37,8.70),(106,38,0.05),(106,39,4.97),(106,40,2.82),(106,41,7.50),(106,42,7.40),(106,43,1.47),(106,44,8.80),(106,45,4.92),(106,46,8.52),(106,47,4.81),(106,48,4.87),(106,49,0.62),(106,50,2.67),(107,1,0.04),(107,2,3.98),(107,3,9.21),(107,4,0.83),(107,5,7.16),(107,6,9.82),(107,7,4.40),(107,8,0.45),(107,9,8.13),(107,10,8.38),(107,11,6.62),(107,12,5.33),(107,13,8.50),(107,14,9.43),(107,15,5.08),(107,16,9.95),(107,17,3.53),(107,18,5.30),(107,19,6.03),(107,20,9.92),(107,21,7.64),(107,22,2.39),(107,23,2.97),(107,24,5.01),(107,25,9.79),(107,26,5.60),(107,27,7.88),(107,28,8.16),(107,29,0.18),(107,30,4.63),(107,31,9.32),(107,32,0.84),(107,33,9.29),(107,34,0.99),(107,35,1.14),(107,36,0.86),(107,37,3.46),(107,38,2.08),(107,39,4.42),(107,40,3.28),(107,41,2.04),(107,42,9.70),(107,43,4.50),(107,44,1.08),(107,45,8.07),(107,46,2.53),(107,47,7.36),(107,48,4.40),(107,49,1.09),(107,50,7.12),(108,1,7.14),(108,2,9.16),(108,3,8.87),(108,4,6.05),(108,5,8.92),(108,6,2.12),(108,7,8.12),(108,8,2.54),(108,9,1.50),(108,10,8.47),(108,11,6.72),(108,12,2.19),(108,13,3.89),(108,14,8.19),(108,15,7.01),(108,16,4.04),(108,17,2.39),(108,18,7.14),(108,19,3.45),(108,20,8.40),(108,21,9.84),(108,22,6.77),(108,23,3.49),(108,24,7.92),(108,25,9.46),(108,26,3.27),(108,27,4.38),(108,28,1.55),(108,29,7.96),(108,30,5.41),(108,31,7.80),(108,32,3.06),(108,33,8.49),(108,34,2.75),(108,35,8.07),(108,36,1.93),(108,37,8.29),(108,38,0.82),(108,39,4.62),(108,40,5.49),(108,41,0.51),(108,42,2.54),(108,43,0.74),(108,44,0.17),(108,45,7.50),(108,46,2.72),(108,47,3.48),(108,48,0.44),(108,49,0.85),(108,50,0.77),(109,1,1.67),(109,2,8.16),(109,3,0.38),(109,4,9.30),(109,5,1.80),(109,6,8.97),(109,7,4.55),(109,8,2.94),(109,9,2.97),(109,10,0.89),(109,11,9.31),(109,12,8.25),(109,13,0.07),(109,14,6.18),(109,15,3.66),(109,16,0.70),(109,17,1.92),(109,18,6.78),(109,19,2.03),(109,20,3.02),(109,21,0.07),(109,22,2.88),(109,23,8.72),(109,24,6.12),(109,25,0.53),(109,26,0.71),(109,27,6.18),(109,28,3.74),(109,29,1.40),(109,30,2.15),(109,31,5.03),(109,32,2.42),(109,33,9.09),(109,34,1.02),(109,35,8.25),(109,36,4.11),(109,37,3.33),(109,38,3.91),(109,39,8.42),(109,40,6.11),(109,41,7.57),(109,42,4.95),(109,43,2.27),(109,44,9.69),(109,45,5.41),(109,46,3.60),(109,47,0.55),(109,48,0.17),(109,49,4.57),(109,50,2.49),(110,1,8.78),(110,2,0.84),(110,3,6.94),(110,4,2.81),(110,5,1.66),(110,6,0.16),(110,7,8.14),(110,8,2.40),(110,9,0.44),(110,10,8.54),(110,11,6.58),(110,12,5.70),(110,13,0.74),(110,14,8.57),(110,15,9.59),(110,16,8.75),(110,17,1.73),(110,18,3.44),(110,19,8.80),(110,20,9.99),(110,21,4.44),(110,22,7.70),(110,23,6.10),(110,24,2.65),(110,25,3.74),(110,26,0.95),(110,27,1.54),(110,28,0.38),(110,29,1.72),(110,30,8.63),(110,31,7.61),(110,32,7.57),(110,33,3.35),(110,34,1.48),(110,35,2.35),(110,36,5.13),(110,37,3.87),(110,38,3.52),(110,39,1.46),(110,40,6.41),(110,41,3.37),(110,42,1.80),(110,43,3.26),(110,44,8.34),(110,45,9.76),(110,46,3.26),(110,47,8.96),(110,48,4.32),(110,49,5.01),(110,50,1.36),(111,1,2.28),(111,2,2.65),(111,3,6.00),(111,4,3.24),(111,5,3.26),(111,6,5.07),(111,7,2.60),(111,8,1.90),(111,9,4.82),(111,10,4.89),(111,11,4.79),(111,12,5.62),(111,13,3.41),(111,14,4.29),(111,15,0.64),(111,16,8.76),(111,17,5.85),(111,18,0.93),(111,19,6.03),(111,20,9.41),(111,21,4.38),(111,22,2.72),(111,23,3.27),(111,24,5.75),(111,25,2.06),(111,26,7.70),(111,27,2.98),(111,28,2.66),(111,29,1.77),(111,30,4.93),(111,31,8.86),(111,32,5.35),(111,33,7.42),(111,34,7.65),(111,35,2.92),(111,36,4.42),(111,37,1.68),(111,38,3.71),(111,39,9.14),(111,40,7.84),(111,41,6.71),(111,42,2.03),(111,43,4.22),(111,44,8.81),(111,45,0.52),(111,46,6.50),(111,47,2.73),(111,48,7.13),(111,49,2.34),(111,50,4.52),(112,1,4.10),(112,2,8.82),(112,3,6.56),(112,4,3.33),(112,5,8.75),(112,6,1.88),(112,7,2.75),(112,8,8.22),(112,9,2.51),(112,10,3.31),(112,11,3.71),(112,12,1.03),(112,13,4.25),(112,14,9.21),(112,15,3.28),(112,16,8.42),(112,17,7.75),(112,18,2.87),(112,19,9.09),(112,20,6.76),(112,21,8.25),(112,22,0.76),(112,23,7.86),(112,24,3.07),(112,25,7.46),(112,26,1.65),(112,27,6.72),(112,28,6.49),(112,29,2.84),(112,30,4.47),(112,31,3.84),(112,32,2.44),(112,33,3.10),(112,34,4.18),(112,35,2.87),(112,36,6.18),(112,37,3.14),(112,38,8.69),(112,39,9.09),(112,40,3.32),(112,41,6.66),(112,42,6.61),(112,43,9.29),(112,44,7.11),(112,45,9.85),(112,46,0.72),(112,47,5.11),(112,48,0.44),(112,49,5.13),(112,50,0.36),(113,1,9.42),(113,2,4.26),(113,3,4.35),(113,4,3.40),(113,5,8.26),(113,6,9.22),(113,7,9.98),(113,8,9.19),(113,9,6.82),(113,10,0.29),(113,11,6.08),(113,12,1.76),(113,13,4.64),(113,14,9.76),(113,15,7.82),(113,16,4.10),(113,17,9.04),(113,18,5.42),(113,19,4.10),(113,20,7.64),(113,21,4.42),(113,22,7.77),(113,23,8.28),(113,24,7.54),(113,25,0.09),(113,26,3.38),(113,27,9.13),(113,28,6.32),(113,29,1.10),(113,30,5.26),(113,31,2.99),(113,32,4.67),(113,33,4.47),(113,34,9.67),(113,35,9.49),(113,36,4.04),(113,37,5.61),(113,38,7.53),(113,39,8.96),(113,40,9.55),(113,41,7.43),(113,42,9.12),(113,43,2.19),(113,44,5.43),(113,45,1.38),(113,46,6.67),(113,47,4.09),(113,48,0.57),(113,49,6.55),(113,50,3.04),(114,1,8.92),(114,2,8.65),(114,3,9.82),(114,4,4.79),(114,5,5.60),(114,6,9.44),(114,7,6.04),(114,8,8.54),(114,9,9.42),(114,10,9.17),(114,11,5.68),(114,12,2.09),(114,13,7.73),(114,14,2.59),(114,15,0.88),(114,16,9.53),(114,17,5.87),(114,18,4.41),(114,19,0.57),(114,20,8.29),(114,21,5.06),(114,22,5.98),(114,23,2.60),(114,24,6.71),(114,25,7.92),(114,26,5.14),(114,27,4.19),(114,28,5.66),(114,29,8.38),(114,30,1.05),(114,31,8.32),(114,32,8.59),(114,33,5.18),(114,34,6.88),(114,35,2.12),(114,36,7.98),(114,37,6.84),(114,38,2.42),(114,39,3.66),(114,40,1.31),(114,41,7.15),(114,42,7.22),(114,43,2.49),(114,44,8.88),(114,45,9.76),(114,46,0.04),(114,47,1.48),(114,48,1.65),(114,49,6.05),(114,50,4.13),(115,1,4.01),(115,2,5.98),(115,3,1.87),(115,4,3.41),(115,5,4.71),(115,6,0.51),(115,7,9.21),(115,8,3.25),(115,9,5.56),(115,10,3.99),(115,11,8.41),(115,12,7.45),(115,13,8.74),(115,14,4.18),(115,15,2.50),(115,16,7.78),(115,17,4.43),(115,18,1.25),(115,19,4.36),(115,20,0.19),(115,21,7.28),(115,22,4.34),(115,23,3.15),(115,24,9.18),(115,25,1.44),(115,26,0.34),(115,27,1.04),(115,28,6.82),(115,29,9.28),(115,30,9.72),(115,31,9.69),(115,32,6.36),(115,33,3.10),(115,34,1.77),(115,35,0.32),(115,36,3.55),(115,37,7.44),(115,38,3.37),(115,39,2.74),(115,40,5.85),(115,41,9.85),(115,42,5.87),(115,43,7.26),(115,44,9.92),(115,45,3.55),(115,46,6.82),(115,47,6.69),(115,48,5.45),(115,49,9.25),(115,50,7.88),(116,1,1.68),(116,2,0.72),(116,3,4.69),(116,4,9.36),(116,5,1.15),(116,6,1.65),(116,7,4.56),(116,8,2.23),(116,9,6.64),(116,10,8.49),(116,11,0.22),(116,12,2.40),(116,13,9.22),(116,14,0.21),(116,15,1.82),(116,16,9.94),(116,17,0.61),(116,18,0.40),(116,19,8.45),(116,20,8.18),(116,21,1.70),(116,22,8.72),(116,23,3.27),(116,24,4.05),(116,25,4.94),(116,26,7.54),(116,27,3.35),(116,28,5.37),(116,29,0.94),(116,30,5.04),(116,31,7.36),(116,32,9.98),(116,33,4.98),(116,34,5.84),(116,35,9.46),(116,36,9.63),(116,37,6.27),(116,38,7.70),(116,39,2.41),(116,40,7.31),(116,41,9.69),(116,42,1.09),(116,43,2.95),(116,44,9.17),(116,45,4.43),(116,46,4.25),(116,47,4.06),(116,48,2.63),(116,49,8.19),(116,50,3.01),(117,1,9.77),(117,2,4.52),(117,3,7.47),(117,4,3.37),(117,5,2.56),(117,6,4.98),(117,7,0.15),(117,8,9.48),(117,9,3.62),(117,10,5.17),(117,11,8.06),(117,12,6.35),(117,13,6.75),(117,14,4.43),(117,15,5.97),(117,16,3.96),(117,17,9.05),(117,18,8.84),(117,19,9.51),(117,20,2.08),(117,21,7.10),(117,22,2.17),(117,23,3.53),(117,24,3.64),(117,25,9.14),(117,26,5.53),(117,27,9.99),(117,28,3.62),(117,29,0.78),(117,30,6.96),(117,31,0.86),(117,32,2.36),(117,33,8.44),(117,34,4.84),(117,35,3.95),(117,36,9.55),(117,37,3.22),(117,38,2.84),(117,39,9.04),(117,40,5.46),(117,41,3.85),(117,42,9.19),(117,43,8.20),(117,44,1.41),(117,45,2.83),(117,46,4.27),(117,47,2.41),(117,48,7.40),(117,49,4.93),(117,50,0.26),(118,1,8.30),(118,2,6.46),(118,3,2.21),(118,4,3.32),(118,5,5.17),(118,6,2.59),(118,7,4.55),(118,8,6.45),(118,9,2.91),(118,10,2.64),(118,11,5.06),(118,12,9.74),(118,13,8.44),(118,14,3.06),(118,15,9.60),(118,16,8.77),(118,17,4.10),(118,18,5.29),(118,19,6.96),(118,20,7.28),(118,21,7.37),(118,22,5.14),(118,23,0.05),(118,24,6.85),(118,25,3.80),(118,26,1.43),(118,27,0.26),(118,28,7.28),(118,29,4.59),(118,30,1.67),(118,31,7.28),(118,32,5.61),(118,33,5.13),(118,34,7.27),(118,35,2.31),(118,36,2.29),(118,37,3.13),(118,38,1.16),(118,39,0.67),(118,40,5.38),(118,41,7.81),(118,42,4.54),(118,43,6.11),(118,44,1.02),(118,45,5.50),(118,46,9.61),(118,47,1.40),(118,48,9.12),(118,49,2.86),(118,50,9.70),(119,1,8.88),(119,2,4.10),(119,3,1.26),(119,4,0.88),(119,5,7.95),(119,6,8.67),(119,7,3.19),(119,8,7.44),(119,9,6.68),(119,10,5.01),(119,11,2.16),(119,12,9.91),(119,13,7.81),(119,14,5.41),(119,15,4.50),(119,16,1.14),(119,17,3.62),(119,18,4.47),(119,19,8.36),(119,20,3.06),(119,21,4.05),(119,22,6.83),(119,23,5.91),(119,24,6.19),(119,25,6.04),(119,26,5.65),(119,27,6.65),(119,28,1.09),(119,29,1.24),(119,30,2.06),(119,31,0.83),(119,32,2.85),(119,33,3.41),(119,34,5.55),(119,35,8.15),(119,36,3.75),(119,37,7.15),(119,38,7.33),(119,39,9.51),(119,40,4.25),(119,41,2.54),(119,42,8.29),(119,43,6.04),(119,44,8.31),(119,45,2.01),(119,46,9.02),(119,47,8.28),(119,48,4.13),(119,49,7.12),(119,50,6.90),(120,1,3.56),(120,2,4.89),(120,3,4.37),(120,4,7.91),(120,5,7.31),(120,6,9.26),(120,7,6.64),(120,8,2.78),(120,9,0.30),(120,10,6.94),(120,11,0.31),(120,12,8.89),(120,13,7.69),(120,14,3.01),(120,15,7.65),(120,16,4.72),(120,17,1.11),(120,18,4.57),(120,19,5.45),(120,20,4.71),(120,21,8.76),(120,22,0.83),(120,23,1.73),(120,24,0.83),(120,25,10.00),(120,26,2.60),(120,27,4.01),(120,28,3.24),(120,29,0.86),(120,30,2.29),(120,31,3.32),(120,32,6.91),(120,33,3.18),(120,34,8.56),(120,35,3.11),(120,36,0.35),(120,37,8.93),(120,38,1.02),(120,39,7.42),(120,40,7.62),(120,41,3.30),(120,42,5.05),(120,43,8.98),(120,44,9.06),(120,45,3.15),(120,46,5.49),(120,47,9.12),(120,48,3.12),(120,49,6.04),(120,50,5.97),(121,1,6.92),(121,2,7.17),(121,3,2.96),(121,4,3.25),(121,5,6.89),(121,6,6.25),(121,7,0.20),(121,8,6.58),(121,9,0.35),(121,10,1.81),(121,11,9.69),(121,12,1.91),(121,13,3.85),(121,14,2.41),(121,15,3.74),(121,16,6.71),(121,17,7.24),(121,18,2.79),(121,19,8.24),(121,20,4.85),(121,21,3.78),(121,22,6.37),(121,23,4.33),(121,24,4.89),(121,25,0.35),(121,26,0.48),(121,27,9.89),(121,28,4.81),(121,29,9.59),(121,30,5.86),(121,31,9.74),(121,32,2.67),(121,33,8.28),(121,34,4.67),(121,35,8.28),(121,36,2.76),(121,37,7.76),(121,38,1.47),(121,39,1.46),(121,40,8.26),(121,41,1.22),(121,42,2.02),(121,43,2.66),(121,44,9.58),(121,45,3.29),(121,46,2.92),(121,47,1.02),(121,48,5.46),(121,49,5.13),(121,50,4.98),(122,1,7.74),(122,2,7.75),(122,3,4.04),(122,4,2.67),(122,5,1.32),(122,6,9.38),(122,7,0.31),(122,8,1.77),(122,9,7.31),(122,10,2.46),(122,11,9.85),(122,12,3.83),(122,13,7.64),(122,14,1.15),(122,15,1.68),(122,16,5.94),(122,17,6.18),(122,18,7.85),(122,19,2.60),(122,20,9.74),(122,21,4.57),(122,22,1.97),(122,23,4.84),(122,24,8.88),(122,25,6.83),(122,26,1.65),(122,27,5.36),(122,28,9.41),(122,29,9.04),(122,30,2.06),(122,31,1.22),(122,32,2.90),(122,33,1.24),(122,34,8.88),(122,35,6.37),(122,36,5.83),(122,37,6.52),(122,38,7.79),(122,39,6.79),(122,40,7.07),(122,41,7.77),(122,42,4.61),(122,43,2.27),(122,44,3.24),(122,45,5.08),(122,46,1.96),(122,47,8.78),(122,48,7.53),(122,49,0.69),(122,50,7.46),(123,1,4.79),(123,2,0.47),(123,3,4.21),(123,4,5.27),(123,5,1.09),(123,6,6.83),(123,7,5.09),(123,8,9.58),(123,9,9.96),(123,10,2.61),(123,11,8.27),(123,12,4.45),(123,13,9.50),(123,14,7.22),(123,15,6.61),(123,16,2.77),(123,17,4.19),(123,18,3.21),(123,19,2.34),(123,20,4.87),(123,21,6.71),(123,22,1.00),(123,23,6.54),(123,24,3.89),(123,25,5.60),(123,26,2.25),(123,27,4.96),(123,28,9.45),(123,29,1.03),(123,30,3.81),(123,31,9.22),(123,32,9.82),(123,33,1.15),(123,34,2.06),(123,35,3.10),(123,36,0.82),(123,37,5.59),(123,38,7.82),(123,39,0.00),(123,40,0.98),(123,41,1.30),(123,42,8.27),(123,43,4.80),(123,44,6.29),(123,45,1.42),(123,46,7.75),(123,47,5.56),(123,48,2.75),(123,49,5.85),(123,50,0.70),(124,1,0.89),(124,2,1.80),(124,3,0.55),(124,4,6.91),(124,5,0.41),(124,6,2.17),(124,7,5.69),(124,8,5.24),(124,9,2.05),(124,10,4.92),(124,11,2.56),(124,12,4.12),(124,13,0.54),(124,14,4.94),(124,15,6.88),(124,16,1.79),(124,17,4.72),(124,18,3.00),(124,19,0.90),(124,20,7.97),(124,21,2.57),(124,22,7.58),(124,23,2.57),(124,24,7.96),(124,25,2.61),(124,26,0.67),(124,27,7.12),(124,28,0.77),(124,29,6.08),(124,30,2.68),(124,31,8.52),(124,32,1.83),(124,33,5.44),(124,34,6.19),(124,35,8.64),(124,36,6.00),(124,37,4.21),(124,38,6.00),(124,39,8.15),(124,40,8.81),(124,41,0.05),(124,42,7.19),(124,43,4.65),(124,44,1.05),(124,45,4.78),(124,46,6.01),(124,47,5.43),(124,48,5.62),(124,49,6.61),(124,50,1.53),(125,1,4.52),(125,2,0.85),(125,3,0.22),(125,4,5.44),(125,5,5.42),(125,6,1.73),(125,7,7.52),(125,8,0.83),(125,9,1.37),(125,10,2.48),(125,11,2.25),(125,12,9.19),(125,13,5.71),(125,14,0.20),(125,15,0.62),(125,16,5.45),(125,17,1.67),(125,18,1.39),(125,19,6.87),(125,20,8.35),(125,21,3.04),(125,22,3.27),(125,23,2.94),(125,24,9.54),(125,25,0.33),(125,26,0.22),(125,27,9.68),(125,28,9.27),(125,29,4.67),(125,30,2.56),(125,31,9.38),(125,32,9.50),(125,33,0.99),(125,34,1.69),(125,35,4.83),(125,36,0.64),(125,37,4.67),(125,38,6.51),(125,39,5.86),(125,40,6.37),(125,41,8.41),(125,42,2.41),(125,43,1.16),(125,44,0.39),(125,45,5.30),(125,46,7.99),(125,47,6.90),(125,48,4.07),(125,49,3.04),(125,50,5.17),(126,1,0.45),(126,2,8.22),(126,3,5.93),(126,4,0.04),(126,5,1.84),(126,6,5.60),(126,7,4.42),(126,8,6.95),(126,9,8.54),(126,10,3.93),(126,11,1.33),(126,12,9.14),(126,13,9.28),(126,14,3.24),(126,15,4.59),(126,16,4.97),(126,17,6.43),(126,18,1.91),(126,19,7.03),(126,20,9.45),(126,21,1.85),(126,22,3.28),(126,23,2.96),(126,24,0.33),(126,25,5.44),(126,26,0.38),(126,27,2.35),(126,28,6.72),(126,29,5.20),(126,30,6.22),(126,31,4.85),(126,32,3.76),(126,33,2.64),(126,34,7.61),(126,35,5.51),(126,36,3.67),(126,37,3.52),(126,38,6.45),(126,39,3.05),(126,40,6.62),(126,41,8.46),(126,42,6.35),(126,43,3.90),(126,44,8.61),(126,45,3.44),(126,46,6.25),(126,47,0.29),(126,48,7.01),(126,49,9.12),(126,50,4.05),(127,1,7.99),(127,2,8.64),(127,3,8.90),(127,4,0.34),(127,5,1.65),(127,6,6.53),(127,7,7.63),(127,8,0.18),(127,9,0.51),(127,10,8.62),(127,11,6.30),(127,12,8.59),(127,13,7.03),(127,14,2.91),(127,15,7.30),(127,16,7.09),(127,17,0.31),(127,18,2.40),(127,19,9.72),(127,20,0.27),(127,21,1.62),(127,22,2.17),(127,23,2.23),(127,24,8.11),(127,25,8.38),(127,26,8.34),(127,27,6.31),(127,28,8.62),(127,29,5.25),(127,30,5.42),(127,31,8.14),(127,32,2.04),(127,33,0.18),(127,34,9.75),(127,35,3.16),(127,36,5.95),(127,37,0.58),(127,38,1.46),(127,39,4.16),(127,40,3.14),(127,41,3.54),(127,42,9.33),(127,43,6.76),(127,44,2.28),(127,45,2.71),(127,46,4.48),(127,47,1.37),(127,48,9.62),(127,49,6.20),(127,50,9.30),(128,1,9.68),(128,2,8.17),(128,3,7.55),(128,4,7.65),(128,5,8.08),(128,6,7.30),(128,7,2.74),(128,8,2.77),(128,9,2.80),(128,10,1.80),(128,11,0.97),(128,12,6.41),(128,13,1.54),(128,14,1.40),(128,15,2.78),(128,16,7.15),(128,17,5.58),(128,18,5.50),(128,19,4.63),(128,20,5.54),(128,21,4.43),(128,22,8.29),(128,23,6.59),(128,24,8.49),(128,25,8.29),(128,26,7.90),(128,27,0.21),(128,28,3.40),(128,29,0.29),(128,30,6.73),(128,31,0.99),(128,32,3.73),(128,33,3.18),(128,34,5.42),(128,35,9.96),(128,36,1.63),(128,37,6.00),(128,38,8.20),(128,39,4.20),(128,40,1.87),(128,41,0.18),(128,42,8.25),(128,43,2.10),(128,44,1.74),(128,45,4.26),(128,46,6.66),(128,47,9.51),(128,48,0.01),(128,49,8.84),(128,50,1.15),(129,1,0.51),(129,2,3.22),(129,3,3.93),(129,4,2.80),(129,5,4.08),(129,6,0.73),(129,7,8.68),(129,8,4.59),(129,9,1.26),(129,10,3.02),(129,11,8.70),(129,12,4.34),(129,13,8.65),(129,14,5.85),(129,15,5.26),(129,16,3.19),(129,17,8.36),(129,18,6.13),(129,19,6.37),(129,20,6.41),(129,21,5.86),(129,22,8.42),(129,23,1.34),(129,24,1.06),(129,25,7.00),(129,26,7.45),(129,27,7.77),(129,28,5.16),(129,29,9.59),(129,30,2.84),(129,31,1.60),(129,32,2.22),(129,33,6.49),(129,34,6.88),(129,35,0.07),(129,36,1.05),(129,37,3.69),(129,38,9.06),(129,39,0.94),(129,40,3.26),(129,41,2.32),(129,42,5.08),(129,43,5.74),(129,44,5.34),(129,45,9.13),(129,46,9.66),(129,47,9.48),(129,48,6.91),(129,49,4.12),(129,50,3.62),(130,1,7.29),(130,2,5.63),(130,3,3.59),(130,4,3.59),(130,5,2.27),(130,6,6.58),(130,7,2.89),(130,8,8.90),(130,9,9.02),(130,10,6.56),(130,11,5.73),(130,12,4.91),(130,13,4.08),(130,14,6.87),(130,15,8.97),(130,16,8.49),(130,17,1.91),(130,18,2.21),(130,19,6.22),(130,20,2.28),(130,21,1.18),(130,22,3.13),(130,23,7.72),(130,24,2.05),(130,25,9.32),(130,26,4.79),(130,27,1.99),(130,28,6.86),(130,29,4.57),(130,30,7.51),(130,31,1.36),(130,32,8.42),(130,33,6.85),(130,34,2.98),(130,35,5.22),(130,36,8.93),(130,37,9.32),(130,38,3.00),(130,39,3.12),(130,40,7.96),(130,41,2.09),(130,42,4.86),(130,43,0.18),(130,44,4.50),(130,45,0.88),(130,46,7.12),(130,47,9.12),(130,48,2.89),(130,49,0.25),(130,50,6.57),(131,1,9.84),(131,2,0.60),(131,3,4.84),(131,4,7.12),(131,5,4.08),(131,6,4.61),(131,7,7.78),(131,8,1.16),(131,9,6.64),(131,10,5.80),(131,11,5.29),(131,12,4.65),(131,13,9.61),(131,14,0.75),(131,15,4.64),(131,16,7.16),(131,17,2.38),(131,18,3.60),(131,19,0.70),(131,20,4.96),(131,21,1.80),(131,22,3.63),(131,23,2.65),(131,24,5.39),(131,25,3.80),(131,26,1.44),(131,27,5.49),(131,28,0.00),(131,29,4.07),(131,30,0.22),(131,31,3.90),(131,32,6.67),(131,33,4.17),(131,34,0.85),(131,35,8.91),(131,36,4.73),(131,37,4.67),(131,38,3.90),(131,39,1.15),(131,40,8.15),(131,41,3.39),(131,42,4.49),(131,43,7.99),(131,44,8.84),(131,45,5.72),(131,46,4.99),(131,47,1.62),(131,48,3.33),(131,49,5.86),(131,50,7.46),(132,1,7.66),(132,2,4.13),(132,3,0.21),(132,4,9.03),(132,5,3.17),(132,6,6.69),(132,7,7.49),(132,8,1.12),(132,9,2.74),(132,10,5.86),(132,11,0.96),(132,12,8.50),(132,13,3.05),(132,14,9.86),(132,15,6.42),(132,16,0.03),(132,17,5.25),(132,18,0.22),(132,19,9.23),(132,20,6.14),(132,21,2.47),(132,22,9.08),(132,23,1.35),(132,24,2.23),(132,25,2.84),(132,26,1.60),(132,27,0.96),(132,28,0.92),(132,29,4.07),(132,30,9.56),(132,31,7.39),(132,32,0.72),(132,33,1.99),(132,34,2.41),(132,35,4.18),(132,36,5.07),(132,37,4.16),(132,38,8.70),(132,39,1.22),(132,40,4.75),(132,41,3.96),(132,42,3.38),(132,43,2.15),(132,44,8.73),(132,45,9.42),(132,46,0.21),(132,47,4.65),(132,48,1.16),(132,49,4.60),(132,50,4.30);
/*!40000 ALTER TABLE `calificaciones` ENABLE KEYS */;
UNLOCK TABLES;

--
-- Table structure for table `ejercicios`
--

DROP TABLE IF EXISTS `ejercicios`;
/*!40101 SET @saved_cs_client     = @@character_set_client */;
/*!50503 SET character_set_client = utf8mb4 */;
CREATE TABLE `ejercicios` (
  `id` int NOT NULL AUTO_INCREMENT,
  `descripcion` varchar(50) NOT NULL,
  `id_tipo` int NOT NULL,
  `id_modulo` int NOT NULL,
  PRIMARY KEY (`id`),
  KEY `id_tipo` (`id_tipo`),
  KEY `id_modulo` (`id_modulo`),
  CONSTRAINT `ejercicios_ibfk_1` FOREIGN KEY (`id_tipo`) REFERENCES `tipos_ejercicios` (`id`),
  CONSTRAINT `ejercicios_ibfk_2` FOREIGN KEY (`id_modulo`) REFERENCES `modulos` (`id`)
) ENGINE=InnoDB AUTO_INCREMENT=133 DEFAULT CHARSET=utf8mb4 COLLATE=utf8mb4_0900_ai_ci;
/*!40101 SET character_set_client = @saved_cs_client */;

--
-- Dumping data for table `ejercicios`
--

LOCK TABLES `ejercicios` WRITE;
/*!40000 ALTER TABLE `ejercicios` DISABLE KEYS */;
INSERT INTO `ejercicios` VALUES (1,'Tema 1, ejercicio 1',2,1),(2,'Tema 1, ejercicio 2',2,1),(3,'Examen Tema 1',1,1),(4,'Tema 2, ejercicio 1',2,1),(5,'Tema 2, ejercicio 2',2,1),(6,'Examen Tema 2 (1)',1,1),(7,'Examen Tema 2 (2)',1,1),(8,'Tema 3, ejercicio 1',2,1),(9,'Tema 3, ejercicio 2',2,1),(10,'Tema 3, ejercicio 3',2,1),(11,'Examen Tema 3',1,1),(12,'Tema 4, ejercicio 1',2,1),(13,'Tema 4, ejercicio 2',2,1),(14,'Examen Tema 4',1,1),(15,'Tema 5, ejercicio 1',2,1),(16,'Tema 5, ejercicio 2',2,1),(17,'Examen Tema 5 (1)',1,1),(18,'Examen Tema 5 (2)',1,1),(19,'Tema 6, ejercicio 1',2,1),(20,'Tema 6, ejercicio 2',2,1),(21,'Tema 6, ejercicio 3',2,1),(22,'Examen Tema 6',1,1),(23,'Tema 1, ejercicio 1',2,2),(24,'Tema 1, ejercicio 2',2,2),(25,'Examen Tema 1',1,2),(26,'Tema 2, ejercicio 1',2,2),(27,'Tema 2, ejercicio 2',2,2),(28,'Examen Tema 2 (1)',1,2),(29,'Examen Tema 2 (2)',1,2),(30,'Tema 3, ejercicio 1',2,2),(31,'Tema 3, ejercicio 2',2,2),(32,'Tema 3, ejercicio 3',2,2),(33,'Examen Tema 3',1,2),(34,'Tema 4, ejercicio 1',2,2),(35,'Tema 4, ejercicio 2',2,2),(36,'Examen Tema 4',1,2),(37,'Tema 5, ejercicio 1',2,2),(38,'Tema 5, ejercicio 2',2,2),(39,'Examen Tema 5 (1)',1,2),(40,'Examen Tema 5 (2)',1,2),(41,'Tema 6, ejercicio 1',2,2),(42,'Tema 6, ejercicio 2',2,2),(43,'Tema 6, ejercicio 3',2,2),(44,'Examen Tema 6',1,2),(45,'Tema 1, ejercicio 1',2,3),(46,'Tema 1, ejercicio 2',2,3),(47,'Examen Tema 1',1,3),(48,'Tema 2, ejercicio 1',2,3),(49,'Tema 2, ejercicio 2',2,3),(50,'Examen Tema 2 (1)',1,3),(51,'Examen Tema 2 (2)',1,3),(52,'Tema 3, ejercicio 1',2,3),(53,'Tema 3, ejercicio 2',2,3),(54,'Tema 3, ejercicio 3',2,3),(55,'Examen Tema 3',1,3),(56,'Tema 4, ejercicio 1',2,3),(57,'Tema 4, ejercicio 2',2,3),(58,'Examen Tema 4',1,3),(59,'Tema 5, ejercicio 1',2,3),(60,'Tema 5, ejercicio 2',2,3),(61,'Examen Tema 5 (1)',1,3),(62,'Examen Tema 5 (2)',1,3),(63,'Tema 6, ejercicio 1',2,3),(64,'Tema 6, ejercicio 2',2,3),(65,'Tema 6, ejercicio 3',2,3),(66,'Examen Tema 6',1,3),(67,'Tema 1, ejercicio 1',2,4),(68,'Tema 1, ejercicio 2',2,4),(69,'Examen Tema 1',1,4),(70,'Tema 2, ejercicio 1',2,4),(71,'Tema 2, ejercicio 2',2,4),(72,'Examen Tema 2 (1)',1,4),(73,'Examen Tema 2 (2)',1,4),(74,'Tema 3, ejercicio 1',2,4),(75,'Tema 3, ejercicio 2',2,4),(76,'Tema 3, ejercicio 3',2,4),(77,'Examen Tema 3',1,4),(78,'Tema 4, ejercicio 1',2,4),(79,'Tema 4, ejercicio 2',2,4),(80,'Examen Tema 4',1,4),(81,'Tema 5, ejercicio 1',2,4),(82,'Tema 5, ejercicio 2',2,4),(83,'Examen Tema 5 (1)',1,4),(84,'Examen Tema 5 (2)',1,4),(85,'Tema 6, ejercicio 1',2,4),(86,'Tema 6, ejercicio 2',2,4),(87,'Tema 6, ejercicio 3',2,4),(88,'Examen Tema 6',1,4),(89,'Tema 1, ejercicio 1',2,5),(90,'Tema 1, ejercicio 2',2,5),(91,'Examen Tema 1',1,5),(92,'Tema 2, ejercicio 1',2,5),(93,'Tema 2, ejercicio 2',2,5),(94,'Examen Tema 2 (1)',1,5),(95,'Examen Tema 2 (2)',1,5),(96,'Tema 3, ejercicio 1',2,5),(97,'Tema 3, ejercicio 2',2,5),(98,'Tema 3, ejercicio 3',2,5),(99,'Examen Tema 3',1,5),(100,'Tema 4, ejercicio 1',2,5),(101,'Tema 4, ejercicio 2',2,5),(102,'Examen Tema 4',1,5),(103,'Tema 5, ejercicio 1',2,5),(104,'Tema 5, ejercicio 2',2,5),(105,'Examen Tema 5 (1)',1,5),(106,'Examen Tema 5 (2)',1,5),(107,'Tema 6, ejercicio 1',2,5),(108,'Tema 6, ejercicio 2',2,5),(109,'Tema 6, ejercicio 3',2,5),(110,'Examen Tema 6',1,5),(111,'Tema 1, ejercicio 1',2,6),(112,'Tema 1, ejercicio 2',2,6),(113,'Examen Tema 1',1,6),(114,'Tema 2, ejercicio 1',2,6),(115,'Tema 2, ejercicio 2',2,6),(116,'Examen Tema 2 (1)',1,6),(117,'Examen Tema 2 (2)',1,6),(118,'Tema 3, ejercicio 1',2,6),(119,'Tema 3, ejercicio 2',2,6),(120,'Tema 3, ejercicio 3',2,6),(121,'Examen Tema 3',1,6),(122,'Tema 4, ejercicio 1',2,6),(123,'Tema 4, ejercicio 2',2,6),(124,'Examen Tema 4',1,6),(125,'Tema 5, ejercicio 1',2,6),(126,'Tema 5, ejercicio 2',2,6),(127,'Examen Tema 5 (1)',1,6),(128,'Examen Tema 5 (2)',1,6),(129,'Tema 6, ejercicio 1',2,6),(130,'Tema 6, ejercicio 2',2,6),(131,'Tema 6, ejercicio 3',2,6),(132,'Examen Tema 6',1,6);
/*!40000 ALTER TABLE `ejercicios` ENABLE KEYS */;
UNLOCK TABLES;

--
-- Table structure for table `grupos`
--

DROP TABLE IF EXISTS `grupos`;
/*!40101 SET @saved_cs_client     = @@character_set_client */;
/*!50503 SET character_set_client = utf8mb4 */;
CREATE TABLE `grupos` (
  `id` int NOT NULL AUTO_INCREMENT,
  `grupo` varchar(10) NOT NULL,
  `id_tutor` int NOT NULL,
  PRIMARY KEY (`id`),
  KEY `id_tutor` (`id_tutor`),
  CONSTRAINT `grupos_ibfk_1` FOREIGN KEY (`id_tutor`) REFERENCES `profesores` (`id`)
) ENGINE=InnoDB AUTO_INCREMENT=3 DEFAULT CHARSET=utf8mb4 COLLATE=utf8mb4_0900_ai_ci;
/*!40101 SET character_set_client = @saved_cs_client */;

--
-- Dumping data for table `grupos`
--

LOCK TABLES `grupos` WRITE;
/*!40000 ALTER TABLE `grupos` DISABLE KEYS */;
INSERT INTO `grupos` VALUES (1,'1DAM',6),(2,'1DAW',4);
/*!40000 ALTER TABLE `grupos` ENABLE KEYS */;
UNLOCK TABLES;

--
-- Table structure for table `matriculas`
--

DROP TABLE IF EXISTS `matriculas`;
/*!40101 SET @saved_cs_client     = @@character_set_client */;
/*!50503 SET character_set_client = utf8mb4 */;
CREATE TABLE `matriculas` (
  `id_alumno` int NOT NULL,
  `id_modulo` int NOT NULL,
  `nota` decimal(4,2) DEFAULT NULL,
  `nota_seneca` int DEFAULT NULL,
  PRIMARY KEY (`id_alumno`,`id_modulo`),
  KEY `id_modulo` (`id_modulo`),
  CONSTRAINT `matriculas_ibfk_1` FOREIGN KEY (`id_alumno`) REFERENCES `alumnos` (`id`),
  CONSTRAINT `matriculas_ibfk_2` FOREIGN KEY (`id_modulo`) REFERENCES `modulos` (`id`),
  CONSTRAINT `matriculas_chk_1` CHECK ((`nota` between 0 and 10)),
  CONSTRAINT `matriculas_chk_2` CHECK ((`nota_seneca` between 1 and 10))
) ENGINE=InnoDB DEFAULT CHARSET=utf8mb4 COLLATE=utf8mb4_0900_ai_ci;
/*!40101 SET character_set_client = @saved_cs_client */;

--
-- Dumping data for table `matriculas`
--

LOCK TABLES `matriculas` WRITE;
/*!40000 ALTER TABLE `matriculas` DISABLE KEYS */;
INSERT INTO `matriculas` VALUES (1,1,NULL,NULL),(1,2,NULL,NULL),(1,3,NULL,NULL),(1,4,NULL,NULL),(1,5,NULL,NULL),(1,6,NULL,NULL),(2,1,NULL,NULL),(2,2,NULL,NULL),(2,3,NULL,NULL),(2,4,NULL,NULL),(2,5,NULL,NULL),(2,6,NULL,NULL),(3,1,NULL,NULL),(3,2,NULL,NULL),(3,3,NULL,NULL),(3,4,NULL,NULL),(3,5,NULL,NULL),(3,6,NULL,NULL),(4,1,NULL,NULL),(4,2,NULL,NULL),(4,3,NULL,NULL),(4,4,NULL,NULL),(4,5,NULL,NULL),(4,6,NULL,NULL),(5,1,NULL,NULL),(5,2,NULL,NULL),(5,3,NULL,NULL),(5,4,NULL,NULL),(5,5,NULL,NULL),(5,6,NULL,NULL),(6,1,NULL,NULL),(6,2,NULL,NULL),(6,3,NULL,NULL),(6,4,NULL,NULL),(6,5,NULL,NULL),(6,6,NULL,NULL),(7,1,NULL,NULL),(7,2,NULL,NULL),(7,3,NULL,NULL),(7,4,NULL,NULL),(7,5,NULL,NULL),(7,6,NULL,NULL),(8,1,NULL,NULL),(8,2,NULL,NULL),(8,3,NULL,NULL),(8,4,NULL,NULL),(8,5,NULL,NULL),(8,6,NULL,NULL),(9,1,NULL,NULL),(9,2,NULL,NULL),(9,3,NULL,NULL),(9,4,NULL,NULL),(9,5,NULL,NULL),(9,6,NULL,NULL),(10,2,NULL,NULL),(10,3,NULL,NULL),(10,4,NULL,NULL),(10,5,NULL,NULL),(10,6,NULL,NULL),(11,2,NULL,NULL),(11,3,NULL,NULL),(11,4,NULL,NULL),(11,5,NULL,NULL),(11,6,NULL,NULL),(12,2,NULL,NULL),(12,3,NULL,NULL),(12,4,NULL,NULL),(12,5,NULL,NULL),(12,6,NULL,NULL),(13,2,NULL,NULL),(13,3,NULL,NULL),(13,4,NULL,NULL),(13,5,NULL,NULL),(13,6,NULL,NULL),(14,1,NULL,NULL),(14,2,NULL,NULL),(14,3,NULL,NULL),(14,4,NULL,NULL),(14,5,NULL,NULL),(14,6,NULL,NULL),(15,1,NULL,NULL),(15,2,NULL,NULL),(15,3,NULL,NULL),(15,4,NULL,NULL),(15,5,NULL,NULL),(15,6,NULL,NULL),(16,1,NULL,NULL),(16,2,NULL,NULL),(16,3,NULL,NULL),(16,4,NULL,NULL),(16,5,NULL,NULL),(16,6,NULL,NULL),(17,1,NULL,NULL),(17,2,NULL,NULL),(17,3,NULL,NULL),(17,4,NULL,NULL),(17,5,NULL,NULL),(17,6,NULL,NULL),(18,1,NULL,NULL),(18,2,NULL,NULL),(18,3,NULL,NULL),(18,4,NULL,NULL),(18,5,NULL,NULL),(18,6,NULL,NULL),(19,1,NULL,NULL),(19,2,NULL,NULL),(19,3,NULL,NULL),(19,4,NULL,NULL),(19,5,NULL,NULL),(19,6,NULL,NULL),(20,1,NULL,NULL),(20,2,NULL,NULL),(20,3,NULL,NULL),(20,4,NULL,NULL),(20,5,NULL,NULL),(20,6,NULL,NULL),(21,1,NULL,NULL),(21,2,NULL,NULL),(21,3,NULL,NULL),(21,4,NULL,NULL),(21,5,NULL,NULL),(21,6,NULL,NULL),(22,1,NULL,NULL),(22,3,NULL,NULL),(22,4,NULL,NULL),(22,5,NULL,NULL),(22,6,NULL,NULL),(23,1,NULL,NULL),(23,3,NULL,NULL),(23,4,NULL,NULL),(23,5,NULL,NULL),(23,6,NULL,NULL),(24,1,NULL,NULL),(24,3,NULL,NULL),(24,4,NULL,NULL),(24,5,NULL,NULL),(24,6,NULL,NULL),(25,1,NULL,NULL),(25,3,NULL,NULL),(25,4,NULL,NULL),(25,5,NULL,NULL),(25,6,NULL,NULL),(26,1,NULL,NULL),(26,3,NULL,NULL),(26,4,NULL,NULL),(26,5,NULL,NULL),(26,6,NULL,NULL),(27,1,NULL,NULL),(27,3,NULL,NULL),(27,4,NULL,NULL),(27,5,NULL,NULL),(27,6,NULL,NULL),(28,1,NULL,NULL),(28,3,NULL,NULL),(28,4,NULL,NULL),(28,5,NULL,NULL),(28,6,NULL,NULL),(29,1,NULL,NULL),(29,3,NULL,NULL),(29,4,NULL,NULL),(29,5,NULL,NULL),(29,6,NULL,NULL),(30,1,NULL,NULL),(30,3,NULL,NULL),(30,4,NULL,NULL),(30,5,NULL,NULL),(30,6,NULL,NULL),(31,1,NULL,NULL),(31,3,NULL,NULL),(31,4,NULL,NULL),(31,5,NULL,NULL),(31,6,NULL,NULL),(32,1,NULL,NULL),(32,3,NULL,NULL),(32,4,NULL,NULL),(32,5,NULL,NULL),(32,6,NULL,NULL),(33,1,NULL,NULL),(33,3,NULL,NULL),(33,4,NULL,NULL),(33,5,NULL,NULL),(33,6,NULL,NULL),(34,1,NULL,NULL),(34,2,NULL,NULL),(34,3,NULL,NULL),(34,4,NULL,NULL),(34,5,NULL,NULL),(34,6,NULL,NULL),(35,1,NULL,NULL),(35,2,NULL,NULL),(35,3,NULL,NULL),(35,4,NULL,NULL),(35,5,NULL,NULL),(35,6,NULL,NULL),(36,1,NULL,NULL),(36,2,NULL,NULL),(36,3,NULL,NULL),(36,4,NULL,NULL),(36,5,NULL,NULL),(36,6,NULL,NULL),(37,1,NULL,NULL),(37,2,NULL,NULL),(37,3,NULL,NULL),(37,4,NULL,NULL),(37,5,NULL,NULL),(37,6,NULL,NULL),(38,1,NULL,NULL),(38,2,NULL,NULL),(38,3,NULL,NULL),(38,4,NULL,NULL),(38,5,NULL,NULL),(38,6,NULL,NULL),(39,1,NULL,NULL),(39,2,NULL,NULL),(39,3,NULL,NULL),(39,4,NULL,NULL),(39,5,NULL,NULL),(39,6,NULL,NULL),(40,1,NULL,NULL),(40,2,NULL,NULL),(40,3,NULL,NULL),(40,4,NULL,NULL),(40,5,NULL,NULL),(40,6,NULL,NULL),(41,1,NULL,NULL),(41,2,NULL,NULL),(41,3,NULL,NULL),(41,4,NULL,NULL),(41,5,NULL,NULL),(41,6,NULL,NULL),(42,1,NULL,NULL),(42,2,NULL,NULL),(42,3,NULL,NULL),(42,4,NULL,NULL),(42,5,NULL,NULL),(42,6,NULL,NULL),(43,1,NULL,NULL),(43,2,NULL,NULL),(43,3,NULL,NULL),(43,4,NULL,NULL),(43,5,NULL,NULL),(43,6,NULL,NULL),(44,1,NULL,NULL),(44,2,NULL,NULL),(44,3,NULL,NULL),(44,4,NULL,NULL),(44,5,NULL,NULL),(44,6,NULL,NULL),(45,1,NULL,NULL),(45,2,NULL,NULL),(45,3,NULL,NULL),(45,4,NULL,NULL),(45,5,NULL,NULL),(45,6,NULL,NULL),(46,1,NULL,NULL),(46,2,NULL,NULL),(46,3,NULL,NULL),(46,4,NULL,NULL),(46,5,NULL,NULL),(46,6,NULL,NULL),(47,1,NULL,NULL),(47,2,NULL,NULL),(47,3,NULL,NULL),(47,4,NULL,NULL),(47,5,NULL,NULL),(47,6,NULL,NULL),(48,1,NULL,NULL),(48,2,NULL,NULL),(48,3,NULL,NULL),(48,4,NULL,NULL),(48,5,NULL,NULL),(48,6,NULL,NULL),(49,1,NULL,NULL),(49,2,NULL,NULL),(49,3,NULL,NULL),(49,4,NULL,NULL),(49,5,NULL,NULL),(49,6,NULL,NULL),(50,1,NULL,NULL),(50,2,NULL,NULL),(50,3,NULL,NULL),(50,4,NULL,NULL),(50,5,NULL,NULL),(50,6,NULL,NULL);
/*!40000 ALTER TABLE `matriculas` ENABLE KEYS */;
UNLOCK TABLES;

--
-- Table structure for table `modulos`
--

DROP TABLE IF EXISTS `modulos`;
/*!40101 SET @saved_cs_client     = @@character_set_client */;
/*!50503 SET character_set_client = utf8mb4 */;
CREATE TABLE `modulos` (
  `id` int NOT NULL AUTO_INCREMENT,
  `modulo` varchar(30) NOT NULL,
  `id_profesor` int NOT NULL,
  PRIMARY KEY (`id`),
  KEY `id_profesor` (`id_profesor`),
  CONSTRAINT `modulos_ibfk_1` FOREIGN KEY (`id_profesor`) REFERENCES `profesores` (`id`)
) ENGINE=InnoDB AUTO_INCREMENT=7 DEFAULT CHARSET=utf8mb4 COLLATE=utf8mb4_0900_ai_ci;
/*!40101 SET character_set_client = @saved_cs_client */;

--
-- Dumping data for table `modulos`
--

LOCK TABLES `modulos` WRITE;
/*!40000 ALTER TABLE `modulos` DISABLE KEYS */;
INSERT INTO `modulos` VALUES (1,'Entornos de desarrollo',1),(2,'FOL',2),(3,'Programacin',3),(4,'Lenguaje de marcas',4),(5,'Sistemas informticos',5),(6,'Bases de datos',6);
/*!40000 ALTER TABLE `modulos` ENABLE KEYS */;
UNLOCK TABLES;

--
-- Table structure for table `profesores`
--

DROP TABLE IF EXISTS `profesores`;
/*!40101 SET @saved_cs_client     = @@character_set_client */;
/*!50503 SET character_set_client = utf8mb4 */;
CREATE TABLE `profesores` (
  `id` int NOT NULL AUTO_INCREMENT,
  `nombre` varchar(20) NOT NULL,
  `apellidos` varchar(40) NOT NULL,
  PRIMARY KEY (`id`)
) ENGINE=InnoDB AUTO_INCREMENT=7 DEFAULT CHARSET=utf8mb4 COLLATE=utf8mb4_0900_ai_ci;
/*!40101 SET character_set_client = @saved_cs_client */;

--
-- Dumping data for table `profesores`
--

LOCK TABLES `profesores` WRITE;
/*!40000 ALTER TABLE `profesores` DISABLE KEYS */;
INSERT INTO `profesores` VALUES (1,'Laura','Aguilar'),(2,'Silvia','Domnguez'),(3,'Rafael','Prez'),(4,'Adolfo','Rueda'),(5,'Alfonso','Ballesteros'),(6,'Manuel','Bautista');
/*!40000 ALTER TABLE `profesores` ENABLE KEYS */;
UNLOCK TABLES;

--
-- Table structure for table `tipos_ejercicios`
--

DROP TABLE IF EXISTS `tipos_ejercicios`;
/*!40101 SET @saved_cs_client     = @@character_set_client */;
/*!50503 SET character_set_client = utf8mb4 */;
CREATE TABLE `tipos_ejercicios` (
  `id` int NOT NULL AUTO_INCREMENT,
  `descripcion` varchar(10) NOT NULL,
  PRIMARY KEY (`id`)
) ENGINE=InnoDB AUTO_INCREMENT=3 DEFAULT CHARSET=utf8mb4 COLLATE=utf8mb4_0900_ai_ci;
/*!40101 SET character_set_client = @saved_cs_client */;

--
-- Dumping data for table `tipos_ejercicios`
--

LOCK TABLES `tipos_ejercicios` WRITE;
/*!40000 ALTER TABLE `tipos_ejercicios` DISABLE KEYS */;
INSERT INTO `tipos_ejercicios` VALUES (1,'Examen'),(2,'Prctica');
/*!40000 ALTER TABLE `tipos_ejercicios` ENABLE KEYS */;
UNLOCK TABLES;
/*!40103 SET TIME_ZONE=@OLD_TIME_ZONE */;

/*!40101 SET SQL_MODE=@OLD_SQL_MODE */;
/*!40014 SET FOREIGN_KEY_CHECKS=@OLD_FOREIGN_KEY_CHECKS */;
/*!40014 SET UNIQUE_CHECKS=@OLD_UNIQUE_CHECKS */;
/*!40101 SET CHARACTER_SET_CLIENT=@OLD_CHARACTER_SET_CLIENT */;
/*!40101 SET CHARACTER_SET_RESULTS=@OLD_CHARACTER_SET_RESULTS */;
/*!40101 SET COLLATION_CONNECTION=@OLD_COLLATION_CONNECTION */;
/*!40111 SET SQL_NOTES=@OLD_SQL_NOTES */;

-- Dump completed on 2024-05-17 23:57:53
