CREATE DATABASE  IF NOT EXISTS `ejercicio_ud6` /*!40100 DEFAULT CHARACTER SET utf8mb4 COLLATE utf8mb4_0900_ai_ci */ /*!80016 DEFAULT ENCRYPTION='N' */;
USE `ejercicio_ud6`;
-- MySQL dump 10.13  Distrib 8.0.34, for Win64 (x86_64)
--
-- Host: localhost    Database: ejercicio_ud6
-- ------------------------------------------------------
-- Server version	8.0.35

/*!40101 SET @OLD_CHARACTER_SET_CLIENT=@@CHARACTER_SET_CLIENT */;
/*!40101 SET @OLD_CHARACTER_SET_RESULTS=@@CHARACTER_SET_RESULTS */;
/*!40101 SET @OLD_COLLATION_CONNECTION=@@COLLATION_CONNECTION */;
/*!50503 SET NAMES utf8 */;
/*!40103 SET @OLD_TIME_ZONE=@@TIME_ZONE */;
/*!40103 SET TIME_ZONE='+00:00' */;
/*!40014 SET @OLD_UNIQUE_CHECKS=@@UNIQUE_CHECKS, UNIQUE_CHECKS=0 */;
/*!40014 SET @OLD_FOREIGN_KEY_CHECKS=@@FOREIGN_KEY_CHECKS, FOREIGN_KEY_CHECKS=0 */;
/*!40101 SET @OLD_SQL_MODE=@@SQL_MODE, SQL_MODE='NO_AUTO_VALUE_ON_ZERO' */;
/*!40111 SET @OLD_SQL_NOTES=@@SQL_NOTES, SQL_NOTES=0 */;

--
-- Table structure for table `clientes`
--

DROP TABLE IF EXISTS `clientes`;
/*!40101 SET @saved_cs_client     = @@character_set_client */;
/*!50503 SET character_set_client = utf8mb4 */;
CREATE TABLE `clientes` (
  `id` int NOT NULL AUTO_INCREMENT,
  `nombre` varchar(30) NOT NULL,
  `apellido1` varchar(30) NOT NULL,
  `apellido2` varchar(30) DEFAULT NULL,
  `email` varchar(100) NOT NULL,
  `telefono` varchar(15) NOT NULL,
  `fecha_alta` date DEFAULT NULL,
  `id_pais` int DEFAULT NULL,
  PRIMARY KEY (`id`),
  KEY `id_pais` (`id_pais`),
  CONSTRAINT `clientes_ibfk_1` FOREIGN KEY (`id_pais`) REFERENCES `paises` (`id`) ON UPDATE CASCADE
) ENGINE=InnoDB AUTO_INCREMENT=7001 DEFAULT CHARSET=utf8mb4 COLLATE=utf8mb4_0900_ai_ci;
/*!40101 SET character_set_client = @saved_cs_client */;

--
-- Dumping data for table `clientes`
--

LOCK TABLES `clientes` WRITE;
/*!40000 ALTER TABLE `clientes` DISABLE KEYS */;
INSERT INTO `clientes` VALUES (1,'Meryl','Karczinski','Gaither','mgaither0@ifeng.com','614682789','2011-04-19',89),(2,'Beale','Lemery','Woolfoot','bwoolfoot1@pcworld.com','669582407','2012-04-06',199),(3,'Sharla','Kohrsen','Klimowicz','sklimowicz2@themeforest.net','610168151','2021-01-08',162),(4,'Virgie','Goracci','Gratrex','vgratrex3@state.tx.us','657264980','2016-05-14',22),(5,'Parnell','Neave','Veltman','pveltman4@fc2.com','603691617','2012-08-09',149),(6,'Davey','Stockle','Dow','ddow5@nhs.uk','638263032','2022-01-24',149),(7,'Diana','Limpricht','De Cleyne','ddecleyne6@i2i.jp','659504200','2018-11-27',42),(8,'Renae','Toft','Cranke','rcranke7@google.com.hk','675393428','2020-05-06',183),(9,'Delphine','Peyes','Feather','dfeather8@bbc.co.uk','617895596','2018-03-27',1),(10,'Helaine','Flatley','Exrol','hexrol9@sun.com','634716808','2018-03-25',34),(11,'Beth','Bambra','Marco','bmarcoa@ftc.gov','655844789','2021-08-24',79),(12,'Anselma','Lyddiard','Georgeau','ageorgeaub@geocities.jp','609946565','2014-03-08',67),(13,'Moritz','Lilion','Masseo','mmasseoc@list-manage.com','666716859','2020-09-25',94),(14,'Kevyn','Thewless','Battye','kbattyed@ustream.tv','692812208','2021-08-31',99),(15,'Brigitta','Lumber','Mapston','bmapstone@ucsd.edu','657195208','2018-01-04',161),(16,'Marji','Glossop','Bielefeld','mbielefeldf@patch.com','622505342','2014-08-07',108),(17,'Rosalyn','Ashlin','Checketts','rcheckettsg@tinyurl.com','623186076','2015-09-22',148),(18,'Abramo','Huddlestone','Beard','abeardh@ifeng.com','665913301','2023-03-04',209),(19,'Pebrook','Meuse','Skirvin','pskirvini@omniture.com','619330687','2018-04-05',37),(20,'Christie','McMoyer','Rickesies','crickesiesj@flavors.me','615773444','2023-08-29',85),(21,'Richart','Bezants','Kiera','rkierak@wikispaces.com','675417022','2023-03-11',72),(22,'Louie','Brownett','Liddicoat','lliddicoatl@aol.com','616370623','2023-01-05',18),(23,'Jerrilyn','Szwandt','Brassill','jbrassillm@omniture.com','635985966','2017-09-08',42),(24,'Modesta','Stealey','Rizzillo','mrizzillon@ebay.com','639282215','2020-05-18',166),(25,'Annabel','Burdin','Plumtree','aplumtreeo@odnoklassniki.ru','620316353','2020-12-21',175),(26,'Gay','Arnoldi','Stacy','gstacyp@zimbio.com','652201887','2024-02-13',37),(27,'Sutherland','Hannabus','Schreiner','sschreinerq@symantec.com','647234332','2023-11-09',71),(28,'Jourdan','Setford','Manktelow','jmanktelowr@google.com','627569143','2022-12-09',193),(29,'Clerc','Degnen','Stovell','cstovells@auda.org.au','681596163','2017-12-22',59),(30,'Atlanta','Coxwell','Janiak','ajaniakt@seesaa.net','633042292','2021-05-30',162),(31,'Davy','Eborn','de Keep','ddekeepu@theglobeandmail.com','655258357','2016-04-25',190),(32,'Clare','Pattillo','Crank','ccrankv@blogger.com','667345658','2012-05-11',53),(33,'Grover','Hamman','Mawtus','gmawtusw@hugedomains.com','623725895','2017-07-31',205),(34,'Iormina','Higginbottam','McKyrrelly','imckyrrellyx@dyndns.org','656959915','2016-11-03',162),(35,'Hewitt','Bettaney','Bottby','hbottbyy@yale.edu','672168601','2015-06-05',17),(36,'Nikolos','Clampe','Southcomb','nsouthcombz@mtv.com','609955103','2014-07-01',179),(37,'Neil','Neenan','Itzig','nitzig10@over-blog.com','629179906','2013-07-05',51),(38,'Merrile','Stronge','Rabbet','mrabbet11@nature.com','629502810','2020-07-19',18),(39,'Maddy','Melendez','Barrasse','mbarrasse12@virginia.edu','600077999','2018-08-28',136),(40,'Celeste','Eivers','Indruch','cindruch13@jalbum.net','626011309','2019-05-01',209),(41,'Henka','Ferruzzi','Dinzey','hdinzey14@samsung.com','689421371','2015-02-01',143),(42,'Bobina','Jiran','Durrans','bdurrans15@feedburner.com','648664118','2012-10-18',65),(43,'Harley','Cardon','Hurring','hhurring16@omniture.com','674235537','2016-10-15',104),(44,'Wandie','Titman','Flockhart','wflockhart17@fc2.com','638496397','2017-06-28',104),(45,'Zachery','Costanza','Matijevic','zmatijevic18@vinaora.com','658727708','2017-02-18',30),(46,'Murvyn','Clowes','Mustill','mmustill19@wikispaces.com','694176608','2018-07-07',208),(47,'Christan','Sansom','Risbrough','crisbrough1a@nhs.uk','671706440','2018-11-19',100),(48,'Marigold','Hitter','Olerenshaw','molerenshaw1b@freewebs.com','661944882','2012-02-19',165),(49,'Odie','Scotcher','Darrel','odarrel1c@forbes.com','682468403','2015-01-02',6),(50,'Sharleen','Mandrier','Kingsnorth','skingsnorth1d@hexun.com','619208409','2020-07-10',146),(51,'William','Gilchriest','Wem','wwem1e@gmpg.org','632274522','2015-01-13',208),(52,'Lyssa','Cordet','Fetters','lfetters1f@usa.gov','608040765','2020-11-06',202),(53,'Merle','Wheatcroft','Diable','mdiable1g@technorati.com','682494724','2014-06-12',102),(54,'Nerte','Wildbore','Dwyr','ndwyr1h@businesswire.com','630610558','2018-12-16',146),(55,'Quintus','Ruston','Pettegre','qpettegre1i@yellowbook.com','674514415','2013-12-04',169),(56,'Lanette','Thorpe','Cutmore','lcutmore1j@ustream.tv','658392322','2012-10-15',151),(57,'Fremont','Laker','Sollime','fsollime1k@weather.com','615665224','2020-10-20',5),(58,'Egon','Renzo','Kimmons','ekimmons1l@springer.com','624874073','2013-03-03',30),(59,'Benni','Haversum','Redmile','bredmile1m@deliciousdays.com','625641127','2011-09-19',86),(60,'Bertrand','Hertwell','Wharram','bwharram1n@51.la','642722455','2017-03-28',73),(61,'Clary','Biddwell','Colthurst','ccolthurst1o@amazon.co.uk','696923565','2017-11-23',193),(62,'Kennett','Lebbon','Ciani','kciani1p@sitemeter.com','614292163','2022-01-21',163),(63,'Damara','Chadburn','Lorence','dlorence1q@phoca.cz','674021405','2022-12-18',99),(64,'Filippo','Mawd','Shrimplin','fshrimplin1r@technorati.com','612290317','2014-12-21',130),(65,'Gael','Van den Broek','Clemmen','gclemmen1s@photobucket.com','600489270','2023-02-02',176),(66,'Kermie','Souley','Moyler','kmoyler1t@phoca.cz','631230995','2013-03-09',33),(67,'Rafaelia','Docket','Allabush','rallabush1u@fema.gov','613095322','2021-10-01',104),(68,'Elmira','Petru','Despenser','edespenser1v@dell.com','638060423','2018-12-05',66),(69,'Zsazsa','Lanning','Ladson','zladson1w@goodreads.com','641226528','2014-08-21',203),(70,'Aristotle','Detheridge','Gligorijevic','agligorijevic1x@hud.gov','604866949','2013-01-31',121),(71,'Barbra','Hawes','Babbage','bbabbage1y@uol.com.br','649859180','2020-05-20',103),(72,'Ariella','Blazewicz','Denington','adenington1z@clickbank.net','672591673','2023-05-17',109),(73,'Lanna','Grishin','Hayesman','lhayesman20@photobucket.com','683285717','2018-10-05',40),(74,'Katrina','Slateford','Niland','kniland21@hao123.com','604378598','2016-05-18',213),(75,'Gayelord','Blackstock','Tudgay','gtudgay22@sun.com','664300060','2014-07-27',70),(76,'Doralyn','Shireff','Maymand','dmaymand23@theatlantic.com','629762260','2022-07-31',33),(77,'Beniamino','Bugbee','Maccaig','bmaccaig24@boston.com','664335855','2015-09-11',133),(78,'Korry','Readwood','Moye','kmoye25@list-manage.com','690627444','2020-06-30',29),(79,'Danya','Moreno','Barnham','dbarnham26@about.com','616411185','2014-08-09',98),(80,'Angel','Billingham','Bamfield','abamfield27@usgs.gov','628397042','2018-08-12',173),(81,'Stanton','Burghall','Beney','sbeney28@usgs.gov','612121345','2022-01-11',47),(82,'Veda','Richings','Matityahu','vmatityahu29@netscape.com','647877819','2019-03-07',198),(83,'Sara-ann','Crookston','Yockley','syockley2a@wix.com','692059787','2011-05-27',146),(84,'Lizbeth','Rosenkranc','Glamart','lglamart2b@boston.com','647681489','2021-01-04',159),(85,'Aldis','Lope','Sinnott','asinnott2c@nydailynews.com','661814750','2020-06-02',109),(86,'Grange','Conrath','Jayme','gjayme2d@loc.gov','642601240','2023-11-30',95),(87,'Bogart','Revan','Alderman','balderman2e@taobao.com','618028719','2023-03-19',132),(88,'Javier','Kynder','Dargan','jdargan2f@ft.com','648787766','2013-12-24',97),(89,'Colas','Forder','Caghy','ccaghy2g@printfriendly.com','664320624','2011-09-07',18),(90,'Sharlene','Myles','Beau','sbeau2h@yelp.com','680411799','2019-08-15',20),(91,'Kahlil','Giovannacci','Sandall','ksandall2i@xinhuanet.com','694295852','2021-09-24',92),(92,'Cecilla','Broune','Measen','cmeasen2j@timesonline.co.uk','695844374','2021-05-20',59),(93,'Dev','Latore','Iglesias','diglesias2k@biblegateway.com','641089339','2013-02-23',123),(94,'Emmy','Brotherheed','Jarret','ejarret2l@jimdo.com','644091694','2015-11-10',102),(95,'Forrest','Botha','Yetts','fyetts2m@constantcontact.com','665254513','2013-04-18',136),(96,'Issiah','Tuxwell','Ebbens','iebbens2n@dailymotion.com','653721631','2015-06-24',180),(97,'Emogene','McGeraghty','Getcliff','egetcliff2o@about.me','695233077','2019-01-09',127),(98,'Jamima','Janjusevic','Baudouin','jbaudouin2p@china.com.cn','695549841','2011-03-14',129),(99,'Dwight','Asif','Urling','durling2q@joomla.org','678510349','2016-07-05',35),(100,'Marabel','Crutchley','Barrack','mbarrack2r@chicagotribune.com','660362249','2019-12-24',142),(101,'Raffaello','Coatsworth','Plewes','rplewes2s@imgur.com','644552544','2016-03-03',58),(102,'Bev','Kliemke','Leacock','bleacock2t@jugem.jp','603690135','2014-10-24',16),(103,'Auguste','Fowle','Jahnke','ajahnke2u@meetup.com','634155760','2015-10-20',116),(104,'Ichabod','Unwin','Philbrick','iphilbrick2v@earthlink.net','615654602','2020-02-05',40),(105,'Teirtza','Limpricht','Serfati','tserfati2w@sohu.com','603353044','2018-07-19',55),(106,'Donella','Juszczyk','Eliff','deliff2x@marriott.com','681737772','2022-02-01',125),(107,'Preston','Sleany','Shale','pshale2y@istockphoto.com','618099606','2022-08-15',167),(108,'Nanine','Elcy','Iianon','niianon2z@posterous.com','605325815','2022-04-16',22),(109,'Elora','Ripon','Longland','elongland30@hhs.gov','645397253','2021-01-12',167),(110,'Lilia','Hutchens','Isakson','lisakson31@nytimes.com','686332094','2019-07-28',210),(111,'Sibby','Jizhaki','Boss','sboss32@wikimedia.org','616080269','2021-10-04',210),(112,'Frankie','Cabena','Kerin','fkerin33@webmd.com','600755011','2015-02-03',47),(113,'Addy','Skey','O\'Hannigan','aohannigan34@t-online.de','664214228','2022-09-14',74),(114,'Sandor','Ogg','Kyle','skyle35@ftc.gov','646655578','2020-11-18',99),(115,'Bekki','Wrintmore','Kusick','bkusick36@yandex.ru','608259621','2012-05-03',78),(116,'Melamie','Knightsbridge','Game','mgame37@apache.org','601700737','2012-10-01',188),(117,'Alexander','Komorowski','MacTrustrie','amactrustrie38@fc2.com','646617675','2021-05-22',155),(118,'Nat','Pretswell','Harbron','nharbron39@thetimes.co.uk','649297687','2023-11-18',77),(119,'Belva','Mansell','Huggett','bhuggett3a@hugedomains.com','602984948','2017-01-11',153),(120,'Fenelia','Elgie','Forde','fforde3b@businesswire.com','639421443','2012-12-21',100),(121,'Clarette','Gadsby','Bramsen','cbramsen3c@tmall.com','651695643','2017-05-02',16),(122,'Dorothy','Callar','Learmonth','dlearmonth3d@timesonline.co.uk','662332879','2011-01-11',172),(123,'Welsh','Ottewell','Broscombe','wbroscombe3e@seesaa.net','612568184','2022-01-13',142),(124,'Juieta','Petersen','Sacher','jsacher3f@twitter.com','691173492','2012-03-08',21),(125,'Pennie','Mottershead','Yesichev','pyesichev3g@boston.com','689904502','2017-04-15',190),(126,'Maurise','Bigmore','Dey','mdey3h@facebook.com','644814864','2021-01-22',158),(127,'Edward','Geeritz','Delafoy','edelafoy3i@bbb.org','662207081','2015-11-04',68),(128,'Kit','Glew','Buckie','kbuckie3j@moonfruit.com','692975926','2013-11-18',29),(129,'Izzy','Bowerman','Leeburn','ileeburn3k@alibaba.com','639963970','2012-04-22',176),(130,'Gus','Bentinck','Dudleston','gdudleston3l@ow.ly','654451491','2019-08-14',50),(131,'Maximilien','Kunat','Gibbins','mgibbins3m@cmu.edu','642670593','2015-07-20',210),(132,'Eartha','Fonzone','Spencley','espencley3n@slideshare.net','647506434','2013-12-28',132),(133,'Austina','Salliere','Urry','aurry3o@nytimes.com','688222086','2017-09-23',67),(134,'Devondra','Tappor','Croci','dcroci3p@homestead.com','620966096','2011-05-08',22),(135,'Aurelie','Cuningham','Bilton','abilton3q@istockphoto.com','683676257','2018-06-14',190),(136,'Katy','Penfold','Lewknor','klewknor3r@utexas.edu','620361703','2013-01-06',179),(137,'Ephrem','Gorst','Lown','elown3s@craigslist.org','615405939','2017-05-16',15),(138,'Kerstin','Retchford','Ceeley','kceeley3t@de.vu','655781429','2016-09-14',124),(139,'Derwin','Tease','Potten','dpotten3u@blinklist.com','608926897','2016-09-16',48),(140,'Gladi','Woolfenden','MacDuffie','gmacduffie3v@netlog.com','685458507','2015-06-23',64),(141,'Kordula','Cottrell','Amsberger','kamsberger3w@umn.edu','694515992','2015-01-28',18),(142,'Joete','Bradd','Poundford','jpoundford3x@chronoengine.com','605870865','2011-01-20',54),(143,'Gabe','Silmon','Puttan','gputtan3y@dailymotion.com','642481881','2023-02-24',110),(144,'Crissie','Dundendale','Flinn','cflinn3z@hatena.ne.jp','608310321','2021-04-09',162),(145,'Anatol','Maureen','Slopier','aslopier40@tumblr.com','625828606','2019-05-04',195),(146,'Hans','Tofts','De Simoni','hdesimoni41@paginegialle.it','664334145','2016-01-21',105),(147,'Laurice','Letteresse','Osinin','losinin42@pbs.org','650104602','2021-11-03',142),(148,'Mack','Darville','Norval','mnorval43@statcounter.com','603160232','2020-12-04',134),(149,'Zena','McLarnon','Simacek','zsimacek44@meetup.com','616107909','2016-03-06',128),(150,'Diahann','Mostin','Keeting','dkeeting45@gizmodo.com','605082953','2016-10-25',25),(151,'Alena','Royden','McComb','amccomb46@noaa.gov','663004314','2021-05-26',152),(152,'Toiboid','Carnell','Klisch','tklisch47@usda.gov','675930439','2018-06-02',61),(153,'Merrick','Huffa','Canada','mcanada48@fotki.com','688874744','2018-04-14',193),(154,'Amelia','Gorick','Silkstone','asilkstone49@google.com.au','626860308','2022-08-15',35),(155,'Rowan','Tarburn','Conyer','rconyer4a@redcross.org','660587556','2023-04-29',33),(156,'Bronnie','Bould','Ellingford','bellingford4b@sciencedirect.com','607490879','2014-03-31',114),(157,'Ossie','Garaway','Pelcheur','opelcheur4c@prnewswire.com','632424364','2011-01-17',114),(158,'Alvinia','Cuffley','Fullager','afullager4d@hexun.com','604549917','2011-08-08',147),(159,'Sydney','Beeze','Atter','satter4e@wired.com','635035931','2017-08-10',109),(160,'Dorry','Caghy','Bohden','dbohden4f@nih.gov','656188933','2013-10-31',162),(161,'Almeta','Fagence','Tyres','atyres4g@istockphoto.com','615872467','2023-03-24',213),(162,'Rhys','Hail','Nolder','rnolder4h@hp.com','652837874','2016-10-14',18),(163,'Lianne','Bradley','Toffolo','ltoffolo4i@ifeng.com','666270765','2013-02-01',75),(164,'Rebbecca','Potteril','Penn','rpenn4j@xinhuanet.com','667113924','2017-03-06',154),(165,'Cornela','Bartolozzi','McGiffin','cmcgiffin4k@reverbnation.com','685353809','2019-06-15',38),(166,'Vivia','Kalderon','Greenslade','vgreenslade4l@spotify.com','608256972','2016-09-23',29),(167,'Vere','Goodenough','Colam','vcolam4m@state.tx.us','695180697','2022-03-31',41),(168,'Poul','Nenci','MacKellen','pmackellen4n@fc2.com','680041902','2019-03-26',121),(169,'Ring','Viccary','Larvin','rlarvin4o@narod.ru','692996242','2012-06-10',113),(170,'Dela','Maleham','Kittoe','dkittoe4p@flavors.me','670140488','2015-07-24',80),(171,'Fritz','Antuoni','Wittier','fwittier4q@oaic.gov.au','603518094','2013-03-25',28),(172,'Elisabeth','Setchell','Kibbe','ekibbe4r@go.com','618482727','2018-07-07',93),(173,'Skipton','Lelliott','Croll','scroll4s@sun.com','649608028','2014-09-13',65),(174,'Wren','Capelin','Minette','wminette4t@alexa.com','699978356','2022-07-06',209),(175,'Marje','Bourhill','Nardrup','mnardrup4u@hatena.ne.jp','688544163','2023-05-01',211),(176,'Cassius','Knath','Barbour','cbarbour4v@artisteer.com','694181120','2023-07-15',14),(177,'Cacilie','Guinan','MacCostigan','cmaccostigan4w@list-manage.com','690397629','2020-08-06',71),(178,'Melamie','Harland','Scaice','mscaice4x@liveinternet.ru','632295525','2015-04-20',180),(179,'Ingra','Bartoli','Treacher','itreacher4y@phoca.cz','618607773','2018-06-06',10),(180,'Madelene','Egginson','Verrick','mverrick4z@rambler.ru','621472565','2014-05-30',93),(181,'Burr','Davana','Sarl','bsarl50@nature.com','669904817','2015-12-23',21),(182,'Cozmo','Harberer','Beamish','cbeamish51@ycombinator.com','670989178','2013-05-23',86),(183,'Nicolina','Parminter','Heaphy','nheaphy52@bing.com','698156920','2022-10-09',196),(184,'Tanny','Simmen','Style','tstyle53@wix.com','663964820','2016-06-12',148),(185,'Crin','Swyre','Mulbry','cmulbry54@ed.gov','654522803','2022-06-24',202),(186,'Dania','Foulds','Doelle','ddoelle55@weibo.com','659152383','2021-11-23',11),(187,'Sascha','Edgcumbe','Immins','simmins56@tuttocitta.it','659222757','2019-08-27',160),(188,'Saunderson','Sherston','Gedge','sgedge57@smh.com.au','682998069','2022-10-27',95),(189,'Anstice','Yannoni','Haskur','ahaskur58@ovh.net','602524358','2015-01-16',162),(190,'Steward','Bullimore','Klampt','sklampt59@mit.edu','649980645','2011-02-12',44),(191,'Gregoire','Chatterton','Choppen','gchoppen5a@google.co.jp','666137088','2022-12-08',26),(192,'Jedd','Beckles','Broomhead','jbroomhead5b@free.fr','699100271','2016-09-03',11),(193,'Rubin','Gudger','Richt','rricht5c@angelfire.com','662473456','2012-04-06',23),(194,'Mile','Garlette','Cereceres','mcereceres5d@sun.com','627348553','2014-06-13',190),(195,'Janella','Devine','Stainfield','jstainfield5e@patch.com','610658529','2013-07-29',71),(196,'Barn','Plewman','Lodeke','blodeke5f@amazon.co.uk','672406543','2016-09-28',152),(197,'Joanie','Maestro','Philot','jphilot5g@skyrock.com','661149371','2022-06-24',152),(198,'Clark','Franzewitch','Bortoletti','cbortoletti5h@aol.com','649986885','2012-08-24',27),(199,'Alaine','Dowker','Aberkirdo','aaberkirdo5i@etsy.com','683910997','2019-10-19',205),(200,'Lorette','Ratcliffe','Kunzelmann','lkunzelmann5j@g.co','632492397','2021-01-04',69),(201,'Ester','Chuck','Granham','egranham5k@livejournal.com','612199997','2012-10-15',176),(202,'Shalne','Tolfrey','Surman','ssurman5l@howstuffworks.com','625989439','2013-12-08',73),(203,'Albertina','Mandrake','Nulty','anulty5m@reverbnation.com','637508621','2019-12-28',43),(204,'Doe','Spurgin','Dumphry','ddumphry5n@github.io','613751207','2011-06-14',99),(205,'Faythe','Polini','MacClancey','fmacclancey5o@unblog.fr','695086172','2014-04-22',162),(206,'Raff','Callcott','Tocknell','rtocknell5p@indiegogo.com','687917086','2019-09-29',78),(207,'Urson','Pinney','Prosser','uprosser5q@xing.com','642521391','2020-04-08',84),(208,'Pet','Matzl','Dillingham','pdillingham5r@columbia.edu','632923645','2021-07-26',21),(209,'Robinett','Roundtree','Pifford','rpifford5s@t-online.de','665692995','2019-09-17',7),(210,'Jonie','Loyndon','Gullan','jgullan5t@devhub.com','665053196','2013-07-22',27),(211,'Reinhard','Giovannini','Shelmardine','rshelmardine5u@elegantthemes.com','639917552','2016-03-31',54),(212,'Carlos','Abbs','Stokell','cstokell5v@reference.com','633373417','2014-01-12',17),(213,'Darnall','Fries','Kmicicki','dkmicicki5w@scribd.com','681751614','2022-02-19',67),(214,'Juli','Schieferstein','Lean','jlean5x@nasa.gov','615132795','2011-06-13',67),(215,'Jo','Alessandrelli','Pattlel','jpattlel5y@google.it','605721636','2017-05-11',4),(216,'Gan','Grocock','Fearn','gfearn5z@dion.ne.jp','695471255','2019-03-23',30),(217,'Lory','Collie','Casetta','lcasetta60@dropbox.com','635113793','2023-12-07',3),(218,'Alexine','Mangion','Loades','aloades61@gizmodo.com','649466604','2017-09-03',160),(219,'Pippo','Petras','Broyd','pbroyd62@scientificamerican.com','620898822','2023-07-13',38),(220,'West','de Keep','Darrington','wdarrington63@1und1.de','636264412','2011-10-18',109),(221,'Jolie','Osband','St. Louis','jstlouis64@prlog.org','656324215','2023-10-06',35),(222,'Wilma','Breese','MacAllister','wmacallister65@pinterest.com','610772113','2020-10-17',81),(223,'Em','Mays','Sibbons','esibbons66@mozilla.org','687778752','2019-02-15',160),(224,'Pierson','Blind','Carrane','pcarrane67@miibeian.gov.cn','601476674','2020-02-17',155),(225,'Rosemonde','Greenlies','Stubbley','rstubbley68@so-net.ne.jp','620543008','2015-01-25',166),(226,'Bret','Abbey','Portis','bportis69@google.es','670965444','2019-10-04',113),(227,'Maddie','Faughey','Haggath','mhaggath6a@sourceforge.net','611327134','2024-01-14',6),(228,'Gare','Piel','Thomlinson','gthomlinson6b@arizona.edu','616114566','2016-08-02',4),(229,'Licha','Gianettini','Wybern','lwybern6c@ocn.ne.jp','665420034','2012-09-05',81),(230,'Lonnie','Scargill','Georgeon','lgeorgeon6d@usatoday.com','687721086','2013-10-03',48),(231,'Frederik','Wisniewski','Drains','fdrains6e@multiply.com','607479636','2020-07-24',194),(232,'Loise','Baiyle','Dunsmore','ldunsmore6f@so-net.ne.jp','640581725','2011-05-12',139),(233,'Leicester','De Maria','Yurocjkin','lyurocjkin6g@ning.com','655515238','2023-03-26',199),(234,'Ethan','Radsdale','Thynn','ethynn6h@telegraph.co.uk','690477954','2017-02-15',163),(235,'Nedi','Corson','Aherne','naherne6i@jalbum.net','609127993','2022-08-30',63),(236,'Annabal','Dockree','Geydon','ageydon6j@ezinearticles.com','686230475','2015-11-22',55),(237,'Vera','Jancik','Willmot','vwillmot6k@google.ca','635479630','2020-12-28',53),(238,'Marga','Noli','Doig','mdoig6l@ihg.com','609157631','2023-12-09',195),(239,'Aubrette','Huetson','Amdohr','aamdohr6m@squidoo.com','672573364','2021-02-16',45),(240,'Pauline','Oddey','Maginot','pmaginot6n@google.es','643261205','2021-10-16',117),(241,'Agata','Tretter','Tortoishell','atortoishell6o@barnesandnoble.com','667827158','2020-07-29',104),(242,'Gustavus','Corck','Draxford','gdraxford6p@myspace.com','610757166','2012-11-10',65),(243,'Bendick','Walls','Cristofori','bcristofori6q@umich.edu','627097057','2018-09-12',212),(244,'Joanna','Lindeman','Sherlock','jsherlock6r@constantcontact.com','605854951','2013-02-24',59),(245,'Charleen','Stigers','Bentzen','cbentzen6s@theguardian.com','652985523','2019-09-16',183),(246,'Fabe','Bascombe','Braben','fbraben6t@xing.com','685686852','2018-06-19',163),(247,'Erinna','Vlasyuk','Everist','eeverist6u@google.de','648762108','2021-02-14',15),(248,'Vernon','Gormally','Klimas','vklimas6v@people.com.cn','604263632','2018-09-07',167),(249,'Alica','Leggs','Proudler','aproudler6w@businessinsider.com','646030372','2011-04-27',43),(250,'Thornton','Hafner','Manders','tmanders6x@bluehost.com','675674019','2015-12-06',166),(251,'Yorgos','Alywen','Cockson','ycockson6y@wikipedia.org','618990372','2023-06-13',151),(252,'Ritchie','Barbe','Naismith','rnaismith6z@mapquest.com','607205758','2017-07-22',174),(253,'Alvinia','Gaudin','Sainte Paul','asaintepaul70@indiegogo.com','664542197','2023-02-20',37),(254,'Tirrell','Pitceathly','Faithfull','tfaithfull71@quantcast.com','653609454','2013-10-28',178),(255,'Orel','Hofner','Leah','oleah72@baidu.com','606850343','2015-06-18',176),(256,'Perrine','Allaway','Snelgar','psnelgar73@geocities.jp','631068889','2013-09-09',176),(257,'Lucretia','Keppy','Pennazzi','lpennazzi74@newyorker.com','621884993','2016-06-30',37),(258,'Leland','Lodovichi','Gorham','lgorham75@reuters.com','646865006','2020-11-12',209),(259,'Merline','Healing','Joddins','mjoddins76@furl.net','694719884','2020-05-17',114),(260,'Shannen','Groundwator','Yacob','syacob77@twitter.com','626357544','2018-05-30',66),(261,'Herb','Heading','Dabell','hdabell78@desdev.cn','643604598','2022-06-06',80),(262,'Shanda','Jeakins','Cumberledge','scumberledge79@archive.org','688394923','2023-12-31',35),(263,'Franklyn','D\'Souza','Kierans','fkierans7a@freewebs.com','657670454','2020-11-12',200),(264,'Alie','Alenichev','McAlester','amcalester7b@washingtonpost.com','605903477','2020-06-08',94),(265,'Jude','Stears','Layfield','jlayfield7c@mapquest.com','670021021','2022-02-26',25),(266,'Carolina','Bartholomaus','Keese','ckeese7d@theguardian.com','622337603','2018-02-01',37),(267,'Stuart','Lergan','Cockson','scockson7e@cnbc.com','674853248','2022-09-02',184),(268,'Heather','Cullerne','Weine','hweine7f@so-net.ne.jp','649610693','2013-05-22',69),(269,'Julie','Pennetta','Enright','jenright7g@zdnet.com','612797697','2017-07-11',77),(270,'Fayina','Glavin','Wagg','fwagg7h@qq.com','621867058','2015-11-14',62),(271,'Cornie','Hay','Sherebrooke','csherebrooke7i@arizona.edu','664979709','2023-09-08',184),(272,'Wynne','Labes','Packington','wpackington7j@bing.com','642470468','2023-01-24',28),(273,'Graham','Delcastel','Miall','gmiall7k@github.com','684811136','2013-01-28',188),(274,'Lorelei','McDermott-Row','Grimsell','lgrimsell7l@cloudflare.com','668985694','2020-05-05',182),(275,'Vincents','McGeagh','Aggott','vaggott7m@indiegogo.com','697459662','2018-05-19',66),(276,'Emlyn','Dennes','Cochern','ecochern7n@nasa.gov','602285869','2018-11-24',167),(277,'Tod','Jersch','Wallentin','twallentin7o@joomla.org','638525567','2014-05-02',137),(278,'Davie','Grealy','Scimone','dscimone7p@cbslocal.com','686740761','2018-03-06',43),(279,'Bradford','Halwood','Howgate','bhowgate7q@google.com.br','660328849','2015-05-18',21),(280,'Ulrikaumeko','Glowacha','MacGilrewy','umacgilrewy7r@unblog.fr','617734367','2023-05-16',184),(281,'Vivi','Garfit','Geipel','vgeipel7s@friendfeed.com','635775242','2017-08-01',1),(282,'Erik','Woodcock','Turone','eturone7t@squidoo.com','678717496','2017-09-29',1),(283,'Hanan','Lidgey','Wille','hwille7u@arizona.edu','683462495','2014-01-05',188),(284,'Saba','Tincknell','Cockings','scockings7v@bloglines.com','639415432','2011-05-16',199),(285,'Mill','Cumber','Dany','mdany7w@berkeley.edu','604828778','2015-12-17',192),(286,'Randee','De Banke','Carlucci','rcarlucci7x@blogs.com','600567780','2023-12-06',200),(287,'Kelsey','Pink','Ahrens','kahrens7y@cpanel.net','694067252','2019-09-06',155),(288,'Antonina','Pencost','Gerrard','agerrard7z@washington.edu','639535203','2020-09-05',101),(289,'Paola','McDavitt','Niccols','pniccols80@wix.com','691601996','2014-06-17',158),(290,'Adelind','Elis','Vakhlov','avakhlov81@theguardian.com','660778297','2013-09-01',24),(291,'Timothee','Swan','Tejada','ttejada82@sbwire.com','629754165','2024-02-27',142),(292,'Norry','Caulliere','Frosdick','nfrosdick83@ebay.com','656976932','2013-01-29',142),(293,'Rancell','Brittin','Cheeld','rcheeld84@cpanel.net','614765524','2023-07-19',75),(294,'Libby','Bowich','Esilmon','lesilmon85@rediff.com','612143048','2020-01-09',40),(295,'Jerrome','Benedek','Di Franceshci','jdifranceshci86@angelfire.com','670638346','2021-09-27',197),(296,'Blondell','Fautley','Perigo','bperigo87@miitbeian.gov.cn','664263120','2013-11-23',81),(297,'Clemens','Driscoll','O\'Lunney','colunney88@howstuffworks.com','691219274','2020-08-04',13),(298,'Juieta','Presley','Locarno','jlocarno89@samsung.com','688754148','2021-09-24',76),(299,'Cleavland','Perry','Hogbin','chogbin8a@ucoz.ru','617753027','2018-10-25',40),(300,'Walther','Zapatero','Cruce','wcruce8b@ibm.com','613574494','2023-11-08',165),(301,'Dulcy','Kingswood','Hitzke','dhitzke8c@chronoengine.com','652633132','2015-10-18',180),(302,'Margette','Ensor','Carless','mcarless8d@scientificamerican.com','636662638','2014-09-22',167),(303,'Goran','Ronan','McQuilty','gmcquilty8e@ask.com','648233705','2017-03-27',181),(304,'Vitoria','Gehricke','Redfearn','vredfearn8f@sitemeter.com','613535981','2022-11-04',115),(305,'Eada','Masterman','Moscone','emoscone8g@addtoany.com','670676528','2021-06-17',78),(306,'Daffie','Scotfurth','Cruwys','dcruwys8h@list-manage.com','657099487','2017-11-24',196),(307,'Judd','Alderson','Trengrove','jtrengrove8i@businesswire.com','699404796','2011-12-12',21),(308,'Wenona','Cunnow','Millgate','wmillgate8j@youtu.be','664024368','2016-08-25',204),(309,'Heath','Caughte','Skule','hskule8k@mac.com','691433650','2020-01-02',207),(310,'Olvan','Scarre','Switsur','oswitsur8l@ft.com','643855889','2021-06-04',74),(311,'Paxon','Haysham','Lawlings','plawlings8m@prlog.org','600122625','2023-11-01',131),(312,'Orazio','Jobling','Ceyssen','oceyssen8n@ca.gov','632508792','2014-01-28',168),(313,'Bertha','Byars','Gaisford','bgaisford8o@domainmarket.com','692211258','2012-06-04',107),(314,'Kelcey','Yuryshev','Breston','kbreston8p@myspace.com','675050707','2024-02-10',102),(315,'Frederigo','Hargrave','Piff','fpiff8q@accuweather.com','616271556','2014-02-05',171),(316,'Oriana','Schneidau','Stow','ostow8r@mapquest.com','681407034','2020-08-19',121),(317,'Sauncho','Blueman','Butteris','sbutteris8s@deviantart.com','632365344','2012-04-26',151),(318,'Hart','Hanne','Sarfat','hsarfat8t@un.org','607951663','2017-12-26',123),(319,'Gram','Izchaki','Dongate','gdongate8u@squarespace.com','608451096','2015-09-03',40),(320,'Carie','Schroter','Lintot','clintot8v@webmd.com','637435260','2019-04-11',46),(321,'Chad','Crickmoor','Howling','chowling8w@examiner.com','644958255','2021-07-04',35),(322,'Shawn','Rigden','Arrow','sarrow8x@blogtalkradio.com','656983987','2015-10-19',117),(323,'Babbette','Benley','Etherington','betherington8y@twitpic.com','654161199','2018-04-03',19),(324,'Oates','Welband','Coultish','ocoultish8z@artisteer.com','688099640','2017-02-09',66),(325,'Wendel','Sirman','Checkley','wcheckley90@weather.com','696958454','2022-04-01',43),(326,'Reiko','Stileman','Ramalhete','rramalhete91@icio.us','614123362','2021-10-11',179),(327,'Cullan','Witnall','Dorset','cdorset92@hp.com','622168020','2021-05-17',168),(328,'Elyssa','Couronne','Zanni','ezanni93@columbia.edu','672722266','2023-07-06',2),(329,'Dorey','Bugdell','Fretwell','dfretwell94@rakuten.co.jp','680275175','2021-01-15',38),(330,'Vivianne','Choak','Jelphs','vjelphs95@histats.com','666492196','2019-04-30',204),(331,'Leonelle','Vaun','Bastistini','lbastistini96@hc360.com','673876074','2021-10-26',170),(332,'Tildi','Capewell','Fremantle','tfremantle97@hp.com','604400510','2017-06-18',37),(333,'Sanford','Brearley','Kemish','skemish98@loc.gov','647005101','2011-04-09',185),(334,'Richardo','Lathwell','Heustace','rheustace99@usatoday.com','682753054','2015-03-01',69),(335,'Aldon','Fraczek','de Guise','adeguise9a@gov.uk','638689124','2015-07-27',86),(336,'Robb','Tyhurst','Boorne','rboorne9b@xrea.com','691376355','2017-08-24',115),(337,'Floria','Mueller','Breheny','fbreheny9c@google.com','651412476','2013-06-07',187),(338,'Patricio','Wimsett','Ryhorovich','pryhorovich9d@naver.com','689406255','2023-09-15',25),(339,'Allin','Fittes','Skeat','askeat9e@g.co','658483143','2017-06-29',213),(340,'Candace','Kilduff','Corneljes','ccorneljes9f@mit.edu','653584057','2014-08-21',33),(341,'Hadlee','Kordova','Pingstone','hpingstone9g@cbslocal.com','684561253','2014-03-02',161),(342,'Steffen','Allonby','Stemp','sstemp9h@360.cn','633273847','2022-10-07',33),(343,'Janeen','Hanse','Tonsley','jtonsley9i@theatlantic.com','633642259','2018-05-09',69),(344,'Wilek','Cavet','Longridge','wlongridge9j@elegantthemes.com','620407488','2021-07-06',63),(345,'Parke','Moncreiff','Sommerlin','psommerlin9k@si.edu','651017212','2013-04-09',47),(346,'Horatius','Weir','Laborde','hlaborde9l@redcross.org','643594691','2014-08-06',66),(347,'Rosalind','Royle','Bartolozzi','rbartolozzi9m@netlog.com','604809243','2012-06-24',49),(348,'Othella','Rosson','Carcas','ocarcas9n@guardian.co.uk','630882489','2013-05-07',154),(349,'Nolie','Aird','Klaus','nklaus9o@xrea.com','651215893','2021-01-21',61),(350,'Selig','Scarse','Vynall','svynall9p@github.io','681989753','2018-01-09',130),(351,'Rolland','Kenchington','Pladen','rpladen9q@indiegogo.com','642463438','2015-07-12',174),(352,'Cary','Hoofe','Judron','cjudron9r@reuters.com','660908155','2018-01-12',82),(353,'Eirena','Adlard','Emps','eemps9s@usatoday.com','673513734','2011-04-22',99),(354,'Nancee','Johnke','Perigoe','nperigoe9t@discovery.com','608956314','2016-09-07',70),(355,'Nisse','Antonioni','Masterman','nmasterman9u@barnesandnoble.com','685811558','2022-04-27',198),(356,'Farly','Askew','Ponde','fponde9v@oakley.com','697317639','2013-04-19',21),(357,'Siana','Jordan','Alfonsetti','salfonsetti9w@state.gov','623730407','2014-03-12',53),(358,'Helen-elizabeth','Bellay','Stoodale','hstoodale9x@bbc.co.uk','690145539','2019-07-28',96),(359,'Emmet','Shewring','Masser','emasser9y@bbc.co.uk','651228814','2023-08-22',200),(360,'Brit','Bonnesen','Zolini','bzolini9z@baidu.com','659331483','2013-08-23',179),(361,'Cullin','McKeeman','Devitt','cdevitta0@fastcompany.com','685838380','2019-09-25',120),(362,'Janeczka','Kellie','Lapish','jlapisha1@google.cn','650715764','2017-11-28',56),(363,'Sophia','Wibrow','Grocock','sgrococka2@blinklist.com','654400030','2017-12-06',111),(364,'Elicia','Seleway','Antonacci','eantonaccia3@arizona.edu','638205113','2015-06-28',39),(365,'Hakim','Raittie','Heersma','hheersmaa4@shop-pro.jp','648094413','2021-05-25',138),(366,'Linda','Barneville','Hirth','lhirtha5@rambler.ru','628118167','2017-02-24',15),(367,'Earl','Poter','Dun','eduna6@sciencedaily.com','617733905','2016-05-05',81),(368,'Niccolo','Salzberger','Brammer','nbrammera7@alibaba.com','623502033','2020-11-16',167),(369,'Chelsea','Yourell','Gwyneth','cgwynetha8@admin.ch','605886261','2023-04-09',163),(370,'Madge','Lamond','Mallall','mmallalla9@cbc.ca','663137163','2019-09-08',41),(371,'Elise','Mersey','Burling','eburlingaa@surveymonkey.com','692112115','2023-06-25',34),(372,'Charin','Le Noire','Jewer','cjewerab@cargocollective.com','629564171','2017-10-09',78),(373,'Toddie','Springthorpe','Leverich','tleverichac@flickr.com','680310107','2015-05-22',112),(374,'Evy','Weblin','Goad','egoadad@thetimes.co.uk','663649784','2012-07-19',68),(375,'Jessamyn','Langmaid','Sterzaker','jsterzakerae@chron.com','650208706','2015-04-21',126),(376,'Mercy','Gronou','Dursley','mdursleyaf@myspace.com','684581821','2019-08-16',156),(377,'Brittni','Ashley','Forrestall','bforrestallag@diigo.com','681400247','2022-02-12',119),(378,'Minor','O\'Fergus','Bounde','mboundeah@china.com.cn','676852715','2015-06-13',117),(379,'Sheilah','Slessar','Fencott','sfencottai@dmoz.org','619487001','2013-06-25',179),(380,'Maribelle','Yarnold','Kalinovich','mkalinovichaj@studiopress.com','609323397','2017-05-07',214),(381,'Herschel','Grishanov','McMichan','hmcmichanak@ifeng.com','601865708','2012-08-01',43),(382,'Brand','Clemenza','Redmain','bredmainal@parallels.com','694698723','2017-05-11',27),(383,'Ringo','Morgue','Garrit','rgarritam@mozilla.org','685221431','2011-09-28',40),(384,'Juieta','Annesley','Thurborn','jthurbornan@merriam-webster.com','686055423','2016-03-06',34),(385,'Gonzales','Windous','Pawlata','gpawlataao@topsy.com','613264381','2016-06-06',174),(386,'Priscilla','Mathieson','Bertolin','pbertolinap@scribd.com','615903154','2014-11-18',183),(387,'Chadd','Winterburn','Bravington','cbravingtonaq@chron.com','653355039','2012-05-25',163),(388,'Phillie','Gregoratti','Gritsaev','pgritsaevar@webnode.com','689139826','2015-05-30',43),(389,'Killy','Druitt','Gratrix','kgratrixas@wikispaces.com','675072978','2017-08-04',38),(390,'Erv','Weal','Tree','etreeat@dmoz.org','699506728','2024-02-23',74),(391,'Jasmin','Ealles','Cammack','jcammackau@usgs.gov','664484501','2017-02-23',87),(392,'Garland','Brose','Pitkin','gpitkinav@nps.gov','682659418','2020-01-01',181),(393,'Candide','Raynes','Kurtis','ckurtisaw@usnews.com','693197114','2020-07-10',93),(394,'Britney','Devonish','Stables','bstablesax@sitemeter.com','654256640','2022-01-18',111),(395,'Fonsie','MacIntyre','Merchant','fmerchantay@hexun.com','626816211','2019-07-23',140),(396,'Ardelia','Sunderland','Sexcey','asexceyaz@booking.com','603534065','2022-12-27',3),(397,'Godart','Llop','Frank','gfrankb0@army.mil','618169012','2020-01-07',94),(398,'Faye','O\'Noulane','Toombs','ftoombsb1@kickstarter.com','643942141','2020-09-19',27),(399,'Hermina','Dzenisenka','Petrulis','hpetrulisb2@drupal.org','653013011','2015-01-28',136),(400,'Cecilio','Pyvis','Lloyd','clloydb3@cocolog-nifty.com','659611694','2020-02-02',9),(401,'Rriocard','Hallagan','Clemmens','rclemmensb4@dot.gov','616278577','2019-07-16',167),(402,'Hadrian','Dixie','Dankersley','hdankersleyb5@psu.edu','616297008','2023-03-25',118),(403,'Kleon','Summons','McElroy','kmcelroyb6@jimdo.com','615508791','2013-05-08',179),(404,'Leanor','Lyon','Fritchly','lfritchlyb7@bbc.co.uk','687742646','2012-03-03',159),(405,'Gregorio','Lalevee','Hogben','ghogbenb8@msu.edu','658558097','2016-12-02',92),(406,'Gerty','Valti','Lamperti','glampertib9@hao123.com','670712874','2012-12-06',114),(407,'Norean','Normanvill','Martinelli','nmartinelliba@yolasite.com','650785208','2022-11-23',126),(408,'Stormy','Radband','Rounce','srouncebb@un.org','601053024','2021-06-09',203),(409,'Silvana','MacKilroe','Pinnell','spinnellbc@printfriendly.com','606521088','2019-12-22',166),(410,'Mariejeanne','Capenor','Mullard','mmullardbd@seesaa.net','667597844','2011-11-23',202),(411,'Maryl','Lipman','Savell','msavellbe@psu.edu','682483526','2014-11-19',114),(412,'Christie','Hoff','Georgeson','cgeorgesonbf@state.gov','646233119','2013-12-14',105),(413,'Julietta','Asp','Lower','jlowerbg@ebay.com','658029683','2013-11-16',132),(414,'Iggy','Jacobson','Kindle','ikindlebh@hatena.ne.jp','682052024','2018-10-26',127),(415,'Adrea','Palumbo','Shieber','ashieberbi@lycos.com','662632847','2014-05-02',187),(416,'Benny','January','Moseley','bmoseleybj@umich.edu','638227999','2014-03-13',149),(417,'Starlin','Goodband','Mabson','smabsonbk@multiply.com','677258414','2016-06-04',109),(418,'Hertha','Hoyle','Deport','hdeportbl@ameblo.jp','664737853','2021-02-21',169),(419,'Dorey','Szymonwicz','Mullin','dmullinbm@barnesandnoble.com','616094702','2018-08-03',103),(420,'Kinna','MacGray','Semorad','ksemoradbn@is.gd','620843284','2013-07-08',201),(421,'Rene','McKniely','Van den Dael','rvandendaelbo@infoseek.co.jp','639797287','2013-03-11',142),(422,'Jinny','Strain','Rawsen','jrawsenbp@bbb.org','699358824','2020-09-11',24),(423,'Son','Birden','Tenwick','stenwickbq@wix.com','633444316','2011-03-25',6),(424,'Tiertza','Doberer','Groundwator','tgroundwatorbr@mac.com','679564912','2019-11-10',58),(425,'Heidi','Grebbin','Banisch','hbanischbs@clickbank.net','627882366','2021-03-18',139),(426,'Piper','Labon','Dowgill','pdowgillbt@eepurl.com','695080256','2020-10-12',10),(427,'Shaylynn','Whyatt','Cronchey','scroncheybu@umn.edu','602407873','2015-08-28',134),(428,'Rivy','Leetham','Rydzynski','rrydzynskibv@histats.com','697774966','2017-01-22',154),(429,'Jock','Elders','Dislee','jdisleebw@hatena.ne.jp','645007752','2017-05-22',183),(430,'Alasdair','Gilston','Cowing','acowingbx@gov.uk','618270830','2022-01-22',105),(431,'Jenilee','Eichmann','Rhelton','jrheltonby@devhub.com','676759540','2020-08-20',180),(432,'Pegeen','Arp','Dearnley','pdearnleybz@cisco.com','662169152','2019-12-27',67),(433,'Marylee','Abbyss','Geeve','mgeevec0@archive.org','650405859','2012-08-14',188),(434,'Boote','Kedslie','Milbourne','bmilbournec1@skyrock.com','609768189','2012-11-10',155),(435,'Ingemar','Baggallay','Matous','imatousc2@woothemes.com','656199562','2023-12-15',195),(436,'Elfrieda','Husbands','Archer','earcherc3@dell.com','638870687','2021-10-20',169),(437,'Merrill','Rupke','Auger','maugerc4@thetimes.co.uk','684515005','2021-06-04',4),(438,'Larina','Chishull','Malmar','lmalmarc5@goodreads.com','685801829','2021-02-03',167),(439,'Sanford','Luquet','Shevell','sshevellc6@seattletimes.com','685296170','2021-11-27',99),(440,'Shelley','Spinnace','Banasik','sbanasikc7@hao123.com','692757600','2015-09-06',15),(441,'Agneta','Baraja','Blackler','ablacklerc8@elpais.com','621095077','2018-11-12',207),(442,'Sidnee','Bestall','Gawthrop','sgawthropc9@issuu.com','694888659','2023-05-25',77),(443,'Alaster','Slaght','Bento','abentoca@whitehouse.gov','658806763','2020-12-22',169),(444,'Ross','Whapples','Paffitt','rpaffittcb@businessinsider.com','695662984','2020-03-06',9),(445,'Neal','Eisold','Fatharly','nfatharlycc@statcounter.com','678108985','2022-05-07',211),(446,'Ermin','Readmire','Meek','emeekcd@linkedin.com','674070662','2013-10-08',165),(447,'Dorothy','Bennington','Saffran','dsaffrance@aol.com','634526695','2024-01-20',23),(448,'Orbadiah','Purcer','Getley','ogetleycf@bloglines.com','675034908','2013-09-11',81),(449,'Curcio','Leahey','Roistone','croistonecg@yellowpages.com','625804515','2013-06-12',13),(450,'Vincent','Vedishchev','Brant','vbrantch@irs.gov','656792628','2017-05-16',20),(451,'Jasmin','Kavanagh','Yegorovnin','jyegorovninci@ibm.com','626328080','2021-10-24',72),(452,'Niki','Newcombe','Clemerson','nclemersoncj@delicious.com','685290746','2015-11-01',70),(453,'Cecilla','Crighton','Timbridge','ctimbridgeck@hatena.ne.jp','630627624','2015-09-21',171),(454,'Lacie','Cleere','Ramshaw','lramshawcl@google.cn','628508121','2024-02-19',200),(455,'Donnamarie','Sonley','Hallet','dhalletcm@google.de','649004956','2020-02-28',135),(456,'Gustavo','Kivell','Harriman','gharrimancn@reddit.com','621299199','2017-07-06',126),(457,'Adena','Mathely','Guerreru','aguerreruco@imdb.com','623818712','2012-10-30',4),(458,'Sheelagh','Brady','Rudram','srudramcp@yale.edu','685995369','2022-03-23',183),(459,'Barnebas','Davidovics','Semonin','bsemonincq@bandcamp.com','666837613','2020-12-05',74),(460,'Bab','Aslott','Nottingam','bnottingamcr@webeden.co.uk','623841004','2014-04-08',10),(461,'Janice','Donan','Mustoe','jmustoecs@desdev.cn','605723365','2022-11-01',197),(462,'Thebault','Bissell','Lohde','tlohdect@uol.com.br','621837004','2020-06-28',95),(463,'Mela','Hinchshaw','Fugere','mfugerecu@washingtonpost.com','627934487','2015-01-03',114),(464,'Aylmer','Shelmardine','Placido','aplacidocv@si.edu','604745210','2017-01-01',18),(465,'Ophelia','Flea','Dunsleve','odunslevecw@seesaa.net','683201276','2013-03-09',68),(466,'Ervin','Berggren','Gooday','egoodaycx@dailymail.co.uk','699002453','2023-08-31',130),(467,'Katalin','Cahen','Flaverty','kflavertycy@jugem.jp','606591019','2014-03-10',176),(468,'Daveen','Dyte','O\'Sharkey','dosharkeycz@uol.com.br','686902243','2022-12-07',62),(469,'Brendin','Elgey','Illyes','billyesd0@over-blog.com','620638260','2020-09-01',81),(470,'Julie','Machen','Branscomb','jbranscombd1@wikia.com','646595185','2015-05-20',211),(471,'Petey','Pinxton','Gregan','pgregand2@irs.gov','689833104','2019-07-07',173),(472,'Lawrence','Mulmuray','Brass','lbrassd3@jigsy.com','621914331','2012-04-12',78),(473,'Darin','Gilbart','Robins','drobinsd4@sakura.ne.jp','603986646','2016-04-18',191),(474,'Angel','Bougourd','Eveling','aevelingd5@people.com.cn','680709569','2014-10-30',135),(475,'Abigail','Worts','McAndrew','amcandrewd6@reddit.com','688706994','2011-05-24',211),(476,'Bernetta','Pantin','Truett','btruettd7@addtoany.com','607370455','2013-04-04',87),(477,'Lorelle','Landy','Rash','lrashd8@exblog.jp','639397276','2018-12-30',100),(478,'Salome','Bazely','Caen','scaend9@sogou.com','657589251','2012-08-08',109),(479,'Donalt','Beebis','Gianetti','dgianettida@1und1.de','694239524','2019-11-15',120),(480,'Rici','Tessington','Sorrill','rsorrilldb@cafepress.com','653256300','2020-07-06',20),(481,'Ora','Debney','Attoe','oattoedc@homestead.com','609583553','2014-08-07',190),(482,'Doll','Cridlan','Lergan','dlergandd@dailymotion.com','690708481','2017-05-14',16),(483,'Tory','Boncoeur','Cantillion','tcantillionde@hubpages.com','612875702','2012-05-20',13),(484,'Trixi','Grayland','Winterbourne','twinterbournedf@slashdot.org','655324658','2017-12-03',152),(485,'Jephthah','Claypole','Gomersall','jgomersalldg@wikimedia.org','673638199','2016-10-31',137),(486,'Thaddus','Ansill','Eisak','teisakdh@reverbnation.com','650200658','2022-05-14',31),(487,'Athena','Maylam','Brandel','abrandeldi@eepurl.com','656444984','2015-06-07',169),(488,'Doe','Podmore','Gidney','dgidneydj@ameblo.jp','653119344','2020-01-02',55),(489,'Shina','Junkin','Trevethan','strevethandk@acquirethisname.com','669976485','2014-03-26',210),(490,'Erna','Bradshaw','Stribling','estriblingdl@dmoz.org','696692427','2011-09-04',153),(491,'Frasquito','Jodrellec','Yegorkin','fyegorkindm@weebly.com','669092594','2015-05-16',165),(492,'Panchito','Spawforth','Caldairou','pcaldairoudn@cbslocal.com','662938971','2014-04-26',89),(493,'Gay','Rowsell','Feria','gferiado@flickr.com','678882547','2013-04-18',11),(494,'Wit','Briddock','Brighouse','wbrighousedp@comcast.net','649525940','2021-07-19',164),(495,'Audre','Grishaev','Swires','aswiresdq@apache.org','623131201','2021-06-29',23),(496,'Marleen','Rutty','Bryers','mbryersdr@google.com','695508775','2012-08-14',93),(497,'Tamma','Branchflower','Shilleto','tshilletods@statcounter.com','609909049','2014-10-07',109),(498,'Alonso','Lamb','Aujouanet','aaujouanetdt@jimdo.com','621162676','2021-02-22',6),(499,'Belvia','Georg','Henningham','bhenninghamdu@sakura.ne.jp','603401612','2014-06-04',16),(500,'Albrecht','Patsall','Durnall','adurnalldv@alexa.com','609650806','2016-04-18',193),(501,'Curtis','McElrea','Ricciardello','cricciardellodw@pagesperso-orange.fr','666155704','2019-08-03',89),(502,'Rees','Peacock','Healing','rhealingdx@squidoo.com','602385233','2017-07-30',212),(503,'Shelley','Snugg','Orniz','sornizdy@google.it','646008867','2024-02-04',164),(504,'Emmit','Fishley','Sivyer','esivyerdz@google.pl','659271145','2014-12-31',204),(505,'Una','Deards','Windrum','uwindrume0@accuweather.com','603862062','2019-01-23',209),(506,'Simon','Bathurst','Paul','spaule1@cbsnews.com','609356857','2011-02-03',33),(507,'Darelle','Vondrak','Splaven','dsplavene2@about.com','651100179','2017-05-06',94),(508,'Law','McCahill','Miller','lmillere3@people.com.cn','699681615','2021-04-23',66),(509,'Dani','Cutmore','O\'Cahsedy','docahsedye4@hud.gov','654782619','2015-02-20',110),(510,'Cilka','Baildon','Fewkes','cfewkese5@hugedomains.com','643158388','2020-02-14',210),(511,'Peyton','Arthey','Attride','pattridee6@myspace.com','692381727','2019-09-14',92),(512,'Carmelia','Huthart','Applebee','capplebeee7@google.cn','618327851','2024-01-11',70),(513,'Ernestus','Kilshaw','Sutherley','esutherleye8@is.gd','699576432','2013-10-11',116),(514,'Harvey','Okill','Hinks','hhinkse9@bloglovin.com','630808103','2017-10-20',149),(515,'Bron','Konig','Courage','bcourageea@ox.ac.uk','649312107','2014-11-08',32),(516,'Ambrosio','Bartoli','Haldin','ahaldineb@stanford.edu','642750510','2019-09-10',44),(517,'Ginnifer','Markwick','Higgen','ghiggenec@cnbc.com','688542399','2015-08-03',125),(518,'Pate','Readhead','Rizzardo','prizzardoed@soup.io','631970374','2011-11-19',153),(519,'Jayme','Agirre','Rainer','jraineree@oaic.gov.au','619845107','2017-11-22',14),(520,'Alexandre','Emmitt','Smallcomb','asmallcombef@shutterfly.com','634074914','2017-03-06',108),(521,'Wendell','Vigar','Stoggell','wstoggelleg@comcast.net','670918611','2018-05-09',190),(522,'Dionne','Rummins','McDermid','dmcdermideh@dailymail.co.uk','685345640','2013-05-01',69),(523,'Cello','Samudio','Rosenberg','crosenbergei@quantcast.com','668512997','2012-11-26',43),(524,'Genevieve','Walenta','Bartkowiak','gbartkowiakej@wufoo.com','644615137','2016-09-15',44),(525,'Minnnie','Witsey','Beers','mbeersek@quantcast.com','643259636','2021-06-13',143),(526,'Shannon','Elner','Winman','swinmanel@sitemeter.com','604889568','2015-01-28',97),(527,'Jeanine','Kembery','Schutter','jschutterem@smugmug.com','691319711','2015-06-15',191),(528,'Tan','Westmancoat','Betton','tbettonen@toplist.cz','630805872','2013-06-20',200),(529,'Pier','Lafontaine','Edgin','pedgineo@creativecommons.org','608558756','2012-11-28',177),(530,'Katerine','Margery','Biddlestone','kbiddlestoneep@vistaprint.com','615167135','2019-06-12',158),(531,'Yves','Heaseman','Radwell','yradwelleq@unesco.org','602511254','2011-05-24',147),(532,'Issie','Whitemarsh','Domnick','idomnicker@canalblog.com','639152023','2018-11-04',48),(533,'Lucio','Caldow','Daspar','ldaspares@flavors.me','676941701','2018-10-29',156),(534,'Alessandro','Wattins','Ovell','aovellet@wisc.edu','631626342','2016-12-04',176),(535,'Edee','Norville','Bodechon','ebodechoneu@google.pl','660707413','2014-09-13',12),(536,'Suzi','Worms','Lutton','sluttonev@usatoday.com','688424350','2021-10-20',107),(537,'Vera','Bezley','Doerffer','vdoerfferew@godaddy.com','670924251','2012-09-23',104),(538,'Irena','Priestnall','Millis','imillisex@123-reg.co.uk','648421384','2016-10-14',46),(539,'Sly','Boomes','Leacock','sleacockey@artisteer.com','631861975','2018-03-22',128),(540,'Lilia','Marval','Mattioni','lmattioniez@wp.com','632872987','2023-02-12',101),(541,'Leanora','Busek','Cratere','lcrateref0@dailymotion.com','616643996','2012-05-26',131),(542,'Thaine','Lacer','Robberecht','trobberechtf1@exblog.jp','611603887','2014-11-09',107),(543,'Deborah','Moran','Stegers','dstegersf2@gmpg.org','677795154','2012-08-20',115),(544,'Fawne','Turvey','Rawe','frawef3@opera.com','607660918','2020-09-13',100),(545,'Fairlie','Rapo','Drennan','fdrennanf4@cornell.edu','678904683','2014-11-02',91),(546,'Caye','Woehler','Bloggett','cbloggettf5@flavors.me','602137775','2020-05-13',15),(547,'Edith','Fancet','Pernell','epernellf6@furl.net','611963928','2012-03-26',120),(548,'Ewan','Rumgay','Glasser','eglasserf7@wordpress.com','658629086','2015-02-03',162),(549,'Leandra','Parton','Sunock','lsunockf8@wikia.com','610651628','2019-01-29',105),(550,'Ruthie','Cownden','Devonside','rdevonsidef9@goo.ne.jp','692913506','2019-06-08',119),(551,'Dara','Edgar','Burnip','dburnipfa@disqus.com','645464511','2022-09-06',62),(552,'Mylo','Jessep','Ebbutt','mebbuttfb@a8.net','627054302','2020-05-28',122),(553,'Cyril','Dundridge','Gommowe','cgommowefc@ebay.co.uk','679925629','2011-03-09',19),(554,'Aylmar','Chrismas','Bossel','abosselfd@patch.com','612803955','2018-05-20',115),(555,'Vin','Ruxton','Sellens','vsellensfe@youtube.com','640535693','2022-12-13',39),(556,'Sonni','Dunstall','Brim','sbrimff@altervista.org','686839052','2016-11-11',155),(557,'Davon','Rosenstock','Lowson','dlowsonfg@europa.eu','601448327','2015-01-07',126),(558,'Karry','Godson','Stolberg','kstolbergfh@theatlantic.com','609491119','2013-05-15',4),(559,'Elli','Muzzini','Devall','edevallfi@foxnews.com','632781380','2014-08-02',135),(560,'Colly','Vinas','Fannin','cfanninfj@uol.com.br','605914804','2018-10-01',197),(561,'Bink','Tipton','Ogers','bogersfk@scribd.com','684285513','2013-08-27',111),(562,'Viviyan','Yewdell','Bedome','vbedomefl@godaddy.com','668708931','2017-06-10',47),(563,'Alisa','Trye','Barsam','abarsamfm@gov.uk','601279740','2021-03-24',205),(564,'Petr','Hamlington','Fell','pfellfn@reference.com','648617153','2021-09-25',157),(565,'Barry','Ezzell','Pountain','bpountainfo@rakuten.co.jp','645131411','2012-11-19',173),(566,'Phylys','Daniello','Orteaux','porteauxfp@alexa.com','616010753','2017-12-04',10),(567,'Alfons','Dubois','Darracott','adarracottfq@sitemeter.com','614357194','2024-02-01',1),(568,'Eleni','Haywood','MacLaverty','emaclavertyfr@howstuffworks.com','608639510','2017-08-19',125),(569,'Rea','Robilart','Hew','rhewfs@wsj.com','600872152','2012-01-08',104),(570,'Hewett','Lichfield','Bancroft','hbancroftft@disqus.com','698671895','2022-08-25',211),(571,'Doralyn','Palke','Schapiro','dschapirofu@telegraph.co.uk','663516839','2016-09-18',151),(572,'Jewelle','Shovelbottom','Haskett','jhaskettfv@adobe.com','610013044','2018-11-21',26),(573,'Davis','Riggey','Scorah','dscorahfw@a8.net','619327415','2020-07-07',78),(574,'Pennie','Munnis','Durtnal','pdurtnalfx@t-online.de','688100078','2016-10-03',197),(575,'Denna','Escale','Ritchard','dritchardfy@angelfire.com','609968680','2021-10-19',160),(576,'Cindelyn','Vivien','Wort','cwortfz@infoseek.co.jp','692788495','2014-01-19',19),(577,'Jeramey','Tunstall','Danilchev','jdanilchevg0@phoca.cz','601964020','2022-10-28',149),(578,'Bealle','Pattenden','Pessel','bpesselg1@timesonline.co.uk','652194207','2019-03-23',74),(579,'Phil','Willan','Frankel','pfrankelg2@pagesperso-orange.fr','688734365','2016-03-08',17),(580,'Edlin','Altham','Rentalll','erentalllg3@theatlantic.com','645238923','2018-06-20',165),(581,'Rosina','Leonards','Girardin','rgirarding4@netscape.com','665920717','2017-01-20',138),(582,'Pietro','Petrashov','Lembrick','plembrickg5@google.co.uk','683827720','2021-03-20',9),(583,'Ania','Barby','Chatin','achating6@nasa.gov','654623965','2019-08-12',97),(584,'Jayne','Weatherhill','Killimister','jkillimisterg7@privacy.gov.au','678665933','2016-08-26',136),(585,'Ilse','Lyne','Kerkham','ikerkhamg8@ebay.com','673044821','2011-03-27',46),(586,'Hayward','De Freyne','Jachtym','hjachtymg9@cbsnews.com','648415400','2020-01-07',45),(587,'Lorine','Yurevich','Bagger','lbaggerga@yolasite.com','685909659','2017-09-22',80),(588,'Orson','Chatain','Judron','ojudrongb@istockphoto.com','635953118','2022-01-18',136),(589,'Hermann','Rajchert','Rea','hreagc@webmd.com','601915883','2018-07-31',155),(590,'Whit','York','Killiam','wkilliamgd@wordpress.com','637087929','2015-06-30',54),(591,'Lek','Tuffley','Grolle','lgrollege@yale.edu','640963401','2014-03-16',60),(592,'Demetrius','Trunchion','Giberd','dgiberdgf@csmonitor.com','667557182','2011-09-13',202),(593,'Paloma','Smeed','Woodvine','pwoodvinegg@opera.com','690559145','2014-10-18',193),(594,'Etienne','Sorsbie','Towns','etownsgh@macromedia.com','661498656','2023-04-17',31),(595,'Eddie','Geekie','Berkley','eberkleygi@hc360.com','641473501','2018-04-20',51),(596,'Maryellen','Woolaghan','Treadgold','mtreadgoldgj@imageshack.us','614453624','2014-12-07',180),(597,'Sherill','Dennistoun','Stannion','sstanniongk@youku.com','680715616','2016-07-08',105),(598,'Aurora','Searl','Boot','abootgl@dropbox.com','677248086','2015-02-18',89),(599,'Jayme','Banger','Luchetti','jluchettigm@ow.ly','688273858','2018-06-04',146),(600,'Trace','Millichip','Dunnett','tdunnettgn@who.int','605923327','2017-05-01',30),(601,'Vida','Vondrach','Goodisson','vgoodissongo@phpbb.com','659472217','2022-01-29',126),(602,'Wren','Turbern','Abramski','wabramskigp@stumbleupon.com','690011266','2022-11-10',140),(603,'Steffie','Cookman','Faucett','sfaucettgq@smugmug.com','626080195','2013-08-05',36),(604,'Merry','Tooke','Allbrook','mallbrookgr@microsoft.com','622297400','2014-04-11',170),(605,'Siana','Alvin','Kenlin','skenlings@bandcamp.com','636202577','2015-06-21',36),(606,'Carole','Bolan','Garrison','cgarrisongt@unesco.org','696385247','2021-11-24',98),(607,'Ange','Pashby','Milksop','amilksopgu@amazon.de','612509360','2015-03-31',214),(608,'Willetta','Tomasz','Wrigglesworth','wwrigglesworthgv@nsw.gov.au','613396674','2013-08-29',213),(609,'Cherise','Scutter','Bowra','cbowragw@yellowbook.com','640529118','2015-07-27',213),(610,'Lianne','McCreath','Tremayle','ltremaylegx@yellowbook.com','655888526','2014-10-19',15),(611,'Natassia','Dillet','Webbe','nwebbegy@wikia.com','691995111','2020-12-10',37),(612,'Lonna','Larose','Muller','lmullergz@omniture.com','669999931','2011-01-29',124),(613,'Giffard','Ivey','Whitehead','gwhiteheadh0@scientificamerican.com','663417288','2014-08-21',47),(614,'Jessey','Coggin','Shead','jsheadh1@cloudflare.com','641440364','2020-03-29',71),(615,'Justine','Heindl','Ashtonhurst','jashtonhursth2@walmart.com','655625983','2016-05-19',7),(616,'Matthus','Bridgstock','Vassie','mvassieh3@mediafire.com','650476141','2019-11-18',146),(617,'Munroe','Dan','Tolwood','mtolwoodh4@zimbio.com','666455328','2016-02-25',30),(618,'Hester','Stabbins','Redmond','hredmondh5@youtube.com','665260264','2021-02-22',174),(619,'Terrell','Sambiedge','Billie','tbillieh6@reuters.com','691661453','2011-06-15',71),(620,'Andee','Frossell','Coom','acoomh7@google.es','612424244','2015-07-11',54),(621,'Caddric','Wiggans','Olexa','colexah8@51.la','600031837','2021-11-18',95),(622,'Arlen','Lamberteschi','Snowman','asnowmanh9@bloglines.com','699004473','2020-07-28',206),(623,'Raoul','Stoeck','De Angelo','rdeangeloha@tinypic.com','618403809','2011-03-26',164),(624,'Pavla','Bendix','Simunek','psimunekhb@wiley.com','656454056','2012-09-01',62),(625,'Devy','Trimbey','Noel','dnoelhc@ox.ac.uk','671276811','2021-06-22',182),(626,'Antonie','Piotr','Kaman','akamanhd@go.com','623027744','2020-01-27',176),(627,'Valeria','Westerman','Keig','vkeighe@blogtalkradio.com','655836771','2023-10-17',28),(628,'Dorita','Beeson','Whittlesea','dwhittleseahf@feedburner.com','668985033','2015-07-07',116),(629,'Flossi','Verrall','Khidr','fkhidrhg@youtu.be','633648046','2022-03-03',39),(630,'Brockie','Dallman','Yakobovitz','byakobovitzhh@dion.ne.jp','626684252','2012-07-20',169),(631,'Wendall','McCosh','Rysom','wrysomhi@dedecms.com','633209401','2020-07-04',73),(632,'Jaimie','Kilshaw','Mimmack','jmimmackhj@t.co','690138041','2020-06-06',184),(633,'Langston','Wilsone','De Carolis','ldecarolishk@chronoengine.com','644398068','2017-03-12',156),(634,'Clark','MacAree','Bowers','cbowershl@house.gov','663725314','2018-08-08',99),(635,'Paolo','Pusill','Reinbach','preinbachhm@naver.com','619947323','2013-09-13',194),(636,'Russ','Rojahn','Gloucester','rgloucesterhn@hc360.com','684384185','2017-01-12',166),(637,'Melessa','Chagg','Attenbrow','mattenbrowho@mapy.cz','653004556','2014-11-16',200),(638,'Ed','Dollen','Pigney','epigneyhp@tamu.edu','638919120','2023-03-07',61),(639,'Lonny','Simonassi','Vaisey','lvaiseyhq@ycombinator.com','631157956','2019-12-17',200),(640,'Giulio','Kohnemann','Domnick','gdomnickhr@domainmarket.com','685531156','2013-08-16',160),(641,'Ludovika','Oleksinski','O\'Loghlen','lologhlenhs@cnet.com','640043084','2023-10-03',113),(642,'Ruby','Nutbeem','Phoebe','rphoebeht@timesonline.co.uk','699844983','2012-04-22',1),(643,'Roseann','Petrolli','Abrahart','rabraharthu@cbc.ca','661675461','2015-07-29',84),(644,'Luciana','Aberdalgy','De Andreis','ldeandreishv@technorati.com','624714978','2015-12-12',125),(645,'Mallissa','Lethbury','Haydon','mhaydonhw@ovh.net','636170390','2015-03-30',116),(646,'Chanda','Burkert','Ivakhno','civakhnohx@usatoday.com','672803197','2011-05-04',45),(647,'Ali','Elijah','Grundon','agrundonhy@desdev.cn','607745252','2020-12-02',170),(648,'Meier','Rentilll','Densey','mdenseyhz@technorati.com','629696309','2021-04-22',30),(649,'Maribeth','Stewartson','Carwardine','mcarwardinei0@cdbaby.com','683278019','2017-09-25',205),(650,'Ferdinand','Haverson','Ghidoni','fghidonii1@wikimedia.org','654206602','2019-04-03',26),(651,'Brig','Elvin','Brumfitt','bbrumfitti2@ibm.com','681371361','2015-12-15',92),(652,'Reider','Janecek','Romei','rromeii3@com.com','698949308','2018-05-05',101),(653,'Humfrey','Tigner','Croutear','hcrouteari4@weibo.com','670487892','2023-11-12',109),(654,'Ollie','Mc Caghan','Pappin','opappini5@i2i.jp','603180722','2018-02-23',24),(655,'Adah','Forre','Catterill','acatterilli6@csmonitor.com','672602177','2011-01-17',77),(656,'Trace','Easun','Crocker','tcrockeri7@wisc.edu','697882397','2016-03-16',129),(657,'Jobyna','Shottin','Byrde','jbyrdei8@hud.gov','616327657','2021-01-07',181),(658,'Lyn','Clother','Scough','lscoughi9@studiopress.com','642627403','2014-07-05',142),(659,'Xylina','Titmus','Summons','xsummonsia@hatena.ne.jp','623338277','2016-12-19',140),(660,'Franchot','Arthy','Harriskine','fharriskineib@amazon.com','627691570','2019-02-17',170),(661,'Corly','Roscoe','Harlin','charlinic@seattletimes.com','630168715','2012-10-07',92),(662,'Grantley','Illingsworth','Gendricke','ggendrickeid@parallels.com','611354708','2012-02-04',146),(663,'Marigold','Keay','Flinders','mflindersie@cmu.edu','666728864','2021-05-15',204),(664,'Guendolen','Braundt','Hatje','ghatjeif@patch.com','609606446','2023-10-31',176),(665,'Katrine','Dowker','Sellek','ksellekig@feedburner.com','604441982','2018-01-02',158),(666,'Lorne','Symones','Flacknoe','lflacknoeih@barnesandnoble.com','653555197','2022-07-08',22),(667,'Locke','Stannard','Penwright','lpenwrightii@apache.org','678863812','2018-12-25',114),(668,'Eada','Hilldrop','Cicco','eciccoij@irs.gov','646293832','2022-07-03',93),(669,'Gery','Thorburn','Bonsey','gbonseyik@prlog.org','623242197','2017-09-16',214),(670,'Theodosia','Dewerson','Hounsom','thounsomil@meetup.com','665155760','2017-03-31',82),(671,'Rita','Petrolli','Blackborn','rblackbornim@tripod.com','613598751','2016-06-24',36),(672,'Noel','Duer','Mullaney','nmullaneyin@princeton.edu','655671758','2020-02-09',83),(673,'Annalee','Demange','Ranson','aransonio@economist.com','640490625','2019-10-04',42),(674,'Bastien','Esberger','Redihough','bredihoughip@dedecms.com','699253912','2021-01-20',81),(675,'Ketti','Brick','Eilhermann','keilhermanniq@vinaora.com','698916168','2016-01-18',125),(676,'Rosalynd','Heady','Sibbons','rsibbonsir@smugmug.com','684707417','2018-01-15',62),(677,'Kendra','McLleese','Kasting','kkastingis@w3.org','619557143','2019-10-01',147),(678,'Rahal','Dehm','Penkman','rpenkmanit@friendfeed.com','657995841','2013-04-28',169),(679,'Myrtice','Morfett','Eick','meickiu@google.nl','648149868','2023-07-30',132),(680,'Jacquenetta','Thursfield','Jemmett','jjemmettiv@histats.com','691065015','2015-03-18',113),(681,'Sigismond','Rodden','Szymanek','sszymanekiw@spotify.com','646979206','2016-04-18',198),(682,'Nataniel','Leel','Anan','nananix@elpais.com','627619247','2022-09-21',65),(683,'Antonietta','McKenny','Marshallsay','amarshallsayiy@cmu.edu','622952462','2013-12-04',69),(684,'Libbey','Conibere','Steffan','lsteffaniz@aboutads.info','622901100','2013-07-22',44),(685,'Catherin','McCombe','Prium','cpriumj0@alexa.com','640270288','2019-07-14',209),(686,'Dicky','Bruntjen','Bricknell','dbricknellj1@craigslist.org','628192972','2011-10-03',176),(687,'Trish','Cowan','Conring','tconringj2@tumblr.com','627199376','2015-09-26',124),(688,'Dud','Diss','Peete','dpeetej3@themeforest.net','616224635','2018-08-08',37),(689,'Sara-ann','Rabat','Stoppe','sstoppej4@statcounter.com','634363183','2013-03-31',31),(690,'Welsh','Singyard','Sarfatti','wsarfattij5@acquirethisname.com','641599385','2022-05-15',70),(691,'Ichabod','Karus','Schleswig-Holstein','ischleswigholsteinj6@bizjournals.com','687280929','2012-12-13',180),(692,'Tabbie','Hillatt','Osbaldstone','tosbaldstonej7@sciencedaily.com','606620120','2013-11-13',29),(693,'Nicolette','Cordery','Jannex','njannexj8@howstuffworks.com','629080560','2014-04-02',164),(694,'Gallard','Empleton','Challes','gchallesj9@twitpic.com','682058060','2022-08-21',50),(695,'Kaitlynn','Avramovic','Megahey','kmegaheyja@dedecms.com','634096007','2022-04-10',98),(696,'Zelma','Willstrop','Paireman','zpairemanjb@cocolog-nifty.com','632303608','2013-06-06',67),(697,'Rochelle','Nassau','Methuen','rmethuenjc@reddit.com','688848871','2014-10-30',156),(698,'Jennee','Dulany','Pescud','jpescudjd@nba.com','697942531','2013-05-22',129),(699,'Stephan','Culross','Evins','sevinsje@ebay.com','605507812','2019-09-04',200),(700,'Nealson','Battany','Blamire','nblamirejf@google.de','643565954','2024-02-17',108),(701,'Clayson','Setter','Kyllford','ckyllfordjg@home.pl','629600656','2013-06-10',114),(702,'Carrie','Wolfart','Scotts','cscottsjh@mit.edu','641148878','2016-06-05',202),(703,'Willi','Mc Dermid','Pally','wpallyji@mozilla.org','615812114','2012-12-25',119),(704,'Miranda','Bomb','Nears','mnearsjj@fotki.com','664884462','2018-06-08',143),(705,'Larina','Boyfield','Augustine','laugustinejk@un.org','613215411','2013-12-18',83),(706,'Pamelina','Kayley','Winsiowiecki','pwinsiowieckijl@1und1.de','665378500','2013-06-21',206),(707,'Pat','McWhorter','Olekhov','polekhovjm@microsoft.com','699679705','2018-10-28',158),(708,'Waiter','Pleuman','Iashvili','wiashvilijn@umich.edu','651509165','2016-09-24',18),(709,'Andras','Mathieu','Dane','adanejo@google.ru','636657264','2020-10-29',212),(710,'Ennis','Knolles-Green','Garci','egarcijp@blogtalkradio.com','697326647','2013-05-14',210),(711,'Karee','Stanyer','Tribbeck','ktribbeckjq@usnews.com','637030881','2020-09-02',75),(712,'Domini','Hadkins','Beiderbecke','dbeiderbeckejr@shutterfly.com','636709710','2020-03-12',6),(713,'Malina','Critzen','Arr','marrjs@unblog.fr','691632866','2022-01-30',82),(714,'Stefan','Yarrell','Rastrick','srastrickjt@altervista.org','698272556','2011-08-20',132),(715,'Lonny','Nafzger','Isakovic','lisakovicju@netscape.com','632428159','2024-01-25',189),(716,'Goldarina','Falls','Iveson','givesonjv@ft.com','615671565','2013-01-23',85),(717,'Stanley','Hanbidge','Philippault','sphilippaultjw@bbc.co.uk','660654032','2011-09-21',135),(718,'Roderigo','Blakiston','Dommett','rdommettjx@webeden.co.uk','669634740','2018-03-27',165),(719,'Vasili','Woodson','Girone','vgironejy@earthlink.net','613755250','2019-09-09',31),(720,'Erminia','Chansonnau','Cullnean','ecullneanjz@taobao.com','612032376','2018-06-19',22),(721,'Penni','Wyant','Boldry','pboldryk0@usa.gov','695505864','2022-07-29',135),(722,'Timmy','Rudland','Laviste','tlavistek1@nifty.com','678921980','2018-11-25',76),(723,'Kalina','Clampe','Ravillas','kravillask2@cdc.gov','619639611','2016-11-14',19),(724,'Janot','Redmond','Viveash','jviveashk3@cbslocal.com','664217129','2019-07-03',76),(725,'Marilin','Jarley','Tidder','mtidderk4@netscape.com','613923854','2014-08-14',157),(726,'Iver','McNeillie','Odger','iodgerk5@redcross.org','665697972','2023-12-09',82),(727,'Josias','McCool','Baudrey','jbaudreyk6@howstuffworks.com','670187372','2018-07-19',111),(728,'Cleon','Fabry','Proven','cprovenk7@nature.com','606030167','2019-10-04',125),(729,'Merrilee','Coggles','Bragginton','mbraggintonk8@npr.org','634266254','2017-03-10',130),(730,'Robert','Romain','Hirsch','rhirschk9@oracle.com','637041011','2018-04-27',97),(731,'Darby','Abrahamowitcz','Grimwad','dgrimwadka@xinhuanet.com','667694425','2021-07-25',20),(732,'Dalila','Defont','Dumphrey','ddumphreykb@gmpg.org','634721716','2016-05-26',113),(733,'Sabine','Ginnety','Broomhall','sbroomhallkc@instagram.com','663648252','2018-10-03',212),(734,'Mina','Jekel','Isaac','misaackd@webs.com','658560123','2023-12-29',35),(735,'Morly','Southernwood','Seagar','mseagarke@aboutads.info','649226911','2018-07-13',62),(736,'Ev','Flisher','McComiskie','emccomiskiekf@stumbleupon.com','697287088','2022-06-05',127),(737,'Linn','Coxwell','Weaver','lweaverkg@ibm.com','699938506','2017-02-12',62),(738,'Carlotta','Myhill','Worsnop','cworsnopkh@google.de','640406263','2015-10-04',137),(739,'Myron','Abrahamsohn','Screaton','mscreatonki@list-manage.com','627073546','2015-11-04',128),(740,'Olivier','Missenden','Wabb','owabbkj@slideshare.net','690305410','2020-09-21',79),(741,'Berri','Hamp','Merington','bmeringtonkk@privacy.gov.au','665877777','2023-06-03',51),(742,'Parke','Gianolo','Graeme','pgraemekl@ifeng.com','651076290','2018-07-12',81),(743,'Cassandre','Glentz','Dwyer','cdwyerkm@devhub.com','695946395','2017-08-21',11),(744,'Cob','Jesson','Clementel','cclementelkn@yellowbook.com','654435224','2018-06-09',79),(745,'Basile','Tortoishell','Findlater','bfindlaterko@irs.gov','649483912','2017-11-16',83),(746,'Muire','Chalcroft','Keyworth','mkeyworthkp@plala.or.jp','690200237','2012-02-03',5),(747,'Elisabet','Antoniewski','Walrond','ewalrondkq@furl.net','627586570','2022-07-07',10),(748,'Sheila','Ortelt','Crofts','scroftskr@163.com','685439916','2015-03-12',127),(749,'Keane','Loxton','Muggleton','kmuggletonks@imgur.com','636593451','2019-08-07',176),(750,'Onfroi','Detoc','Lapere','olaperekt@mayoclinic.com','636507441','2012-02-19',68),(751,'Barb','Kordes','Scase','bscaseku@arizona.edu','697209192','2020-05-26',97),(752,'Ewan','Sherrock','Petrasek','epetrasekkv@ihg.com','621873637','2020-03-13',201),(753,'Gay','Carlaw','Demchen','gdemchenkw@storify.com','649555358','2022-01-23',14),(754,'Halie','Vallens','Morston','hmorstonkx@alexa.com','687039809','2022-06-01',3),(755,'Saidee','Hainning','Hurran','shurranky@toplist.cz','673475271','2018-02-21',166),(756,'Hallie','Aspy','Vaadeland','hvaadelandkz@weather.com','638320047','2016-03-08',147),(757,'Trefor','Vurley','Heaps','theapsl0@yahoo.co.jp','650948994','2022-01-29',140),(758,'Gibb','Harome','Snawden','gsnawdenl1@facebook.com','613636935','2022-08-01',59),(759,'Israel','Olenikov','Crystal','icrystall2@spiegel.de','612639869','2014-08-29',153),(760,'Hendrika','O\' Donohue','Belitz','hbelitzl3@utexas.edu','639072489','2012-01-14',10),(761,'Conway','Dinjes','Stilling','cstillingl4@seattletimes.com','653027728','2012-05-17',141),(762,'Kerrie','Itscowicz','Thebes','kthebesl5@pcworld.com','672111572','2018-08-01',126),(763,'Barnabe','Vicent','Churchman','bchurchmanl6@simplemachines.org','632169999','2014-10-16',49),(764,'Stacia','Gregoriou','Fincham','sfinchaml7@wordpress.org','674099548','2023-06-07',97),(765,'Vita','Hardcastle','Filippozzi','vfilippozzil8@cyberchimps.com','660157783','2017-04-14',132),(766,'Myrle','Gimbart','Mohamed','mmohamedl9@bloglovin.com','691235334','2014-08-01',37),(767,'Penni','Pyser','Bracci','pbraccila@seattletimes.com','696347820','2022-03-09',77),(768,'Thibaud','Edwinson','Slany','tslanylb@topsy.com','650854842','2023-11-12',39),(769,'Clare','Kernocke','Deverock','cdeverocklc@simplemachines.org','630492810','2012-12-18',88),(770,'Edgardo','Aisman','Parlott','eparlottld@tamu.edu','616193920','2022-10-08',79),(771,'Conan','Grossman','Askwith','caskwithle@usa.gov','648901145','2014-02-28',57),(772,'Chane','Ardley','Riteley','criteleylf@topsy.com','673148285','2011-04-13',98),(773,'Garvy','Phoenix','Weblin','gweblinlg@theatlantic.com','641503069','2015-04-10',28),(774,'Budd','Shelton','Keys','bkeyslh@washingtonpost.com','675543686','2011-02-01',120),(775,'Zelda','Haddinton','Showalter','zshowalterli@loc.gov','652190713','2014-08-01',158),(776,'Tasia','McClelland','Ramshaw','tramshawlj@bloglovin.com','620172651','2024-02-16',134),(777,'Clair','Cocker','Braffington','cbraffingtonlk@harvard.edu','681593538','2014-08-23',199),(778,'Elga','Harm','Stringfellow','estringfellowll@admin.ch','695936492','2020-06-17',205),(779,'Boot','McTague','Ouldcott','bouldcottlm@netscape.com','664907874','2020-12-16',64),(780,'Axe','Yosevitz','Wynn','awynnln@artisteer.com','659644643','2019-03-15',105),(781,'Larry','Bannell','Kinnane','lkinnanelo@nydailynews.com','657450306','2017-06-04',3),(782,'Nester','Pattini','Ricold','nricoldlp@trellian.com','622099637','2013-06-02',206),(783,'Foss','Dunlea','Gyse','fgyselq@yellowbook.com','666980240','2023-01-02',167),(784,'Weston','Withrop','Burlingham','wburlinghamlr@pagesperso-orange.fr','638851784','2014-05-01',145),(785,'Hilly','Mew','Wensley','hwensleyls@zdnet.com','602832564','2017-09-01',89),(786,'Georgia','Smuth','Duxbarry','gduxbarrylt@apache.org','688083088','2012-08-16',51),(787,'Enrico','Cherrett','Hawksley','ehawksleylu@slate.com','645647781','2014-07-17',35),(788,'Giralda','Boatwright','Santorini','gsantorinilv@google.com.au','661422953','2016-05-09',169),(789,'Gilberte','Duffin','Pau','gpaulw@fastcompany.com','624720239','2019-11-25',103),(790,'Tadd','Vance','Ledeker','tledekerlx@bravesites.com','619916003','2018-11-27',139),(791,'Lisha','Dampier','Hatterslay','lhatterslayly@bizjournals.com','641892815','2013-06-23',68),(792,'Oliver','Macilhench','Branni','obrannilz@moonfruit.com','646237765','2013-04-19',200),(793,'Odelinda','Augustin','Fortnam','ofortnamm0@va.gov','658244018','2022-04-20',211),(794,'Kipp','Tomek','Bride','kbridem1@ehow.com','635944426','2023-10-15',175),(795,'Francene','Frentz','Ebben','febbenm2@hhs.gov','624265154','2021-07-16',25),(796,'Jami','Tottem','Kurton','jkurtonm3@merriam-webster.com','624098334','2012-04-28',141),(797,'Lethia','Kendell','Shawell','lshawellm4@elegantthemes.com','677947015','2022-05-09',139),(798,'Nicholas','Rawlinson','Cruft','ncruftm5@jimdo.com','688757318','2020-12-27',113),(799,'Anjanette','Venton','Summersby','asummersbym6@nature.com','693142515','2021-06-15',167),(800,'Mohandis','Michel','Sylvester','msylvesterm7@mac.com','637207228','2011-05-25',151),(801,'Sergent','Hallsworth','O\'Halloran','sohalloranm8@state.tx.us','675457849','2014-11-29',105),(802,'Mureil','Lorrimer','Shatliff','mshatliffm9@census.gov','679548820','2015-10-05',198),(803,'Jacinthe','Wittke','Seear','jseearma@jigsy.com','639717706','2019-05-24',129),(804,'Milena','Bankes','Matveichev','mmatveichevmb@spotify.com','648276196','2020-03-25',149),(805,'Tabbitha','Seer','Farish','tfarishmc@phpbb.com','638053543','2011-07-13',30),(806,'Bryna','Lamy','Road','broadmd@ezinearticles.com','618769287','2017-12-08',12),(807,'Rozalin','Kiloh','Bartholat','rbartholatme@lulu.com','655139220','2013-03-13',202),(808,'Grata','McCafferky','Boynton','gboyntonmf@meetup.com','632896656','2013-01-06',155),(809,'Tymon','Matteotti','Grant','tgrantmg@people.com.cn','604144236','2015-12-31',155),(810,'Horton','Steely','Wiltsher','hwiltshermh@wufoo.com','633977289','2017-01-08',84),(811,'Maddie','Ralfe','Ickovicz','mickoviczmi@hc360.com','666535624','2013-11-01',63),(812,'Zeb','Clunan','Bentsen','zbentsenmj@loc.gov','642251988','2022-05-07',128),(813,'Lay','Tattoo','Blasio','lblasiomk@pcworld.com','686868628','2023-10-05',68),(814,'Victoria','Rickaert','Goundry','vgoundryml@sitemeter.com','655105481','2011-12-25',84),(815,'Gay','Bodker','Coon','gcoonmm@posterous.com','613735475','2011-09-15',74),(816,'Patrizio','Van Arsdall','Piddlehinton','ppiddlehintonmn@rambler.ru','688891572','2017-08-10',74),(817,'Vittoria','Scholes','Azam','vazammo@xinhuanet.com','667274591','2014-04-21',48),(818,'Theodosia','Lesor','Insole','tinsolemp@arizona.edu','682457488','2022-03-30',81),(819,'Derril','Brack','Pendrid','dpendridmq@tinyurl.com','639740160','2022-04-20',214),(820,'Bendix','Cajkler','Elliott','belliottmr@wp.com','615797479','2012-12-02',70),(821,'Theresina','Jarrette','Wickie','twickiems@example.com','632715393','2017-04-13',156),(822,'Sansone','Hedderly','Gaskin','sgaskinmt@nyu.edu','699762147','2022-12-06',106),(823,'Kincaid','Milner','Paddington','kpaddingtonmu@cisco.com','600596196','2015-03-05',46),(824,'Carilyn','Lunny','Jockle','cjocklemv@ask.com','664834595','2020-08-15',136),(825,'Ulrick','McGurk','Catenot','ucatenotmw@ox.ac.uk','604938293','2012-11-17',146),(826,'Royall','McDougal','Barendtsen','rbarendtsenmx@apache.org','632315967','2022-09-12',33),(827,'Theressa','Chennells','Wretham','twrethammy@about.com','644320289','2022-10-01',57),(828,'Kania','Winterson','Cudby','kcudbymz@vk.com','630012062','2016-04-23',18),(829,'Luci','Ness','Ratie','lratien0@posterous.com','614725321','2016-05-28',6),(830,'Serge','Slaney','Heys','sheysn1@squarespace.com','653268584','2022-02-07',187),(831,'Penny','MacTerlagh','Reiglar','preiglarn2@shinystat.com','695133819','2015-02-15',41),(832,'Hailee','Heady','Vasentsov','hvasentsovn3@disqus.com','650198865','2012-12-14',185),(833,'Vasilis','Bagott','Mardoll','vmardolln4@e-recht24.de','654307889','2013-08-21',98),(834,'Rosemonde','Muddimer','Alliot','ralliotn5@lulu.com','642433285','2020-08-03',86),(835,'Rhianon','Fairbrace','Bazely','rbazelyn6@amazonaws.com','642120096','2024-01-25',31),(836,'Farlay','Christofol','Nisco','fniscon7@hhs.gov','607393837','2016-02-21',79),(837,'Merle','Tetsall','Lloyds','mlloydsn8@ask.com','622977863','2012-02-23',204),(838,'Catina','Corcut','Cardwell','ccardwelln9@forbes.com','666978251','2023-03-10',2),(839,'Beauregard','Haversum','Mainz','bmainzna@feedburner.com','610533315','2013-08-15',135),(840,'Brockie','Najara','Rodenborch','brodenborchnb@techcrunch.com','693541846','2023-01-06',135),(841,'Pearce','Bardey','Udie','pudienc@privacy.gov.au','642436280','2020-03-22',155),(842,'Rollie','Kitter','Haythorn','rhaythornnd@oakley.com','671585267','2021-08-30',123),(843,'Waly','Jeffcock','Reynoollds','wreynoolldsne@symantec.com','677234827','2011-04-26',98),(844,'Brunhilde','Weatherhill','Cawthorn','bcawthornnf@twitpic.com','691847249','2019-08-20',134),(845,'Jayson','Thurlbeck','Muckle','jmuckleng@yahoo.com','680045112','2018-09-21',107),(846,'Carissa','Sharrock','McGaughie','cmcgaughienh@mtv.com','604351817','2014-03-22',211),(847,'Leann','Wadmore','Gensavage','lgensavageni@wikispaces.com','655248187','2015-06-27',168),(848,'Prinz','Emmet','Tallis','ptallisnj@princeton.edu','666260920','2021-09-11',43),(849,'Joeann','Becks','Tawton','jtawtonnk@usa.gov','626809491','2018-11-07',39),(850,'Andeee','Maslin','Mabbett','amabbettnl@skyrock.com','612201173','2017-11-12',66),(851,'Lacy','Minot','McGrudder','lmcgruddernm@bigcartel.com','639493860','2012-04-27',41),(852,'Winnie','Marusyak','Scripps','wscrippsnn@geocities.jp','694970300','2014-02-06',201),(853,'Kermie','McIlhatton','Ilsley','kilsleyno@goodreads.com','617608199','2020-08-09',120),(854,'Bamby','Blagbrough','Kirsopp','bkirsoppnp@uiuc.edu','648515966','2011-07-22',201),(855,'Drew','Tennant','Lovelady','dloveladynq@phpbb.com','679850236','2016-12-19',137),(856,'Thacher','Suddell','McQuorkel','tmcquorkelnr@wordpress.com','653704189','2016-04-26',211),(857,'Molly','Andrus','Downe','mdownens@europa.eu','643559900','2019-03-29',63),(858,'Georgianna','Glennon','Allsupp','gallsuppnt@ovh.net','604986873','2015-11-23',151),(859,'Carce','Pearse','Inglesant','cinglesantnu@ustream.tv','648197560','2013-09-07',29),(860,'Edmund','McFarlane','Keoghane','ekeoghanenv@yellowpages.com','690532153','2011-06-22',157),(861,'Nike','Camocke','Skae','nskaenw@cornell.edu','648965733','2019-07-11',136),(862,'Dana','Barson','Verty','dvertynx@sourceforge.net','638198437','2012-08-31',129),(863,'Shantee','Brennan','Gertz','sgertzny@csmonitor.com','683467300','2023-05-14',210),(864,'Graig','Giggie','Jozsef','gjozsefnz@google.com','666357116','2016-06-30',111),(865,'Leia','Begin','Surguine','lsurguineo0@comcast.net','667018309','2022-09-14',24),(866,'Ardyce','Cabera','Simnett','asimnetto1@hugedomains.com','698718922','2017-04-21',87),(867,'Robin','Sim','Dood','rdoodo2@hibu.com','631142860','2015-11-27',190),(868,'Mariellen','Hattersley','Alvar','malvaro3@angelfire.com','697726487','2021-05-09',42),(869,'Christian','Wolfers','Cruden','ccrudeno4@hc360.com','654024325','2017-04-30',123),(870,'Cara','Crossgrove','Cresswell','ccresswello5@sina.com.cn','666085133','2014-10-05',173),(871,'Keene','Nann','Heild','kheildo6@a8.net','636102912','2011-05-13',138),(872,'Ester','Temporal','Santarelli','esantarellio7@psu.edu','691705871','2019-04-06',109),(873,'Dewey','Hobson','Cinnamond','dcinnamondo8@independent.co.uk','689482159','2016-09-02',190),(874,'Candy','Quibell','Colhoun','ccolhouno9@umich.edu','660117401','2016-10-14',63),(875,'Jaimie','Yelyashev','Tomankiewicz','jtomankiewiczoa@goo.gl','651045372','2020-07-18',34),(876,'Euell','Purvis','Rubery','eruberyob@ameblo.jp','636248127','2014-02-25',211),(877,'Claudelle','Johncey','Oram','coramoc@mozilla.com','668269442','2021-10-25',92),(878,'Mufinella','Oxburgh','Lamshead','mlamsheadod@example.com','639635827','2018-08-11',67),(879,'Anita','Yarwood','Garwill','agarwilloe@gov.uk','646169501','2013-10-31',152),(880,'Arlina','Husher','Sparshett','asparshettof@over-blog.com','684810297','2016-09-29',145),(881,'Farand','Bellchamber','Newgrosh','fnewgroshog@sitemeter.com','665762281','2011-07-06',37),(882,'Valentina','Cosgrive','Ceci','vcecioh@nifty.com','608317903','2018-07-08',177),(883,'Elva','Robet','Blackater','eblackateroi@sfgate.com','632806016','2021-04-06',53),(884,'Floris','Standbrooke','Yurikov','fyurikovoj@hubpages.com','659453310','2024-02-22',193),(885,'Fionna','Drayton','Riddich','friddichok@oakley.com','615807307','2020-06-29',25),(886,'Renaldo','Westgate','Hansana','rhansanaol@vistaprint.com','658613464','2024-02-28',197),(887,'Web','Edney','Barbary','wbarbaryom@icq.com','693990633','2014-11-30',34),(888,'Bamby','Ragbourne','Dunnan','bdunnanon@sciencedaily.com','674843944','2012-03-25',103),(889,'Ransom','Trevascus','Crimp','rcrimpoo@usgs.gov','646539039','2024-02-14',99),(890,'Joanne','Langham','Jayes','jjayesop@apple.com','680270322','2021-11-06',167),(891,'Wallache','Blonden','Hasson','whassonoq@ehow.com','601333263','2017-08-09',113),(892,'Helena','Bunt','Whitmarsh','hwhitmarshor@abc.net.au','664388938','2016-01-07',193),(893,'Timi','McCreary','Cosin','tcosinos@prnewswire.com','676170625','2021-06-24',136),(894,'Sophronia','Pulver','Guilloton','sguillotonot@virginia.edu','696421350','2020-08-21',194),(895,'Krishna','Johananoff','Greenard','kgreenardou@hexun.com','621650799','2019-10-27',2),(896,'Brandy','Beverstock','Regler','breglerov@wufoo.com','689272742','2022-09-03',50),(897,'Octavius','Wadeling','Knights','oknightsow@e-recht24.de','668458023','2018-01-06',48),(898,'Lock','Peppard','Wakeman','lwakemanox@nydailynews.com','643175957','2013-04-10',135),(899,'Marilee','Hessentaler','Nevinson','mnevinsonoy@timesonline.co.uk','631606112','2019-04-01',2),(900,'Darin','Brierly','Isaksson','disakssonoz@mac.com','695797668','2016-07-14',21),(901,'Montgomery','Fincken','Burbidge','mburbidgep0@jugem.jp','673682048','2021-12-27',49),(902,'Sanderson','Osichev','Rosita','srositap1@nature.com','603939430','2018-12-03',153),(903,'Celestyn','Cripwell','Cobb','ccobbp2@uiuc.edu','677978378','2021-06-27',170),(904,'Cayla','Bartosik','Wogden','cwogdenp3@xrea.com','604278833','2021-08-13',134),(905,'Nevsa','Cunnah','Bott','nbottp4@homestead.com','636940429','2014-12-01',81),(906,'Claudie','Masi','Rock','crockp5@studiopress.com','697271428','2015-08-25',2),(907,'Modesty','Chessil','Domesday','mdomesdayp6@sfgate.com','664637709','2012-06-16',66),(908,'Gradeigh','Gabbitus','Spilisy','gspilisyp7@webs.com','652136141','2013-05-09',129),(909,'Adi','Enston','Yglesia','ayglesiap8@upenn.edu','661756286','2019-08-05',129),(910,'Evangeline','Chattington','Playdon','eplaydonp9@independent.co.uk','685664553','2015-08-24',63),(911,'Shena','Stembridge','Allridge','sallridgepa@jugem.jp','663931877','2016-10-06',198),(912,'Merola','Pashe','Malden','mmaldenpb@mozilla.org','687494460','2016-09-20',113),(913,'Frederik','Braisby','Kilbey','fkilbeypc@ehow.com','609871088','2019-03-06',148),(914,'Demott','Gedge','Bottrill','dbottrillpd@gravatar.com','624499649','2021-12-24',167),(915,'Lorri','Willacot','Losel','lloselpe@senate.gov','629824620','2015-12-18',177),(916,'Kelli','Lakenton','Deam','kdeampf@yahoo.com','652514770','2014-08-08',192),(917,'Faina','Precious','Light','flightpg@toplist.cz','633449463','2012-06-04',179),(918,'Ernst','Clubley','Risson','erissonph@gov.uk','686108954','2013-12-27',181),(919,'Brendis','Dukes','Woolger','bwoolgerpi@latimes.com','671926817','2021-07-21',116),(920,'Roderick','Szymonwicz','Dauby','rdaubypj@xinhuanet.com','622801667','2013-09-11',29),(921,'Edmund','Creighton','Guille','eguillepk@phpbb.com','677403087','2012-08-24',154),(922,'Ashleigh','Kernley','Biasetti','abiasettipl@abc.net.au','624445611','2020-11-22',17),(923,'Melany','Kitcherside','Trevena','mtrevenapm@a8.net','667040131','2011-08-26',164),(924,'Gibb','Manie','Cardow','gcardowpn@china.com.cn','670855296','2015-02-25',23),(925,'Donella','Nicholl','Durnan','ddurnanpo@psu.edu','658510998','2018-10-24',135),(926,'Claudius','Blasl','Phlippi','cphlippipp@columbia.edu','644492987','2015-07-31',12),(927,'Maryann','Mallabund','Spragg','mspraggpq@angelfire.com','635108973','2011-08-13',179),(928,'Archibaldo','Gowrich','Harberer','aharbererpr@odnoklassniki.ru','610454971','2018-04-19',52),(929,'Fanny','Parkes','Whotton','fwhottonps@hibu.com','604496257','2019-08-02',177),(930,'Jada','Elven','Lashford','jlashfordpt@nbcnews.com','602037182','2020-05-16',133),(931,'Bekki','Hunnywell','Burth','bburthpu@deliciousdays.com','615457157','2018-01-16',157),(932,'Oralee','Clemett','Salman','osalmanpv@nymag.com','652794884','2013-08-13',135),(933,'Myrtice','Vigars','LLelweln','mllelwelnpw@hp.com','673955520','2021-12-06',69),(934,'Janina','Ganny','Richardon','jrichardonpx@ehow.com','670918889','2017-03-29',197),(935,'Cherice','Minnis','Scouse','cscousepy@bloomberg.com','687361570','2012-01-20',107),(936,'Bond','Paoletti','Bridgens','bbridgenspz@mapy.cz','686504437','2020-11-05',49),(937,'Leticia','Finnimore','Campbell-Dunlop','lcampbelldunlopq0@shop-pro.jp','607523297','2023-03-02',67),(938,'Leone','Alennikov','While','lwhileq1@xing.com','644041678','2011-01-27',27),(939,'Leonid','Yuranovev','Vickors','lvickorsq2@usda.gov','635784249','2021-02-24',176),(940,'Hillel','Kilmary','Krug','hkrugq3@xinhuanet.com','632201398','2022-03-13',197),(941,'Curt','Mepham','Gahagan','cgahaganq4@miibeian.gov.cn','647324381','2023-08-17',2),(942,'Clifford','Nossent','Dumingos','cdumingosq5@reference.com','631761044','2015-07-11',79),(943,'Lindsay','Loosley','Risbrough','lrisbroughq6@google.pl','687641699','2012-01-22',192),(944,'Caspar','Seabridge','Varga','cvargaq7@oakley.com','686116448','2016-12-09',92),(945,'Rania','Pydcock','Semered','rsemeredq8@mit.edu','637959377','2021-08-01',105),(946,'Brinn','Lembrick','Furmagier','bfurmagierq9@1688.com','626710280','2022-07-24',156),(947,'Drud','Allon','Sheekey','dsheekeyqa@senate.gov','655447348','2014-04-19',86),(948,'Aldus','Botton','Stolze','astolzeqb@nih.gov','607715620','2016-06-10',180),(949,'Vitia','Eacle','Lerer','vlererqc@npr.org','629958840','2016-01-09',9),(950,'Ashil','Chetham','Martello','amartelloqd@about.com','683113700','2017-12-03',209),(951,'Paule','Flood','Pollack','ppollackqe@sogou.com','632692000','2021-04-01',112),(952,'Eddie','Revett','Edgeley','eedgeleyqf@smugmug.com','693750482','2012-11-13',31),(953,'Thomasina','Fishbourn','Sendley','tsendleyqg@youtu.be','635150121','2018-03-19',165),(954,'Kissie','Bannard','Deards','kdeardsqh@china.com.cn','674434436','2018-09-30',109),(955,'Christophe','Robertis','Thring','cthringqi@skyrock.com','676480736','2011-05-28',50),(956,'Carie','Janson','Snyder','csnyderqj@ow.ly','644959508','2021-04-11',153),(957,'Alfonso','Biasio','Khoter','akhoterqk@noaa.gov','646140972','2013-02-23',47),(958,'Bartlet','Makiver','Tourville','btourvilleql@yahoo.com','696689611','2021-08-16',65),(959,'Man','Seacroft','Ivanyutin','mivanyutinqm@ed.gov','691126446','2014-03-28',143),(960,'Thorn','Teese','Foster','tfosterqn@xing.com','640642424','2013-06-19',104),(961,'Wolfie','South','Fewell','wfewellqo@disqus.com','639731973','2017-08-28',33),(962,'Constancy','Henningham','Sex','csexqp@tiny.cc','608574198','2024-02-07',100),(963,'Phillida','Beasleigh','Berndtsson','pberndtssonqq@utexas.edu','613428260','2016-11-18',83),(964,'Farra','Thacker','Veighey','fveigheyqr@tmall.com','673297213','2012-04-25',90),(965,'Ebony','Posnette','Scarsbrick','escarsbrickqs@icio.us','677321942','2014-04-08',102),(966,'Fiann','Worman','Etter','fetterqt@sbwire.com','686117773','2011-01-25',145),(967,'Kippy','Booler','Seleway','kselewayqu@google.com.br','616500126','2023-02-19',142),(968,'Charmine','Durgan','Schreurs','cschreursqv@gizmodo.com','680875117','2019-01-26',170),(969,'Dahlia','Warre','Denge','ddengeqw@cnbc.com','661894011','2021-03-26',129),(970,'Alyse','Screase','Rainville','arainvilleqx@sakura.ne.jp','641837186','2013-06-14',16),(971,'Nickolas','Dagg','Wannan','nwannanqy@archive.org','678748829','2016-03-16',52),(972,'Ara','Argont','MacCallion','amaccallionqz@utexas.edu','689454619','2018-05-07',177),(973,'Melisenda','Lang','Blanket','mblanketr0@seattletimes.com','657542908','2023-11-24',12),(974,'Ingaberg','Duerden','Koene','ikoener1@parallels.com','618465384','2020-03-10',180),(975,'Sheela','Worling','Leer','sleerr2@so-net.ne.jp','623035158','2020-10-05',106),(976,'Ange','Goddman','Burkwood','aburkwoodr3@newsvine.com','655344464','2012-05-08',181),(977,'Iseabal','Wilsdon','Burner','iburnerr4@123-reg.co.uk','618172023','2021-09-07',148),(978,'Dylan','Harker','McAusland','dmcauslandr5@gravatar.com','691725401','2020-11-14',200),(979,'Morna','Satterthwaite','Shewery','msheweryr6@time.com','628379209','2011-07-24',154),(980,'Herb','Hughman','Strickett','hstrickettr7@wix.com','652096258','2015-02-06',105),(981,'Issiah','Reast','Sibley','isibleyr8@hhs.gov','641535062','2013-01-17',8),(982,'Stefa','Cordeau]','Thewlis','sthewlisr9@jimdo.com','699882035','2013-04-01',101),(983,'Tallia','Stoneham','Sked','tskedra@admin.ch','616889357','2016-09-14',107),(984,'Carter','Stockall','Flay','cflayrb@nsw.gov.au','672777126','2015-04-16',182),(985,'Smith','enzley','Dancey','sdanceyrc@woothemes.com','675395005','2021-02-13',169),(986,'Garrek','Bordone','McEllen','gmcellenrd@people.com.cn','658781749','2021-01-30',200),(987,'Faustina','Massard','Teggart','fteggartre@exblog.jp','684098340','2024-01-21',166),(988,'Kakalina','Eastam','Behne','kbehnerf@odnoklassniki.ru','635620222','2018-09-30',78),(989,'Dennis','Draysey','Proppers','dproppersrg@joomla.org','637468841','2015-02-25',25),(990,'Gaye','Mazzeo','Giroldo','ggiroldorh@imdb.com','619726606','2021-09-18',211),(991,'Eugenia','Slowly','Berthelet','ebertheletri@studiopress.com','630513090','2018-05-30',207),(992,'Valdemar','Justice','Rymill','vrymillrj@time.com','683354527','2017-04-13',57),(993,'Anselma','O\'Grada','Rockcliff','arockcliffrk@blogger.com','692395298','2020-03-26',3),(994,'Tanney','Artiss','Ketcher','tketcherrl@apple.com','671645074','2013-10-24',43),(995,'Porty','O\'Shiels','Kahan','pkahanrm@amazon.de','697795038','2014-02-17',140),(996,'Leicester','Dutchburn','Runge','lrungern@ucoz.ru','609490288','2021-03-22',53),(997,'Merry','Kemston','Breckwell','mbreckwellro@msn.com','635802846','2022-12-14',90),(998,'Nikolai','Androletti','Bletsoe','nbletsoerp@illinois.edu','656347845','2011-05-25',42),(999,'Jeffry','Ramshay','Muncie','jmuncierq@apple.com','684454487','2012-08-16',93),(1000,'Chrissy','Gipson','Vasyutichev','cvasyutichevrr@discuz.net','629646572','2021-10-09',19);
/*!40000 ALTER TABLE `clientes` ENABLE KEYS */;
UNLOCK TABLES;

--
-- Table structure for table `departamentos`
--

DROP TABLE IF EXISTS `departamentos`;
/*!40101 SET @saved_cs_client     = @@character_set_client */;
/*!50503 SET character_set_client = utf8mb4 */;
CREATE TABLE `departamentos` (
  `id` int NOT NULL AUTO_INCREMENT,
  `departamento` varchar(30) NOT NULL,
  `id_jefe_dpto` int DEFAULT NULL,
  PRIMARY KEY (`id`),
  KEY `id_jefe_dpto` (`id_jefe_dpto`),
  CONSTRAINT `departamentos_ibfk_1` FOREIGN KEY (`id_jefe_dpto`) REFERENCES `empleados` (`id`) ON DELETE SET NULL ON UPDATE CASCADE
) ENGINE=InnoDB AUTO_INCREMENT=12 DEFAULT CHARSET=utf8mb4 COLLATE=utf8mb4_0900_ai_ci;
/*!40101 SET character_set_client = @saved_cs_client */;

--
-- Dumping data for table `departamentos`
--

LOCK TABLES `departamentos` WRITE;
/*!40000 ALTER TABLE `departamentos` DISABLE KEYS */;
INSERT INTO `departamentos` VALUES (1,'Ventas',477),(2,'Recursos Humanos',882),(3,'Investigacin y Desarrollo',493),(4,'Direccin',78),(5,'Marketing y Publicidad',232),(6,'Atencin al cliente',260),(7,'Logstica',76),(8,'Gestin y Administracin',875),(9,'Finanzas',207),(10,'Compras',980),(11,'IT',971);
/*!40000 ALTER TABLE `departamentos` ENABLE KEYS */;
UNLOCK TABLES;

--
-- Table structure for table `empleados`
--

DROP TABLE IF EXISTS `empleados`;
/*!40101 SET @saved_cs_client     = @@character_set_client */;
/*!50503 SET character_set_client = utf8mb4 */;
CREATE TABLE `empleados` (
  `id` int NOT NULL AUTO_INCREMENT,
  `nombre` varchar(30) NOT NULL,
  `apellido1` varchar(30) NOT NULL,
  `apellido2` varchar(30) DEFAULT NULL,
  `fecha_nacimiento` date NOT NULL,
  `fecha_incorporacion` date NOT NULL,
  `sueldo` decimal(8,2) NOT NULL,
  `id_dpto` int DEFAULT NULL,
  PRIMARY KEY (`id`),
  KEY `id_dpto` (`id_dpto`),
  CONSTRAINT `empleados_ibfk_2` FOREIGN KEY (`id_dpto`) REFERENCES `departamentos` (`id`) ON DELETE SET NULL ON UPDATE CASCADE,
  CONSTRAINT `empleados_chk_1` CHECK ((`sueldo` > 0))
) ENGINE=InnoDB AUTO_INCREMENT=2001 DEFAULT CHARSET=utf8mb4 COLLATE=utf8mb4_0900_ai_ci;
/*!40101 SET character_set_client = @saved_cs_client */;

--
-- Dumping data for table `empleados`
--

LOCK TABLES `empleados` WRITE;
/*!40000 ALTER TABLE `empleados` DISABLE KEYS */;
INSERT INTO `empleados` VALUES (1,'Nikola','Snar','Bruhnke','1972-04-01','2020-10-18',51581.86,6),(2,'Micheline','Kyllford','De Stoop','1978-04-13','2018-02-04',75105.80,4),(3,'Ceciley','Arnoldi','McKinnon','1963-06-30','2014-02-16',66229.00,5),(4,'Mercedes','Fontel','Spiers','1964-02-15','2018-03-10',32757.00,11),(5,'Clemens','Iacavone','Hoggins','1983-08-10','2019-09-07',60618.00,11),(6,'Enoch','Fairclough','Hadenton','1989-09-13','2020-07-07',57217.00,9),(7,'Temple','Sutherns','Pagram','1971-05-11','2017-02-18',62376.60,4),(8,'Adan','Flori','Rodda','1973-02-09','2020-03-09',62411.00,11),(9,'Avis','Haucke','Duthy','1966-07-27','2019-10-30',67083.00,3),(10,'Keen','Aves','Blase','1962-11-20','2019-02-06',69677.00,8),(11,'Emerson','Paoletti','Lantuffe','1966-09-07','2016-05-04',70837.15,6),(12,'Gusta','Calderwood','Whelan','1989-08-11','2017-03-22',20130.00,9),(13,'Caryn','O\'Dare','Feilden','1974-04-05','2010-11-14',54844.00,11),(14,'Roobbie','Ellacott','Arniz','1975-03-28','2022-12-18',26750.35,6),(15,'Tomi','de Clerk','Kinnoch','1964-11-08','2016-02-06',33615.00,1),(16,'Aylmar','Sharpe','Ficken','1970-03-14','2017-07-19',23017.00,11),(17,'Edgar','Alves','Mebes','1980-10-30','2018-10-17',38727.00,1),(18,'Ericha','Dugood','Syddie','1970-12-26','2015-02-11',40923.00,9),(19,'Eliza','Climson','Swain','1972-06-20','2021-04-17',26084.00,10),(20,'Crichton','Jobb','Uwins','1972-01-27','2011-04-21',60906.00,7),(21,'Avery','Reddish','Cathesyed','1972-12-18','2017-08-09',49218.00,3),(22,'Sonny','Mohamed','Simonelli','1979-08-12','2017-06-14',68237.00,11),(23,'Timmie','Motte','Hallgath','1964-04-12','2018-06-21',55967.00,5),(24,'Bevan','Tabb','Mulcahy','1972-11-25','2011-10-09',74358.00,7),(25,'Jewelle','Lambal','Brocklehurst','1976-03-14','2013-02-21',69809.80,4),(26,'Shelby','Botton','Moncreiff','1983-03-08','2019-07-01',37635.40,4),(27,'Buddie','McIan','Spancock','1971-12-22','2018-11-28',67808.40,4),(28,'Rhetta','Bickford','Pifford','1979-03-21','2020-12-19',73661.09,6),(29,'Raeann','Ollerearnshaw','Billam','1987-09-20','2017-09-20',65798.70,4),(30,'Brocky','Twinning','Volonte','1962-04-13','2011-11-26',58103.00,8),(31,'Cello','Petrasek','Mercy','1978-09-25','2021-01-28',73164.36,2),(32,'Leonid','Pahlsson','Wharton','1978-03-02','2023-01-06',71723.00,10),(33,'Agneta','Artin','Merck','1986-12-10','2017-04-18',35555.00,8),(34,'Alphonse','Goning','Ralston','1978-04-11','2013-12-01',26604.00,3),(35,'Calida','Neil','Hirche','1965-08-23','2012-11-11',73111.00,10),(36,'Hetty','Morfell','Ivanovic','1962-04-26','2011-04-26',59452.00,1),(37,'Othello','Crickmore','Rihanek','1963-04-26','2019-02-06',52852.00,9),(38,'Danni','Duchant','Beesey','1965-10-28','2021-10-17',52053.00,1),(39,'Virgina','Fearne','Thorius','1984-09-25','2019-08-21',67521.00,9),(40,'Hermia','Marchington','MacAdam','1971-07-24','2016-04-18',71453.00,9),(41,'Berny','Naton','Hooks','1975-03-05','2016-07-01',22951.00,5),(42,'Rosabella','Denkin','Gensavage','1967-12-04','2020-11-03',51492.00,5),(43,'Eamon','Malkin','Robertet','1981-08-31','2018-06-25',80222.42,2),(44,'Linnea','Bellows','Beevens','1963-06-26','2023-02-01',61378.00,7),(45,'Donielle','Beany','Beaney','1988-05-30','2020-07-13',82461.24,2),(46,'Eugine','McCaskill','Cocci','1966-11-26','2013-10-27',52103.00,10),(47,'Crin','Pfeifer','Glaister','1970-09-07','2011-06-06',47388.50,4),(48,'Constantia','Shipston','Satterfitt','1973-08-12','2021-06-28',46035.00,8),(49,'Laural','McGilvary','Scarrisbrick','1989-08-11','2021-05-27',35999.48,2),(50,'Carlye','Rimer','Wharram','1989-06-28','2017-08-02',23464.00,5),(51,'Angelique','Wolfarth','Pietz','1981-10-21','2022-05-22',52727.00,3),(52,'Starlene','Redan','Fasham','1980-04-28','2022-10-15',36883.00,8),(53,'Efrem','Macenzy','Domange','1972-03-25','2019-06-29',33103.00,11),(54,'Arabela','Vagges','Meekin','1983-04-17','2012-05-24',32108.00,10),(55,'Noelani','Larret','Kumar','1976-06-28','2012-03-02',57193.00,7),(56,'Ferris','Le Ball','Titterington','1974-09-16','2014-01-03',34399.00,7),(57,'Starr','Merrgan','Bridge','1984-10-16','2019-08-22',48211.07,6),(58,'Milo','Golthorpp','Glasard','1989-01-23','2012-03-08',45228.00,5),(59,'Ruperto','Spalls','Cullagh','1978-05-18','2018-08-29',72839.58,2),(60,'Emmalynne','Rigolle','Tuckley','1983-01-30','2023-09-26',40159.57,2),(61,'Horace','Raison','Hrinchishin','1971-03-10','2014-11-12',55400.00,7),(62,'Jojo','Cowton','Favela','1988-05-09','2018-09-29',43594.00,7),(63,'Babbette','Fandrich','Paule','1987-01-29','2019-10-25',42167.95,2),(64,'Dulce','McMichell','Laydel','1963-05-08','2018-11-11',53570.00,1),(65,'Perry','Refford','Foxley','1984-01-24','2023-08-21',38908.20,2),(66,'Kelcy','MacGorman','Mougel','1965-02-12','2019-07-01',25502.00,3),(67,'Remus','Planks','Blackbourn','1971-09-08','2013-05-16',50677.00,10),(68,'Queenie','Losseljong','Rosensaft','1970-01-21','2019-03-05',62223.26,2),(69,'Grayce','Giorgeschi','Taggert','1974-04-22','2018-03-21',54367.00,3),(70,'Jason','Oxford','Ladds','1965-06-05','2020-11-25',53813.10,4),(71,'Karalee','Twyning','Sille','1963-01-26','2016-11-28',27362.00,8),(72,'Sheeree','Spollen','Aldersley','1988-07-26','2012-09-04',65100.00,9),(73,'Anitra','Robilliard','Stoffer','1986-04-26','2020-06-04',32841.00,8),(74,'Joelie','Forstall','Di Nisco','1973-10-08','2021-05-14',42461.00,9),(75,'Patrizio','Olliffe','Stenett','1973-07-22','2022-02-21',25994.00,9),(76,'Florencia','Goodge','Decker','1969-10-14','2017-06-01',79202.00,7),(77,'Marysa','Rodolf','Genge','1978-04-03','2014-03-31',25803.00,9),(78,'Wat','Jarrad','Mursell','1989-05-04','2020-05-12',88464.80,4),(79,'Gaylene','Youel','Verdey','1977-11-06','2012-01-20',38624.00,7),(80,'Link','Ianizzi','Wadlow','1982-07-25','2015-11-06',52759.00,1),(81,'Alexandra','Kerkham','Symper','1982-06-24','2010-02-25',73452.00,11),(82,'Alphonso','Jenson','Fitzroy','1965-07-17','2020-11-05',58807.00,7),(83,'Georgianna','Wix','Bottinelli','1973-06-24','2016-05-04',68971.00,5),(84,'Thornton','Thornthwaite','Storm','1962-07-31','2022-07-26',68723.00,1),(85,'Gratiana','Blamey','Madill','1975-08-25','2020-11-20',41345.25,2),(86,'Syman','Caldero','Mokes','1987-01-11','2024-01-14',26207.06,2),(87,'Kessia','Erridge','Ungerecht','1975-02-22','2019-01-25',51203.00,11),(88,'Tobie','Johantges','Skip','1973-03-18','2022-11-21',47638.00,5),(89,'Chickie','Fortman','Blethyn','1989-05-26','2023-05-19',48706.00,3),(90,'Jasper','O\'Connolly','Smallman','1972-11-29','2011-03-21',78989.30,4),(91,'Pamelina','Filippi','Carous','1980-01-03','2018-02-11',82378.86,2),(92,'Emera','Sealey','Maccrie','1972-04-25','2023-03-09',37264.00,10),(93,'Gaile','Kira','Southern','1972-04-03','2012-02-05',52371.00,10),(94,'Jamison','Minihane','Jouannin','1962-07-11','2019-07-03',65400.00,10),(95,'Vivyanne','Hulbert','Valasek','1970-04-29','2015-01-10',47287.00,1),(96,'Kaylyn','Stilldale','Blenkinsopp','1974-08-13','2019-03-07',61221.00,7),(97,'Lissy','Merrett','Rainsden','1986-01-24','2010-02-24',60248.00,3),(98,'Pip','Haycroft','Wiggam','1981-04-04','2023-04-26',66231.69,6),(99,'Lou','Wildman','Monteath','1965-11-01','2016-09-11',42269.00,8),(100,'Renell','Brewin','Pool','1980-05-25','2011-06-24',35957.00,6),(101,'Aymer','Budnk','Leworthy','1981-09-30','2016-05-03',67700.00,9),(102,'Otto','Sonnenschein','Vasser','1972-03-13','2014-03-13',51263.56,2),(103,'Alidia','Woolen','Sexti','1982-03-25','2011-03-06',74207.00,5),(104,'Maribel','Lake','Andrich','1986-05-27','2020-11-25',64743.90,6),(105,'Louis','Kitteman','Fullagar','1985-01-28','2019-09-21',42215.00,11),(106,'Lyndsay','Withams','Loveguard','1983-06-21','2023-09-29',53952.00,3),(107,'Lorain','Pegrum','Danev','1966-12-07','2019-04-03',23544.40,4),(108,'Angelica','Kemish','Howford','1966-11-25','2016-01-16',43645.00,10),(109,'Cathlene','McCleverty','Maycock','1974-10-06','2013-12-26',29130.00,1),(110,'Gene','Onions','Ashe','1981-05-14','2015-09-02',46731.00,7),(111,'Erda','Mumm','Bartolomeazzi','1982-10-15','2017-05-29',62807.14,2),(112,'Ky','Hawse','Borg','1973-03-11','2018-04-19',45849.00,3),(113,'Harmon','Dies','Kelway','1978-01-19','2021-01-20',34078.00,3),(114,'Sheree','Hicklingbottom','McClymont','1974-11-19','2014-04-01',37087.00,9),(115,'Donnie','Agass','Hengoed','1985-04-22','2012-09-12',30687.00,10),(116,'Kienan','Beake','Scorthorne','1978-01-14','2011-03-04',28079.00,7),(117,'Shea','McLorinan','Hodgets','1986-01-31','2020-05-01',54071.00,11),(118,'Devonne','Message','Kuhndel','1977-06-07','2023-02-06',47509.00,1),(119,'Gerrilee','McLaren','Bettington','1976-01-06','2010-01-18',50992.00,8),(120,'Lance','Abbado','Withrop','1986-07-14','2021-05-06',45442.10,4),(121,'Lorinda','Fleote','Card','1977-03-26','2011-10-26',49765.00,1),(122,'Phaidra','Matthisson','Lazenbury','1988-12-06','2018-11-05',43188.00,9),(123,'Julie','Verrall','Schulkins','1971-11-05','2012-10-09',67964.00,5),(124,'Ingaborg','Gatheridge','Varndell','1989-10-20','2015-09-02',37767.00,1),(125,'Cad','Tolumello','Thomelin','1977-09-21','2021-01-21',23483.90,4),(126,'Xena','Purselowe','Hubbucks','1978-09-05','2010-01-18',66369.00,4),(127,'Nickey','Abys','Tithecott','1976-07-14','2021-08-08',59032.00,3),(128,'Erminie','Bossingham','Issacov','1969-04-06','2019-09-01',43914.00,10),(129,'Crysta','Eglinton','Webb','1984-10-23','2022-10-15',73179.00,9),(130,'Neville','Lumsdaine','Kirrens','1964-01-09','2011-08-11',30064.00,7),(131,'Toinette','Jameson','Batrick','1966-10-05','2014-02-24',75716.00,3),(132,'Annadiana','Messiter','Lemery','1971-06-29','2012-02-11',64923.00,9),(133,'Tadeo','Lukasik','Escale','1980-09-15','2013-06-10',44880.00,7),(134,'Hy','Branchett','Hayth','1988-12-17','2017-10-21',38816.25,2),(135,'Shani','Bayston','Emblin','1978-10-05','2011-11-02',71917.00,9),(136,'Bertram','Oxtarby','Hutten','1964-03-13','2018-11-07',36663.00,5),(137,'Richardo','Brauninger','Gull','1970-01-06','2010-12-24',78184.00,9),(138,'Fin','Lumsdaine','Blaxter','1963-09-12','2018-05-15',28387.00,10),(139,'Rivkah','Antoney','Culleford','1975-11-15','2019-08-13',47541.00,10),(140,'Kaleb','Umbert','Whate','1981-06-01','2018-04-10',24224.20,4),(141,'Donna','Guerola','Josephs','1977-08-27','2014-01-18',39843.63,2),(142,'Correy','Iskowitz','Eyles','1965-04-05','2013-06-16',64823.00,10),(143,'Marian','Volante','Sommerscales','1977-09-03','2016-05-07',37356.00,10),(144,'Jocelin','Bignall','Laval','1987-05-23','2012-06-21',75412.00,7),(145,'Leonhard','Climer','Grimm','1985-08-11','2020-11-15',68700.00,1),(146,'Joelie','Alen','Veelers','1976-02-17','2020-11-20',27385.60,4),(147,'Olenka','Mc Comb','Prichet','1965-07-05','2018-12-19',51883.00,11),(148,'Darice','Crafts','Phorsby','1975-05-28','2011-02-16',69509.00,8),(149,'Shanta','Barczewski','Hearson','1981-08-19','2022-01-07',40225.00,10),(150,'De witt','Grimsdell','Trouncer','1988-10-30','2018-09-13',40875.00,5),(151,'Bar','Randall','Sherwin','1968-12-12','2013-11-01',42004.00,1),(152,'Del','Begent','California','1971-04-25','2010-05-09',70680.00,11),(153,'Roxine','Dubber','Loncaster','1970-01-18','2011-11-29',74289.00,10),(154,'Mort','Caulwell','Hallt','1972-10-21','2020-07-28',56907.40,4),(155,'Kip','Mitchinson','Pinkney','1975-05-09','2014-06-05',39478.00,1),(156,'Gerta','Sang','Liddiard','1977-09-29','2021-09-06',57660.00,7),(157,'Merilee','Penwright','Reed','1976-01-16','2015-07-12',54779.00,8),(158,'Rikki','McSperrin','Thorley','1981-02-10','2023-11-22',52858.00,7),(159,'Caitlin','Barbara','Ricci','1965-09-22','2016-11-08',25439.28,2),(160,'Amery','Reppaport','Leggatt','1976-10-27','2022-06-01',43022.00,5),(161,'Basia','Exell','Doby','1986-06-24','2018-12-26',33132.00,10),(162,'Penny','Rowney','Vahey','1967-11-14','2015-01-26',72439.00,10),(163,'Lanny','McFee','Eldritt','1975-03-11','2010-07-26',61475.00,7),(164,'Silvain','Hovert','Abden','1989-05-19','2015-03-26',70527.00,7),(165,'Marian','Yakolev','Mildmott','1968-03-20','2020-12-31',40807.00,3),(166,'Gwennie','Akitt','Cornelius','1975-10-29','2021-02-26',26680.00,5),(167,'Vernor','Gittins','Jaram','1972-08-26','2012-08-30',45697.80,4),(168,'Jeane','Bolsover','Hathway','1986-11-18','2022-09-18',43496.94,6),(169,'Carolynn','Chilcotte','Carbonell','1987-02-14','2022-09-13',49432.00,10),(170,'Currey','Ziemsen','Dunwoody','1971-11-14','2012-07-24',47237.00,9),(171,'Courtenay','McQuarter','Liepina','1986-09-18','2020-03-28',39090.00,9),(172,'Abigael','Grigorian','Sher','1981-08-22','2022-09-05',43774.00,11),(173,'Kimbra','Lambricht','Harrisson','1981-05-22','2010-07-15',59140.00,5),(174,'Elisabetta','Favill','Antliff','1975-06-10','2011-08-08',64515.14,6),(175,'Kikelia','Kliment','Eates','1968-02-16','2020-05-29',35471.71,6),(176,'Vladamir','O\'Fihily','Kupke','1980-12-14','2012-03-29',49411.00,3),(177,'Justin','O\'Sheeryne','Hinks','1965-09-17','2017-06-16',63362.00,8),(178,'Dalston','Giorgielli','Pennigar','1975-11-13','2022-01-17',71370.00,10),(179,'Todd','Benck','Fitzroy','1964-05-31','2010-01-05',57938.60,4),(180,'Bernardina','Killoran','Doyland','1984-03-04','2016-06-24',74584.09,2),(181,'Alice','Rogers','Deering','1983-02-17','2016-04-29',55556.00,1),(182,'Lethia','Derkes','Boydon','1971-10-20','2021-05-19',59264.00,10),(183,'Mart','Willmett','Smorthwaite','1978-10-23','2018-12-18',72549.00,5),(184,'Shelby','Keat','Oddey','1979-12-06','2010-09-27',51430.00,1),(185,'Maximo','Ennor','Gervaise','1965-02-15','2010-09-22',50852.80,6),(186,'Tye','Duinkerk','Sabathier','1963-06-16','2014-10-05',49080.00,11),(187,'Tommi','D\'Onisi','Gommes','1982-05-19','2012-12-18',37727.00,1),(188,'Eldredge','Spancock','Du Hamel','1984-08-07','2016-04-18',70771.00,11),(189,'Sibeal','Fursse','Habbin','1983-09-03','2015-10-20',57144.00,3),(190,'Truman','Comins','Paddefield','1986-10-02','2011-04-21',39469.00,3),(191,'Allina','Larkcum','Kirman','1965-02-15','2022-04-20',69159.00,10),(192,'Hort','Denny','Tritten','1963-08-03','2010-09-05',48729.00,1),(193,'Jedediah','Rippingall','Horley','1966-01-31','2011-08-20',60917.00,10),(194,'Jade','Bradforth','Barnfield','1980-08-19','2010-08-10',28575.00,9),(195,'Katya','Gooderidge','Sacher','1989-04-30','2011-02-09',38526.00,3),(196,'Adham','Whittock','Pessold','1982-10-15','2010-01-19',43786.00,7),(197,'Alys','Mew','Dael','1965-10-07','2014-10-29',54313.00,8),(198,'Billie','Fuggle','Hannabuss','1972-05-14','2015-03-09',33491.00,10),(199,'Kris','Treuge','Tatersale','1986-11-14','2014-08-14',20150.00,3),(200,'Bell','O\'Duggan','Maudlin','1970-01-28','2010-08-03',52886.00,3),(201,'Waylan','Nottingham','Battlestone','1979-03-23','2011-06-13',56333.00,1),(202,'Ailis','Arstall','Blacktin','1984-09-29','2016-06-16',22351.00,10),(203,'Vittoria','Kristof','Eaglestone','1987-06-10','2019-10-06',60483.50,4),(204,'Raymund','Pedlingham','Turle','1982-11-04','2020-09-29',55506.00,3),(205,'Elset','Kira','Siburn','1963-09-04','2021-11-16',64764.00,11),(206,'Robenia','Afield','Blagbrough','1985-07-10','2017-11-29',64620.00,8),(207,'Abramo','D\'Almeida','Eustace','1984-06-03','2018-12-29',79964.00,9),(208,'Cassaundra','Salvidge','Kingscott','1985-03-16','2016-11-14',32605.00,8),(209,'Morten','d\'Arcy','Perrigo','1967-01-02','2020-11-08',23497.00,9),(210,'Omero','Palethorpe','Kraut','1970-05-18','2015-10-13',30890.00,5),(211,'Batsheva','Bridgeland','Dakin','1969-12-14','2019-12-16',53623.00,8),(212,'Tanny','Lathwood','Moylan','1964-03-17','2022-02-09',71848.00,9),(213,'Helen-elizabeth','Mayger','Rivers','1981-07-27','2014-09-22',41579.00,3),(214,'Town','Dragge','Corey','1986-12-18','2017-12-25',34080.00,9),(215,'Wang','Creane','Greenhill','1965-04-14','2010-09-05',44311.00,7),(216,'Gelya','Durn','Brion','1964-02-21','2010-03-19',38974.36,2),(217,'Carma','Cockshutt','Haughian','1962-02-08','2011-08-12',68791.00,10),(218,'Marisa','Dinnage','Bartley','1973-01-01','2023-09-28',60975.00,5),(219,'Flossi','Franklin','Gadney','1970-07-28','2020-05-08',68639.00,1),(220,'Ilse','Bennell','Wildey','1975-03-22','2019-08-21',72457.00,8),(221,'Rodie','Chesworth','Coxhead','1972-10-19','2017-11-24',69051.00,9),(222,'Davida','Tort','Bourtoumieux','1965-04-24','2017-05-31',66069.30,6),(223,'Dicky','Reville','Weyman','1987-06-30','2020-03-29',43660.00,11),(224,'Richmond','Najafian','Tovey','1977-03-01','2011-06-23',28697.00,11),(225,'Selie','Isaksson','Onthank','1971-05-07','2022-07-19',56031.00,11),(226,'Lacey','Boik','Mulcahy','1977-02-25','2022-10-26',44786.00,9),(227,'Reeta','Gradon','Sedcole','1964-08-24','2011-06-16',91066.10,6),(228,'Elroy','Rizzardi','Bonass','1972-07-29','2023-07-19',69361.00,3),(229,'Erl','Bateson','De Stoop','1974-02-25','2021-01-17',35578.00,5),(230,'Camellia','Dulson','Tripp','1967-06-10','2013-02-13',49137.00,10),(231,'Jana','Chapelle','Emanuele','1983-05-19','2020-04-06',69738.62,2),(232,'Pennie','Lelliott','Marzelle','1966-06-15','2011-12-31',84460.00,5),(233,'Sissie','Tezure','Peer','1963-02-02','2016-01-12',44781.00,10),(234,'Earle','Merit','Sommerly','1972-04-30','2016-02-02',63138.00,5),(235,'Lynea','Polle','Muehle','1984-04-17','2010-03-12',37127.00,9),(236,'Jeanie','Hansed','Ratie','1983-11-25','2015-02-24',71698.06,6),(237,'Northrup','Humberston','Savidge','1986-02-18','2022-03-20',73058.00,7),(238,'Gillian','Barsam','Hickeringill','1975-05-05','2014-12-22',74574.54,6),(239,'Hailey','Nixon','Nealey','1965-02-11','2016-12-25',51292.00,9),(240,'Karmen','Abelov','Southouse','1984-07-15','2022-11-28',78139.97,2),(241,'Marlon','Pfaff','Aspinell','1963-11-28','2018-11-22',69483.09,2),(242,'Rori','Yukhnevich','Morrowe','1971-11-12','2019-10-17',40919.00,7),(243,'Mandel','Ribou','Sisson','1969-04-20','2020-05-27',25094.00,7),(244,'Vernon','Helleckas','Areles','1962-07-07','2011-09-17',73312.00,3),(245,'Corina','Paddock','Favela','1989-08-16','2018-11-20',33704.00,3),(246,'Lucho','Frawley','Beech','1974-08-07','2015-01-17',64175.00,1),(247,'Lemar','Kohring','Jest','1987-11-19','2010-09-06',77904.06,6),(248,'Leo','Pringuer','Wombwell','1981-08-05','2020-02-01',56381.00,10),(249,'Sheela','Garlinge','Jansens','1989-07-22','2021-11-26',33807.00,1),(250,'Ax','Marusik','Deex','1979-01-10','2011-08-03',39718.20,4),(251,'Tillie','Dewerson','Maslin','1972-05-18','2012-12-03',32024.00,11),(252,'Nanci','Baumadier','Quade','1982-11-24','2014-04-15',58744.00,10),(253,'Lorettalorna','Clayden','Hanington','1976-01-02','2014-05-03',54474.00,7),(254,'Nikolos','Middleton','Elion','1981-11-04','2013-03-03',54947.20,6),(255,'Ciel','Dodswell','Blunderfield','1966-02-07','2019-03-14',20065.00,11),(256,'Maire','Crombie','Roscamp','1972-08-04','2021-07-24',42857.00,10),(257,'Bil','Sandars','Lambird','1986-09-02','2022-10-18',75236.05,2),(258,'Lewiss','Odney','Binns','1988-09-19','2017-01-02',69183.40,6),(259,'Yves','Feaveryear','Foskew','1987-04-07','2020-09-30',35295.00,7),(260,'Kaia','Linthead','Tassaker','1974-02-02','2023-10-11',95194.52,6),(261,'Christina','O\'Lennane','Sinderson','1968-09-08','2021-03-14',28844.00,10),(262,'Ruthie','Stathor','Farrall','1984-06-28','2019-08-31',27479.00,5),(263,'Tony','McShea','Calbrathe','1978-06-12','2011-12-27',45381.00,11),(264,'Andrea','Zettoi','Cattini','1964-02-24','2015-08-27',69802.00,3),(265,'Emmi','Sanchiz','Fairrie','1972-01-12','2018-11-18',41825.00,11),(266,'Tiebout','Ellissen','Longbottom','1971-11-08','2019-03-09',56333.00,11),(267,'Nonnah','Mimmack','Pozzi','1973-07-08','2011-11-11',35669.00,11),(268,'Annecorinne','Gourlie','McGonagle','1965-09-28','2016-09-07',24839.00,10),(269,'Doloritas','Renac','Maynard','1962-04-26','2020-10-16',52674.00,8),(270,'Dud','Mushart','Moryson','1975-10-25','2012-11-28',75465.00,9),(271,'Joletta','Conway','Sandercroft','1976-05-11','2010-06-29',53428.00,1),(272,'Elvin','Brogiotti','Ashness','1973-08-16','2016-05-28',55049.39,2),(273,'Aland','Anderson','Tanby','1979-10-04','2018-10-26',52513.22,6),(274,'Noak','Sinderland','Fairpo','1978-09-24','2022-08-04',31050.13,6),(275,'Leah','Karoly','Lafferty','1988-09-18','2014-02-07',68462.00,11),(276,'Meredith','Caghan','Abbatini','1987-08-11','2021-05-27',54743.72,6),(277,'Gradeigh','Arendsen','Lemery','1980-01-18','2011-09-13',61178.00,3),(278,'Waly','Lown','Plane','1984-04-28','2011-03-23',85615.25,2),(279,'Ivonne','Dominelli','Rooksby','1982-11-03','2019-12-18',27092.00,7),(280,'Normand','Huxstep','Patient','1979-04-07','2021-07-09',64135.00,10),(281,'Josepha','Frostdicke','Garcia','1966-11-13','2023-02-01',62411.00,8),(282,'Boris','Thurborn','Brittian','1962-07-09','2020-03-02',27000.00,7),(283,'Stacy','Caird','Lahiff','1989-06-16','2020-05-17',26500.00,8),(284,'Leshia','Rebert','Jacobsen','1987-11-10','2021-11-18',53070.00,5),(285,'Zelda','Micheu','Aarons','1964-04-04','2021-03-29',77507.13,6),(286,'Donalt','Craythorne','Kerin','1975-06-09','2017-03-11',62884.00,7),(287,'Renelle','Suddell','Gally','1988-02-29','2016-08-10',71515.36,6),(288,'Lorettalorna','Behrendsen','Thwaites','1964-03-24','2010-02-21',49563.23,6),(289,'Boote','Cawthra','Coles','1987-07-27','2016-11-04',34202.00,8),(290,'Laina','Kennaird','Kinsella','1985-04-26','2019-01-01',38401.91,2),(291,'Alano','Geindre','Fayerman','1985-07-26','2016-12-06',56727.04,2),(292,'Allister','Skelington','Barnby','1981-05-26','2020-12-21',53737.00,7),(293,'Dene','Pimlott','Bothwell','1971-12-29','2023-05-05',37311.00,8),(294,'Dix','McAuslene','Carville','1977-08-24','2019-10-09',33806.00,7),(295,'Tally','Andriveaux','Theurer','1987-10-25','2011-04-02',76281.00,8),(296,'Eadith','Pawlaczyk','Buey','1983-07-04','2018-12-06',28711.00,3),(297,'Andrew','Balaison','Tipton','1967-09-17','2014-03-05',47852.00,8),(298,'Elga','Burnall','Deguara','1980-02-27','2010-12-24',58206.00,7),(299,'Charlean','Mose','Melin','1971-04-12','2015-06-11',70104.00,7),(300,'Ruperto','Tregenza','Grishinov','1970-11-08','2019-01-16',39310.00,5),(301,'Prent','Balke','Barneville','1977-03-02','2010-04-09',70100.20,4),(302,'Donica','Shill','Lisamore','1966-05-01','2013-03-12',37006.00,5),(303,'Dick','Ducaen','Petschel','1983-03-25','2015-01-21',28668.00,1),(304,'Clayborn','Assiratti','Cockrill','1981-02-17','2021-05-17',68157.10,4),(305,'Edvard','Heardman','O\'Kuddyhy','1984-08-03','2013-07-14',32064.00,8),(306,'Allyn','Le Frank','Teck','1964-03-27','2010-08-08',85417.70,4),(307,'Glenda','Camili','Brende','1974-01-03','2023-04-08',54354.00,3),(308,'Benjamen','Mettricke','Musto','1977-11-17','2021-02-14',41494.00,3),(309,'Patricio','Candy','Billings','1982-03-04','2016-01-30',54529.00,1),(310,'Alane','Bradman','Kiehl','1986-10-14','2016-05-23',41660.00,3),(311,'Rafael','Cunio','Mancktelow','1977-07-04','2011-04-15',66899.00,3),(312,'Salome','Robshaw','Suttaby','1969-09-13','2010-02-26',51831.00,3),(313,'Tadeo','Ead','Duesberry','1984-03-17','2015-12-01',65379.00,8),(314,'Ruddy','Garron','Yurchishin','1987-11-25','2023-01-17',29852.00,8),(315,'Steven','Perren','Panner','1988-07-09','2014-09-01',48479.00,10),(316,'Dell','Major','Castelow','1966-04-13','2017-11-02',63177.00,11),(317,'Patsy','Volke','Scrauniage','1984-05-20','2017-03-05',71090.00,5),(318,'Laverna','Ibell','Cleever','1971-02-20','2015-07-26',40971.70,4),(319,'Basile','Petrushanko','Giddens','1974-09-23','2010-10-15',38156.44,6),(320,'Marven','Tessington','Jell','1987-11-14','2010-10-03',64110.00,3),(321,'Dewitt','MacGiolla Pheadair','Cappel','1974-01-29','2012-07-05',44604.00,8),(322,'Sumner','Cheshire','McEniry','1979-03-31','2015-12-14',28593.97,6),(323,'Anastassia','Reolfi','Walklott','1979-03-06','2017-03-09',27184.00,5),(324,'Pearle','Denyukin','Marchant','1982-05-26','2016-01-27',28961.00,3),(325,'Franni','Farquar','Lampett','1976-04-16','2016-09-25',35957.00,11),(326,'Christophorus','Hilling','Colvin','1985-01-22','2011-09-15',36781.00,5),(327,'Waneta','Wetherell','Anstie','1987-01-13','2011-01-03',62034.00,11),(328,'Clemmy','Raphael','Donaher','1963-10-31','2011-09-16',74453.00,5),(329,'Ignatius','Snookes','Sandell','1988-01-16','2023-09-20',59270.00,5),(330,'Elden','Wenn','Corson','1978-01-30','2012-03-24',83409.10,4),(331,'Boniface','Wanderschek','Corking','1981-12-29','2019-08-24',34861.00,5),(332,'Neel','Creffeild','Pencott','1983-02-12','2010-03-18',63907.38,6),(333,'Leia','McGlaud','Corsham','1985-07-10','2017-02-01',34906.30,4),(334,'Ailene','Barniss','McFadden','1962-05-20','2016-08-19',32821.00,3),(335,'Bunni','Birrel','Chatters','1962-05-11','2022-06-11',32296.72,6),(336,'Shanie','Gair','Flintoff','1975-12-06','2023-09-25',63830.00,8),(337,'Cristionna','Muston','Steere','1970-08-08','2013-06-13',74762.00,1),(338,'Kelvin','Havers','Vondrasek','1983-11-14','2015-06-05',36888.00,8),(339,'Clevey','Gullick','Lovatt','1970-01-23','2022-07-15',73123.00,5),(340,'Camey','Leipnik','Chansonne','1980-12-05','2017-09-13',56217.00,5),(341,'Amil','Kahler','Bugdale','1975-02-22','2011-12-08',40571.00,7),(342,'Claire','Abele','Thebe','1975-05-06','2021-04-02',24878.70,4),(343,'Oby','Markushkin','Splevins','1984-12-26','2015-03-10',40189.00,1),(344,'Lucio','Cottrill','Coldicott','1969-03-11','2022-05-01',65862.00,3),(345,'Hamish','de la Valette Parisot','Chatelain','1973-05-03','2010-08-16',40181.00,3),(346,'Georg','Dolby','Coupe','1972-02-08','2010-09-25',34815.48,6),(347,'Lesley','Izen','Roantree','1984-12-15','2010-02-15',26389.00,11),(348,'Sigismond','Elmhirst','Plumb','1971-05-24','2023-06-15',46279.00,7),(349,'Land','Gait','Grindley','1985-06-25','2017-09-23',49222.00,9),(350,'Cloe','Mariaud','Strotone','1962-06-03','2023-11-30',33631.00,5),(351,'Rosie','Keemer','Curtain','1972-03-03','2021-05-29',42575.00,7),(352,'Eachelle','Grinyer','Patroni','1981-10-30','2013-03-30',43464.00,6),(353,'Maximilian','Esche','Albrighton','1966-06-24','2017-10-31',50146.00,1),(354,'Michell','Hackleton','Adamolli','1969-11-05','2013-11-03',57553.00,10),(355,'Merry','Bediss','Healings','1977-12-19','2023-12-07',48244.49,2),(356,'Edgard','Manach','Ferraretto','1963-07-29','2011-03-07',58255.92,6),(357,'Joeann','Beaulieu','De la Barre','1983-10-11','2013-01-17',42901.61,6),(358,'Ronni','Mathewes','Obispo','1980-07-18','2010-06-13',35673.00,9),(359,'Jenelle','Tanman','Huckin','1977-12-06','2013-10-20',75953.00,9),(360,'Nadeen','Klainer','Broadberrie','1978-10-22','2020-03-24',63349.00,8),(361,'Clarinda','Jacquemard','Preskett','1982-06-14','2014-03-12',45335.09,2),(362,'Shaun','Tomkin','Salerg','1967-12-11','2011-02-18',72158.00,10),(363,'Carmelina','McCosker','Brooksbank','1968-12-26','2017-11-16',53635.00,11),(364,'Rosaleen','Lambrechts','Headey','1966-06-02','2020-05-01',31697.00,1),(365,'Tate','Conochie','Shapero','1982-02-19','2012-07-03',78144.00,7),(366,'Elaine','Tollmache','Ormrod','1963-11-24','2010-12-10',32617.00,5),(367,'Fredra','Porrett','Huburn','1976-12-01','2012-03-21',47582.29,6),(368,'Susan','Garrud','Duce','1979-12-08','2016-05-24',40933.00,3),(369,'Alene','Oertzen','Poleykett','1965-01-18','2011-07-30',54191.00,7),(370,'Reeba','Binny','Houltham','1965-09-25','2017-08-30',79027.30,4),(371,'Eloisa','Kasting','De Laci','1976-09-15','2013-02-21',79414.00,1),(372,'Giffer','Shearer','Toyne','1962-07-15','2021-07-08',28822.00,1),(373,'Deane','Whitemarsh','Splain','1979-11-09','2010-10-18',64003.00,11),(374,'Allissa','Filipychev','Merryman','1987-06-30','2022-06-14',60374.60,4),(375,'Ari','Ogus','Bramwich','1964-01-22','2023-03-28',61685.93,2),(376,'Aldridge','Vanes','Cholonin','1973-01-01','2021-11-07',32936.20,4),(377,'Dorolisa','Kilvington','Ballintime','1983-06-01','2012-05-25',88923.97,2),(378,'Zed','Ramshaw','Gotcher','1985-02-16','2013-04-21',65810.00,9),(379,'Arluene','Caukill','Rousel','1980-02-27','2019-08-01',51119.00,8),(380,'Frannie','Rappoport','Truswell','1977-10-25','2015-01-12',27407.00,10),(381,'Tommie','Brodway','Nulty','1965-11-06','2017-08-25',73884.00,8),(382,'Zenia','Philpin','Brownill','1986-04-26','2017-09-07',34169.00,11),(383,'Cullin','Kleynen','Ellse','1970-12-17','2019-10-24',63651.00,8),(384,'Robbert','LAbbet','Stoade','1988-12-27','2011-06-27',47103.00,3),(385,'Blondell','Glen','Quirke','1970-10-31','2016-01-09',41944.00,10),(386,'Margaretha','Reddle','Keig','1964-08-28','2016-01-01',73059.00,11),(387,'Harv','Pearde','Broscombe','1983-05-21','2017-11-26',65015.00,1),(388,'Idelle','Ragsdale','Detoile','1965-12-13','2022-08-23',68816.00,3),(389,'Alwin','Fassbender','Andrys','1966-09-09','2022-03-27',33507.10,4),(390,'Cecil','Henrionot','Chadwell','1984-11-02','2021-04-22',43601.00,7),(391,'Edy','Whymark','Wallentin','1979-10-19','2020-03-31',61954.00,8),(392,'Delainey','Tarry','Abbett','1978-02-23','2019-06-10',47691.65,2),(393,'Denyse','Melbourn','Cromie','1964-05-02','2015-09-08',29543.00,3),(394,'Isiahi','Macconachy','Dairton','1971-09-28','2011-04-26',75701.00,11),(395,'Cindi','Goldsby','Cluney','1979-01-22','2015-01-16',59375.00,10),(396,'Worden','Moir','Bennell','1970-03-08','2015-07-20',59780.00,11),(397,'Monique','Terzi','Polhill','1973-12-09','2022-11-11',59545.00,11),(398,'April','Beszant','Tresvina','1985-01-02','2018-01-09',40963.00,9),(399,'Philipa','Kinsella','Woolger','1964-09-03','2014-04-24',72916.00,6),(400,'Sissy','Weitzel','Augustine','1980-11-13','2010-01-17',36397.61,6),(401,'Caresa','Swatheridge','Spedroni','1974-01-30','2011-03-31',70117.65,2),(402,'Berkley','Goering','McGeffen','1973-03-15','2020-11-29',66602.00,10),(403,'Morry','Chapple','Chapellow','1968-05-22','2018-10-31',70435.95,6),(404,'Alfreda','Iorio','Hutcheons','1979-05-14','2011-06-23',37749.00,11),(405,'Daisi','Sneller','Tregidga','1967-02-25','2015-06-09',39782.00,8),(406,'Andromache','Lere','Yvens','1981-01-19','2017-12-11',40597.70,4),(407,'Christian','Berth','Liddon','1984-07-18','2012-06-22',32490.00,5),(408,'Denni','Beeston','Durrant','1985-11-11','2011-12-30',79871.85,6),(409,'Angil','Bratt','Dreamer','1967-11-02','2020-09-20',62636.00,10),(410,'Graig','Jevons','Humble','1984-07-15','2016-08-01',74722.00,11),(411,'Bryan','Pimblett','Bawden','1962-09-17','2021-12-11',42101.00,5),(412,'Fee','Wellman','Kunkler','1985-09-13','2010-07-02',75502.00,9),(413,'Sybille','Rubinsohn','Durtnal','1965-04-25','2018-09-19',35890.00,10),(414,'Sascha','Alexandersen','Van Driel','1965-12-12','2022-04-06',36461.00,1),(415,'Dayna','Tomisch','Studdert','1982-09-02','2012-07-03',37995.00,3),(416,'Elias','Bramer','Ratchford','1975-12-25','2022-01-13',22097.00,7),(417,'Raquel','McDonnell','Elles','1986-04-12','2011-01-05',37256.12,6),(418,'Kylen','Yokel','Climo','1978-04-04','2023-03-09',31764.17,2),(419,'Corrina','Huttley','Sivill','1973-03-21','2012-08-01',66620.27,6),(420,'Ericka','Spillane','Seakes','1967-09-17','2014-12-08',50814.00,11),(421,'Willis','Dufore','Curwood','1983-03-10','2023-09-28',51614.00,3),(422,'Dmitri','Rodman','Skures','1977-01-03','2015-06-09',69325.48,2),(423,'Herc','Scoffins','Paradyce','1976-11-23','2017-07-17',24090.00,2),(424,'Westley','Dedenham','Maldin','1967-10-09','2015-04-21',61718.00,1),(425,'Tabbie','Johansen','Fosken','1982-12-27','2021-02-15',70429.00,8),(426,'Clarie','Draper','Vasilchenko','1982-07-11','2012-07-03',41287.00,8),(427,'Teresita','Merrilees','Tweddle','1974-06-11','2013-04-16',50616.00,10),(428,'Yovonnda','Duinkerk','Windrus','1963-11-09','2018-02-05',20054.00,10),(429,'Brandise','Buy','Kennford','1965-08-26','2013-09-30',80996.80,4),(430,'Errol','Edmunds','Henzley','1978-03-15','2012-09-09',34888.00,7),(431,'Tedra','Steinson','Hillhouse','1964-08-14','2023-04-23',59256.04,6),(432,'Naomi','Trighton','Willatts','1967-09-25','2015-10-05',52867.00,3),(433,'Pall','Cotton','Hazel','1969-03-26','2018-11-13',39532.00,3),(434,'Rayshell','Waind','Trappe','1982-04-27','2016-01-08',72024.00,8),(435,'Blisse','Somner','Stowell','1974-09-07','2017-11-15',66840.00,9),(436,'Benedetta','Immer','Titchard','1974-09-22','2017-10-01',63628.40,4),(437,'Bellanca','Ware','Ladds','1989-12-18','2020-10-16',55274.00,10),(438,'Noni','Hounson','Borth','1963-01-19','2016-11-07',40045.50,4),(439,'Dynah','Hinsche','Vinick','1973-02-14','2013-07-09',77422.85,6),(440,'Kassi','Eick','Norgate','1964-05-10','2018-02-22',68781.00,8),(441,'Terri','Castellaccio','Sansome','1974-11-05','2010-06-02',71681.00,1),(442,'Emmott','Castri','Atcock','1971-07-27','2020-01-08',55068.00,9),(443,'Reeta','Blackledge','Petrello','1975-04-12','2018-06-23',20976.00,7),(444,'Rosaline','Jaycocks','Mabbs','1984-02-23','2016-07-12',71305.22,2),(445,'Pinchas','Bickell','Jenken','1979-12-27','2014-11-01',56390.00,9),(446,'Gloria','Klaassens','Labb','1969-09-11','2011-07-02',55819.00,1),(447,'Kain','Vogl','Febry','1975-12-22','2022-01-14',55047.00,7),(448,'Helen','O\'Nion','Gilman','1982-04-19','2011-03-12',50814.00,11),(449,'Korry','Hansman','Wolverson','1965-04-20','2019-04-18',20995.00,5),(450,'Michele','Kohter','Ionesco','1974-04-08','2022-06-03',35115.88,2),(451,'Caralie','O\'Dyvoy','Couser','1981-02-22','2022-04-05',39079.70,4),(452,'Ky','Cleaver','Hartegan','1988-07-24','2010-12-29',77944.65,2),(453,'Pris','Lewty','Hartus','1965-01-27','2012-07-20',59701.00,1),(454,'Elvina','Hutable','Wildblood','1982-12-31','2016-06-13',68754.40,4),(455,'Cosimo','Wychard','Sprigin','1980-06-16','2010-07-13',34740.00,9),(456,'Phillip','Rispen','Baudino','1971-12-19','2013-01-29',63660.00,9),(457,'Rosina','Wilsone','O\'Loghlen','1980-02-14','2022-12-24',71906.00,10),(458,'Tommy','Whitlock','Thody','1980-01-10','2019-06-17',22861.00,1),(459,'Flory','Bispham','Dilleston','1974-04-07','2022-04-10',53727.30,4),(460,'Margaretta','Rush','Thonason','1983-02-01','2022-01-13',72612.00,7),(461,'Joanna','Wotton','Errey','1962-12-17','2011-01-05',73884.00,5),(462,'Eryn','Serman','Jerome','1972-05-18','2015-11-30',65144.00,3),(463,'Phebe','Lummus','Mushrow','1965-06-23','2023-07-08',44023.00,1),(464,'Fedora','Bullock','Goodbar','1971-03-06','2010-01-05',65409.00,7),(465,'Pearce','Foskett','Gorioli','1962-05-29','2014-10-30',35927.00,10),(466,'Pren','Prime','Weippert','1963-06-21','2020-07-15',38580.00,7),(467,'Lek','Wombwell','Richie','1982-08-29','2018-02-22',31842.00,10),(468,'Josiah','Whyler','Awton','1964-01-29','2018-10-01',41537.00,9),(469,'Annadiana','Goodnow','Morefield','1966-07-28','2023-01-28',40625.00,5),(470,'Izabel','Clell','Ghilardini','1962-02-12','2011-05-14',31726.00,7),(471,'Chelsy','Gorman','Hutchinson','1976-12-06','2018-12-11',64698.00,3),(472,'Kenon','Utterson','Eite','1974-08-28','2012-04-08',62097.00,9),(473,'Selinda','McIllroy','McMillan','1971-10-21','2013-05-19',75496.80,4),(474,'Bonnie','Boake','Denver','1969-05-25','2021-08-20',40541.00,1),(475,'Sutherlan','Abel','Schultze','1978-07-09','2016-03-29',63746.00,3),(476,'Ive','Walklett','O\'Devey','1971-06-14','2017-05-21',67658.00,8),(477,'Hoebart','Magwood','McGrayle','1974-10-01','2017-01-29',80833.00,1),(478,'Mab','Havesides','Jarrell','1966-08-16','2021-06-26',79605.90,4),(479,'Sancho','Cocklin','Nutting','1966-12-12','2013-03-12',28694.00,8),(480,'Arabelle','Pochet','Aldhouse','1963-01-23','2017-03-10',82292.90,2),(481,'Olga','Patriche','Battye','1985-02-23','2016-09-08',22696.30,4),(482,'Granthem','Brendeke','Malser','1966-10-12','2014-06-22',59850.00,1),(483,'Shaylyn','Doe','Lewson','1981-12-31','2022-07-10',22184.80,4),(484,'Phoebe','Allridge','Saltsberg','1962-07-12','2012-05-12',34136.00,11),(485,'Binky','Jordi','Grevatt','1983-10-20','2017-10-04',78710.50,4),(486,'Alexina','Shevels','Dennick','1981-01-14','2022-10-03',24084.00,7),(487,'Chadd','Storrock','Timothy','1966-06-12','2018-02-18',40675.00,1),(488,'Adrienne','Dole','Parcall','1987-12-04','2011-06-08',38367.80,6),(489,'Corissa','Persitt','Cuolahan','1989-05-03','2013-05-03',39972.00,10),(490,'Peyton','Hinkley','Bird','1985-12-16','2010-12-20',62857.00,5),(491,'Loni','Innwood','Hacker','1965-04-09','2023-12-29',68210.00,8),(492,'Carver','Kensy','Lambis','1976-03-24','2010-07-16',53928.00,7),(493,'Parker','Levitt','Mayger','1972-02-29','2011-04-19',84170.00,3),(494,'Adrienne','Oxbrow','Chaplyn','1978-11-10','2010-05-15',53292.25,6),(495,'Eb','Ackhurst','Minigo','1986-08-04','2015-11-09',29132.00,3),(496,'Greg','Nelius','Aiton','1977-07-30','2022-03-18',73765.00,1),(497,'Skye','Beal','Grinishin','1984-05-31','2010-04-23',25835.00,5),(498,'Corene','Haston','Henrique','1966-05-05','2013-07-24',34051.00,5),(499,'Griffy','Jouannot','Selland','1979-11-07','2022-05-14',58244.00,8),(500,'Peyton','O\'Hagerty','Buxcy','1978-04-07','2021-06-11',46165.00,7),(501,'Daile','Lowre','Gatward','1978-01-01','2010-01-09',65827.00,7),(502,'Bartlett','Bristow','Nelmes','1977-12-03','2021-12-09',47516.10,6),(503,'Selestina','Wayman','Ollander','1965-09-24','2019-04-22',54403.00,7),(504,'Denna','Griston','Niece','1980-08-14','2019-08-16',87029.71,2),(505,'Consolata','Graver','Farnorth','1974-05-12','2013-01-14',86684.90,4),(506,'Josias','Hamments','Galbraeth','1972-12-28','2021-01-10',53236.00,11),(507,'Anet','Lauthian','Doog','1976-01-01','2018-02-11',46359.00,5),(508,'Kingsly','Griffitts','Matteau','1981-10-10','2021-01-26',25471.00,7),(509,'Ursala','Worgen','Swayland','1963-04-09','2018-08-02',20699.00,3),(510,'Odessa','Lemin','Breen','1977-09-16','2010-09-07',41547.00,9),(511,'Dedie','Franzonello','Skelhorne','1979-09-08','2022-08-24',67536.00,1),(512,'Leora','Sinkin','Edgley','1969-06-19','2013-10-21',36832.00,7),(513,'Kai','Mugg','Pydcock','1965-01-15','2020-05-13',35659.80,4),(514,'Lenee','Combe','Peltz','1967-06-05','2011-05-24',26962.00,3),(515,'Reynold','Fearnall','Titcom','1974-12-17','2012-09-26',75745.00,5),(516,'Garey','Mousley','Lucio','1987-09-30','2012-10-13',58658.00,9),(517,'Andeee','Klulisek','Tuerena','1986-01-15','2016-06-22',37103.00,4),(518,'Margareta','Warnes','Devanney','1989-09-10','2020-01-07',68225.00,9),(519,'Ariela','Quigley','Muxworthy','1983-10-22','2023-08-22',40046.00,1),(520,'Willy','Tulloch','Pagett','1973-08-02','2017-02-14',37605.48,2),(521,'Melinda','Gatland','Gowman','1986-11-14','2021-07-01',54116.70,4),(522,'Theodora','Humble','Demkowicz','1986-10-19','2018-10-04',45335.00,7),(523,'Gelya','Picard','Deener','1978-12-06','2012-04-18',50898.00,7),(524,'Gloria','Purdey','Midlar','1975-10-05','2014-04-10',51557.00,5),(525,'Henrik','Boadby','Kemmet','1970-02-28','2010-02-11',89372.93,2),(526,'Sigismond','Farrow','Annear','1973-11-04','2015-09-08',54096.00,11),(527,'Grannie','Oldershaw','Mille','1977-09-29','2019-01-25',73755.00,10),(528,'Hertha','Craythorne','Suatt','1965-06-28','2010-05-12',49705.00,11),(529,'Caroljean','Pippin','Rihosek','1983-08-22','2021-01-06',42782.00,1),(530,'Mellisent','Beller','Galpin','1967-04-10','2012-03-01',63263.00,8),(531,'Ricki','Cushion','Knowller','1974-01-25','2017-02-09',76064.72,2),(532,'Jenni','Hadkins','Towndrow','1973-05-13','2010-07-28',43980.00,11),(533,'Friedrich','Wolvey','Yesipov','1976-02-23','2015-06-11',26345.58,6),(534,'Tawsha','McGuinley','MacAlpyne','1985-09-09','2019-12-10',25596.00,7),(535,'Dido','McKea','Wennington','1983-02-13','2021-12-01',53110.25,2),(536,'Samaria','Loft','Venneur','1981-05-26','2015-06-12',61081.90,4),(537,'Selia','Blakes','Andrivel','1987-04-10','2021-11-15',87648.22,2),(538,'Cathyleen','Hail','Farrear','1984-02-04','2020-01-10',37859.00,3),(539,'Fanni','Leppard','Cogdell','1978-08-15','2016-08-01',53261.00,7),(540,'Peta','Sprott','Patifield','1969-11-12','2016-11-20',29186.00,8),(541,'Brigham','Swedeland','Maciejewski','1981-09-08','2022-09-25',78879.09,6),(542,'Van','Barnaclough','Hotton','1978-09-08','2022-09-23',29876.00,3),(543,'Massimo','Fuster','Besemer','1976-12-01','2010-07-30',93068.52,6),(544,'Braden','Halliburton','Light','1973-01-20','2017-07-29',84636.81,6),(545,'Sada','Swanne','Mc Queen','1970-01-22','2012-12-17',28346.00,7),(546,'Ivett','Heakey','Nockles','1987-07-30','2018-02-17',27702.40,4),(547,'Dexter','Heintzsch','Bollom','1988-11-11','2018-12-16',67183.36,6),(548,'Natalya','Hildred','Courteney','1983-09-13','2018-01-09',50094.00,3),(549,'Nev','Duguid','Boote','1987-10-16','2017-09-04',39146.00,3),(550,'Danyelle','Rourke','Juliano','1989-10-10','2014-07-08',24608.00,5),(551,'Kurtis','Oldcroft','Aldhouse','1978-12-21','2015-07-07',42465.00,11),(552,'Brandise','Moore','Pallesen','1975-12-07','2010-03-31',66909.00,3),(553,'Talbert','Copner','Wittrington','1963-12-03','2022-06-15',34576.00,8),(554,'Cari','Bertenshaw','Pettifer','1967-06-15','2017-01-12',50867.82,6),(555,'Law','Pettko','Masi','1964-02-06','2012-10-15',64125.00,1),(556,'Broddy','Hallard','Thompson','1987-04-14','2018-10-14',28711.00,10),(557,'Keene','Dyke','Eccott','1965-06-29','2011-10-13',61826.00,5),(558,'Meade','Hayhurst','Dibley','1964-02-16','2023-09-24',62237.00,3),(559,'Kimmie','Leyshon','Attewill','1976-03-10','2012-10-14',72295.00,11),(560,'Hieronymus','Muscat','Huegett','1972-04-20','2020-06-07',60572.00,3),(561,'Bret','Bompas','Dewdeny','1989-12-25','2022-12-06',72942.00,10),(562,'Nero','Meegin','Mate','1971-10-31','2016-05-24',83533.50,2),(563,'Geneva','Niesegen','Shynn','1970-11-25','2017-02-25',42390.05,2),(564,'Faith','O\' Faherty','Trowsdale','1980-03-08','2011-11-07',64112.76,2),(565,'Kean','Tomaino','Tanfield','1978-07-16','2023-10-02',26530.00,1),(566,'Vida','Biswell','Stainer','1984-08-21','2014-03-10',67793.00,10),(567,'Ted','Legier','Adie','1975-10-12','2015-10-16',72184.05,2),(568,'Kassandra','MacTrustam','Lennon','1977-09-16','2016-11-20',32920.00,7),(569,'Woodrow','Avory','Scryne','1972-12-02','2018-03-29',24146.00,10),(570,'Carmelle','Saer','Auchterlony','1982-05-02','2021-07-05',47883.00,11),(571,'Alessandra','Ivanichev','Morrilly','1969-03-21','2015-07-16',32605.00,7),(572,'Ashley','Tumilty','O\'Cosgra','1982-11-03','2015-04-29',64919.00,1),(573,'Mortimer','Hawkyens','Ledgerton','1977-03-03','2013-04-23',75609.00,8),(574,'Lovell','Moneti','Andryushchenko','1976-06-17','2018-08-29',32792.00,3),(575,'Thaine','Laxson','Plak','1963-04-09','2012-11-30',59955.00,9),(576,'Thomasina','Taggert','Strode','1983-03-10','2014-10-05',60759.00,7),(577,'Rossy','Gairdner','Peter','1978-09-11','2018-12-26',39771.60,4),(578,'Bailie','Laugheran','De Filippi','1962-04-20','2020-10-14',54565.00,10),(579,'Tedra','Purdie','Minot','1976-01-04','2014-01-10',66509.00,8),(580,'Candida','Peoples','Cuttles','1965-02-17','2015-12-09',38888.30,4),(581,'Sibeal','Caldwall','Gingle','1967-09-16','2014-02-06',29063.60,4),(582,'Pansy','Becarra','Naseby','1979-11-26','2011-08-17',53841.00,8),(583,'Sheilakathryn','Elcocks','Lorenzin','1973-11-20','2013-07-24',43896.00,5),(584,'Mitchell','Lestor','Dungey','1983-07-15','2017-08-16',79125.07,2),(585,'Dionysus','Dyneley','Letson','1989-11-11','2014-07-03',50354.37,2),(586,'Rubetta','Callear','Klagges','1985-05-03','2019-10-22',53479.00,8),(587,'Swen','Kingsly','Clyde','1983-07-23','2023-04-26',61014.00,1),(588,'Verla','Alti','Gillard','1985-11-15','2019-01-20',82055.60,4),(589,'Blancha','Somerville','Smitten','1986-03-05','2012-02-11',80530.98,2),(590,'Julianna','Felstead','Colbrun','1976-09-10','2010-12-11',75776.00,5),(591,'Walliw','Aers','Rosita','1964-11-02','2019-02-15',79724.70,4),(592,'Taddeusz','Hillitt','Poure','1982-04-17','2013-05-24',25895.00,10),(593,'Nataline','Tewkesberry','Jochen','1976-12-24','2011-11-17',78624.00,11),(594,'Donalt','Chadburn','Howels','1964-10-24','2016-12-11',59738.00,5),(595,'Murdock','Annakin','Stivers','1980-05-28','2022-05-24',73306.00,9),(596,'Leandra','Streeting','Trewhitt','1969-09-06','2014-11-07',74656.00,1),(597,'Erinn','Hukin','Peirson','1970-08-02','2021-06-02',27613.00,1),(598,'Aurea','Pittman','Rainon','1968-06-27','2013-06-06',56874.41,2),(599,'Goober','Tungay','Shapcott','1985-03-12','2020-01-10',20207.00,3),(600,'Halley','Virgin','Sleath','1986-08-27','2011-01-07',85873.16,2),(601,'Christie','Mowen','Stolz','1965-11-13','2015-03-16',70614.50,4),(602,'Bealle','Haestier','Cristofalo','1964-02-12','2020-05-21',72014.00,3),(603,'Umeko','Ciraldo','Bonsall','1965-10-21','2023-06-29',38720.00,7),(604,'Hester','Perrottet','Gerault','1968-12-19','2017-07-22',66055.00,8),(605,'Glenn','Rockhill','Blazy','1979-12-19','2022-08-31',43243.00,5),(606,'Cherey','Kay','Dreinan','1986-06-02','2023-09-09',54604.02,2),(607,'Lev','Vauter','Tunkin','1982-04-01','2019-09-26',53350.00,5),(608,'Hillie','Cashin','Sambiedge','1964-08-02','2017-05-23',68491.00,3),(609,'Delano','Krauze','Jedras','1989-03-20','2017-09-25',53702.00,7),(610,'Cobb','Mioni','Kenyam','1985-11-26','2023-12-12',35140.00,1),(611,'Emmaline','Turnor','Ogdahl','1979-05-06','2018-01-12',64949.00,9),(612,'Rikki','Custy','Eagell','1982-03-04','2015-12-14',42880.00,7),(613,'Tanitansy','Swanborrow','Bamb','1989-03-17','2015-12-01',28450.00,8),(614,'Inna','Pywell','Alywen','1973-08-30','2023-03-11',46920.00,9),(615,'Enoch','Bradborne','Filyaev','1985-03-15','2012-04-27',68455.52,6),(616,'Catarina','Sell','Mushet','1971-07-28','2016-04-29',71228.00,11),(617,'Lucas','Plester','Iacavone','1985-07-06','2019-06-20',27945.50,4),(618,'Patrica','Schinetti','Hasloch','1973-12-14','2017-04-28',43064.69,2),(619,'Darci','Yardley','McGuane','1977-12-16','2012-06-13',32665.00,10),(620,'Archibold','Klimus','Measen','1978-08-23','2017-10-01',25435.00,1),(621,'Benedetto','Bargery','Catonnet','1969-05-07','2017-10-07',63838.50,4),(622,'Mame','Lambourn','Woodman','1986-04-02','2017-04-19',58676.00,1),(623,'Baxie','Wallentin','Stolting','1966-10-31','2018-05-15',53188.00,9),(624,'Jakob','Breakwell','Lodwig','1982-07-25','2021-04-02',37172.00,3),(625,'Feodora','Duddridge','Adamini','1979-03-26','2019-11-23',36283.00,3),(626,'Ingeborg','Berthon','Castelyn','1982-01-18','2015-01-05',27405.89,6),(627,'Norma','Itzkovici','Allibon','1982-11-19','2021-05-13',38457.00,7),(628,'Anet','Shakespear','Fasson','1972-08-08','2014-08-24',71633.00,9),(629,'Sandra','Ellicock','Macartney','1965-11-04','2013-02-07',29244.00,5),(630,'Caralie','Tribbeck','Playfoot','1982-05-04','2014-04-22',20037.00,11),(631,'Georgena','Andriolli','Emerton','1972-02-18','2010-04-20',91455.35,6),(632,'Perren','Pullin','Glewe','1986-10-15','2012-02-09',42556.00,9),(633,'Dewitt','Dunbobbin','Gonning','1988-04-15','2023-06-18',70833.00,7),(634,'Hughie','Sprull','Landis','1967-05-16','2018-01-23',72914.00,7),(635,'Mose','Ward','Burghall','1986-04-25','2016-06-22',47422.00,3),(636,'Tommy','Bengtsson','Boles','1964-06-09','2013-07-22',44694.60,4),(637,'Ema','Cryer','Hinzer','1980-06-14','2017-10-01',46225.00,8),(638,'Lulita','Farbrace','Vedyaev','1983-07-28','2016-08-12',61848.00,1),(639,'Elvyn','Drewet','Heustice','1969-11-20','2013-03-15',36845.00,10),(640,'Onfre','Bolwell','Dumphreys','1984-05-27','2019-09-15',60735.00,9),(641,'Veradis','Romanski','Wissbey','1982-06-11','2014-03-18',38447.00,10),(642,'Phylis','Elverstone','Roughey','1977-06-16','2012-05-02',60421.00,3),(643,'Aron','Bocke','Tamblyn','1973-04-15','2011-07-30',32784.00,10),(644,'Gabie','Eckart','Leblanc','1975-08-26','2021-08-10',65632.00,11),(645,'Cole','Arndt','Vigors','1970-04-24','2011-07-22',61728.00,3),(646,'Rowen','Nucci','Thomlinson','1963-06-07','2019-03-17',27147.00,5),(647,'Arlie','D\'Alesco','Probbin','1978-01-10','2021-11-12',81334.06,6),(648,'Herminia','Rahill','Portail','1988-01-14','2015-01-09',35354.00,9),(649,'Doria','Paulton','Leward','1983-11-18','2016-11-15',56635.00,9),(650,'Alexandr','MacAree','Lippitt','1973-07-07','2020-07-25',43037.00,8),(651,'Claudina','Jancic','Andreuzzi','1975-12-22','2014-12-16',72176.88,2),(652,'Mildrid','Gravey','Amey','1981-08-15','2013-09-06',78692.30,4),(653,'Ollie','Malham','Marikhin','1975-09-24','2015-09-01',53940.70,4),(654,'Kaitlynn','Dillestone','Duncanson','1970-09-24','2019-08-08',23437.70,4),(655,'Melba','Ondrich','Littleton','1969-10-08','2020-02-16',39137.45,6),(656,'Wyndham','Spottiswood','de Zamora','1979-01-23','2020-02-19',73779.00,11),(657,'Shepard','Spiers','Maffey','1975-11-29','2022-12-16',85241.01,2),(658,'Helen-elizabeth','Swine','Thombleson','1981-11-12','2011-07-21',48155.00,9),(659,'Doralynn','Mitchley','Saltrese','1963-04-24','2012-06-29',29863.00,1),(660,'Julie','Zorzini','Carlesso','1973-08-01','2011-07-20',27467.00,7),(661,'Ariel','Purcell','Berriball','1978-04-04','2018-10-16',34984.00,11),(662,'Langsdon','Esch','Tomkins','1963-07-15','2012-09-23',44797.00,1),(663,'Corri','Wixey','Gudgeon','1966-06-09','2010-10-28',30922.60,4),(664,'Estevan','Spadelli','Roderigo','1981-03-15','2014-09-27',64366.60,2),(665,'Fulton','Loach','Scraggs','1972-12-20','2011-12-31',64741.00,3),(666,'Bobbie','Whitty','Stiell','1963-02-09','2015-02-06',47543.00,10),(667,'Mechelle','Storrier','Hickeringill','1980-06-15','2018-05-21',44283.00,9),(668,'Ford','Robben','Drysdale','1974-09-29','2022-02-28',58400.00,10),(669,'Dari','Bosse','Board','1981-05-14','2017-11-02',25392.40,4),(670,'Rickey','Maxted','Franscioni','1973-04-25','2012-06-16',32281.00,10),(671,'Yard','Sneath','Ayto','1962-11-05','2014-02-17',68872.24,6),(672,'Dodi','Blackmuir','Beeching','1985-07-31','2018-07-22',46510.00,11),(673,'Abramo','Josey','Jent','1985-05-15','2021-04-27',71008.00,9),(674,'Herby','Satterlee','Slym','1966-06-05','2022-12-14',38701.30,4),(675,'Meredith','L\'argent','Aynsley','1963-10-09','2010-02-23',44138.00,1),(676,'Emmery','Lownie','Ambrogini','1976-09-05','2022-06-04',63608.36,6),(677,'Ferdinanda','Pealing','Casier','1962-07-20','2012-01-14',28252.90,4),(678,'Vasilis','Bartaloni','Keyes','1989-05-14','2019-05-24',40105.00,1),(679,'Robinett','Margrett','Jankin','1979-09-11','2012-03-28',67064.00,7),(680,'Tiebold','O\'Grogane','Duckham','1964-11-30','2019-07-13',65988.00,11),(681,'Abelard','Winspear','Charleston','1967-01-31','2014-05-09',43802.00,9),(682,'Lenna','Haszard','Codron','1972-08-11','2012-03-30',50373.00,5),(683,'Tedi','Gallon','Barthropp','1975-08-08','2020-11-03',63198.00,11),(684,'Clementia','Jouannot','Iskower','1975-11-08','2012-05-30',51202.65,6),(685,'Nealson','Hull','Feye','1964-03-06','2023-09-03',51555.00,1),(686,'El','Gummery','Demschke','1965-10-27','2010-03-17',76873.00,1),(687,'Meara','Rehm','Tregunnah','1974-02-26','2013-04-18',26113.00,10),(688,'Melvyn','Beton','Brearty','1978-09-23','2010-09-14',29940.00,5),(689,'Kyle','Sargint','Coslett','1977-08-20','2010-05-30',26941.00,11),(690,'Veronike','Aimable','Lever','1969-10-03','2017-04-05',46975.00,8),(691,'Pegeen','Vondra','Geraghty','1964-06-20','2021-11-26',65732.59,2),(692,'Darnell','Ribey','Tattersill','1975-05-05','2011-09-28',58866.00,7),(693,'Madelle','Patillo','Arendt','1983-02-18','2023-05-03',29060.84,2),(694,'Jehanna','Marian','Heggie','1965-10-20','2020-05-30',25652.00,8),(695,'Norah','Bellino','Bortolini','1962-05-25','2022-10-25',44891.00,10),(696,'Ira','Rooksby','Bradnam','1973-10-13','2020-11-15',38485.00,11),(697,'Cori','Stoyell','Farr','1964-09-27','2015-03-30',43810.00,11),(698,'Eleonora','Torrecilla','Van Velde','1982-07-09','2019-11-30',55557.00,8),(699,'Matilda','Bauckham','De Zamudio','1972-02-14','2021-03-06',54833.28,6),(700,'Cullen','Condie','Pandey','1989-06-25','2018-02-21',37350.50,4),(701,'Louie','Merck','Yushachkov','1988-12-20','2011-05-27',45471.00,10),(702,'Gottfried','Pes','Philpotts','1979-10-16','2021-11-04',20619.00,3),(703,'Nissy','Souch','Capeling','1987-09-26','2015-09-03',54817.00,1),(704,'Dew','O\'Sharry','Castelluzzi','1966-05-02','2022-03-24',55178.36,6),(705,'Lu','Schorah','Odd','1986-12-02','2014-12-04',80505.70,4),(706,'Lucilia','Sarfat','Huckett','1962-02-10','2023-05-11',38041.00,7),(707,'Alastair','Obert','Buckleigh','1975-12-11','2013-01-27',33452.00,7),(708,'Osbert','Edmons','Flynn','1969-03-24','2017-05-21',67952.00,9),(709,'Devlen','Perrie','Ingolotti','1971-04-20','2015-09-19',29316.10,4),(710,'Garland','Winkett','Gilhouley','1964-10-14','2015-10-21',52446.00,9),(711,'Basil','Bamlet','Sissel','1988-11-11','2016-01-26',46492.00,5),(712,'Ignace','Bailes','Puffett','1974-02-04','2022-10-26',45348.00,9),(713,'Reggie','Gepheart','Baldcock','1986-05-30','2019-10-01',52986.06,2),(714,'Alfons','Soans','Beament','1971-05-11','2023-12-22',49233.00,9),(715,'Jonathan','Cohani','Atwool','1964-05-04','2013-12-07',26876.00,5),(716,'Cicily','Bauckham','Philippeaux','1975-04-16','2011-11-20',57008.00,9),(717,'Marlon','Bapty','Delagnes','1968-06-28','2023-03-03',54270.00,8),(718,'Dasha','Bocke','Vagg','1982-05-23','2015-03-01',33762.00,11),(719,'Lodovico','Baxstair','Peer','1987-07-15','2018-10-11',56547.00,8),(720,'Willi','Amoore','Culpen','1970-03-29','2013-11-26',74824.00,8),(721,'Alverta','Pindell','Howden','1962-04-06','2018-04-14',31449.00,7),(722,'Norry','O\'Lagene','Lochet','1977-06-03','2014-08-25',47802.00,8),(723,'Jeannie','Cowdery','Temlett','1964-04-15','2022-03-03',49935.00,9),(724,'Manda','Mutton','Fawdry','1966-08-26','2021-10-30',24111.00,11),(725,'Morley','Gulliver','Dunkerton','1968-10-10','2021-12-10',72783.46,2),(726,'Phylis','Lorentz','Labrone','1968-05-03','2014-11-07',56048.00,11),(727,'Noelyn','Coulston','Blanckley','1979-04-20','2013-03-26',71523.00,11),(728,'Theadora','Stollman','Gartside','1965-06-11','2014-09-30',44279.04,2),(729,'Elwira','Casacchia','Ottiwill','1967-07-13','2019-05-26',35303.40,4),(730,'Dene','Paul','Jollands','1975-08-19','2018-03-04',33954.00,8),(731,'Mallorie','Varren','Di Frisco','1966-12-27','2018-09-13',43233.00,9),(732,'Paulina','Durham','Grimley','1968-10-22','2022-11-03',36037.69,2),(733,'Aida','Goodacre','Beades','1963-06-12','2012-09-01',36582.10,4),(734,'Janie','Marshman','Aspy','1962-01-11','2019-11-19',51181.00,10),(735,'Halsy','Beharrell','Navein','1963-05-16','2023-04-02',53636.00,1),(736,'Franzen','Bagshaw','Birtwell','1979-09-19','2018-12-12',39918.00,7),(737,'Moe','Halley','Faltin','1968-03-29','2018-12-16',72347.00,3),(738,'Mortimer','Baldacco','Brodest','1970-12-15','2021-05-08',68987.00,1),(739,'Merrill','Cheesley','Charville','1967-06-16','2020-01-15',46046.00,5),(740,'Jasen','McEntee','Works','1966-07-15','2014-09-14',71803.00,10),(741,'Lucius','Harries','Drewes','1974-06-18','2013-04-12',62610.64,6),(742,'Glen','Arstall','Bursnoll','1984-05-14','2023-05-07',60337.85,6),(743,'Alanna','Mee','Cluney','1963-07-05','2023-07-23',57903.00,10),(744,'Jerald','Shackesby','Whittlesea','1965-05-17','2016-09-11',56178.00,8),(745,'Darren','Baldocci','Breton','1983-01-07','2022-06-21',67311.00,10),(746,'Lorna','Learie','Nestoruk','1972-09-09','2014-01-16',70965.00,1),(747,'Dario','Jepp','Condell','1965-02-08','2017-01-29',53818.60,4),(748,'Bern','Kyberd','Breydin','1970-03-22','2019-12-17',49897.06,2),(749,'Bondie','Beebe','Eckert','1987-04-07','2015-09-10',21265.00,8),(750,'Dulsea','Echallier','Woolam','1962-11-26','2016-04-11',61591.60,6),(751,'Claiborn','Shapcote','Colbridge','1971-09-17','2021-09-15',59529.00,7),(752,'Skylar','Mummery','Olohan','1963-09-26','2012-06-05',33501.00,5),(753,'Benjamin','Kundt','Malster','1964-12-10','2022-09-09',63772.00,5),(754,'Johannes','Cattrall','de Keep','1983-04-14','2016-02-25',58612.00,1),(755,'Kingston','Lazer','Shilladay','1977-01-19','2024-02-01',58713.00,1),(756,'Emlynn','Danilenko','Roberson','1971-04-18','2019-06-28',48624.00,1),(757,'Tobe','Stedman','Pilgrim','1964-07-12','2015-02-27',23933.00,9),(758,'Sayres','Hansill','Ascroft','1979-06-20','2012-10-06',34581.46,6),(759,'Katine','Lening','Baskerville','1966-12-13','2012-12-16',65073.00,7),(760,'Elisha','Toy','Zywicki','1976-01-12','2022-06-29',42490.35,6),(761,'Killie','McGairl','Spata','1975-12-12','2018-09-13',69891.46,6),(762,'Zena','Garretts','Cortnay','1964-05-26','2021-03-13',59987.40,4),(763,'Zane','Lydden','Angerstein','1988-09-26','2016-01-21',47288.00,1),(764,'Lorene','Blei','Pirson','1984-03-20','2012-02-24',58958.00,8),(765,'Rena','Bradnick','Fullwood','1989-06-16','2012-08-03',56210.52,2),(766,'Elvyn','Tewkesberrie','Bousquet','1987-05-26','2015-03-09',32083.00,9),(767,'Kimberly','Laurent','Desvignes','1982-06-07','2016-09-11',68785.00,1),(768,'Fanny','Venn','Hambly','1973-10-16','2012-03-02',74218.00,9),(769,'Timmie','Doag','Banstead','1986-05-28','2015-06-18',70949.00,7),(770,'Erie','Choake','Henri','1982-01-20','2017-03-23',31402.00,7),(771,'Nat','Wiseman','Connold','1972-05-30','2018-12-27',30559.00,7),(772,'Loutitia','Quantrell','Ducker','1964-08-26','2010-06-08',36866.00,9),(773,'Moises','De Haven','Gero','1976-09-19','2022-07-23',50997.00,1),(774,'Kellby','Vellender','Wasteney','1974-01-21','2016-07-23',41530.32,2),(775,'Jaclin','Boler','Kench','1988-11-16','2019-12-20',70591.00,8),(776,'Jerri','McReath','Metcalf','1983-03-23','2018-06-11',77040.25,6),(777,'Miof mela','Bartoleyn','Piercy','1970-11-18','2014-09-10',48270.00,1),(778,'Starr','Swalwel','Gearing','1965-12-13','2015-10-15',53448.00,3),(779,'Ariella','Colter','Adolf','1963-08-11','2016-05-21',60425.00,10),(780,'Wittie','Swinden','Gorwood','1987-06-24','2010-02-18',60321.00,10),(781,'Giulietta','Woodings','Witcherley','1969-06-12','2016-06-23',39528.00,8),(782,'Lynde','MacIlriach','Tiffin','1965-12-01','2016-01-11',23997.00,8),(783,'Nefen','Cordeau','Gilyatt','1971-11-15','2019-10-23',59275.00,7),(784,'Stirling','Eslinger','Pidwell','1978-06-14','2016-05-27',36190.00,9),(785,'Reine','Raith','Petken','1964-04-05','2015-09-14',70117.00,9),(786,'Ferdie','Beddon','Guiot','1972-07-26','2011-01-03',30693.00,9),(787,'Evelin','Bresnen','Edgeller','1982-04-13','2024-02-09',29306.00,1),(788,'Cacilie','MacMoyer','Sims','1971-09-14','2017-03-14',85280.42,2),(789,'Waneta','Gerok','McAdam','1977-11-29','2017-01-10',55405.00,1),(790,'Letti','Burnyeat','Brigstock','1965-01-07','2021-09-08',57148.00,1),(791,'Salim','Westhoff','Measom','1982-05-18','2019-12-24',43895.00,5),(792,'Clemmie','Bratton','Wimbury','1978-01-18','2023-06-19',48399.72,6),(793,'Rowland','Ferreri','Railton','1967-08-13','2011-01-25',75437.00,3),(794,'Padraig','Kynder','Iliff','1962-10-17','2015-07-18',43579.00,5),(795,'Horten','Wiggington','Fudger','1988-01-02','2013-04-23',59348.00,10),(796,'Conny','Mityashev','Frushard','1964-03-30','2022-03-15',41122.00,5),(797,'Willamina','Kenwyn','Laguerre','1979-11-18','2010-02-16',59217.15,6),(798,'Brittani','Cadney','Handscomb','1986-03-26','2017-07-13',36216.40,4),(799,'Gratia','Pepler','Gofforth','1989-10-10','2016-12-22',39534.00,10),(800,'Shaun','Hablot','MacFadin','1986-07-08','2021-05-15',63103.00,5),(801,'Sheelah','Poleye','Cutler','1983-10-22','2020-02-10',42285.10,4),(802,'Mordecai','Fittis','Hayth','1986-12-08','2012-10-18',70148.60,4),(803,'Thorndike','Cosyns','Kalinke','1968-12-30','2015-08-31',30460.00,1),(804,'Francesco','Ginley','Manning','1980-12-14','2020-09-13',81845.50,4),(805,'Gretchen','Teffrey','O\' Hanvey','1975-11-09','2014-09-24',75037.83,2),(806,'Silva','Bales','Sunnex','1974-02-27','2011-09-22',33686.00,9),(807,'Jeannette','Keston','Poel','1976-04-05','2010-08-04',52695.00,10),(808,'Ida','Radmer','Blaszczak','1988-08-25','2020-07-20',64127.80,4),(809,'Alaine','Radbourne','Isaksen','1980-07-31','2010-09-24',73370.24,2),(810,'Catharine','Possell','Pontefract','1968-12-10','2017-02-13',54797.60,4),(811,'Quintus','Manach','Odell','1989-11-01','2015-08-26',69176.80,4),(812,'Lennie','Frankton','Testro','1963-03-16','2011-12-20',36829.84,2),(813,'Olympe','Brownstein','Flasby','1983-08-17','2021-08-26',73099.00,3),(814,'Eberhard','Mourant','Helleckas','1972-10-29','2023-02-11',80323.89,2),(815,'Marilyn','Dalley','Conrad','1971-06-11','2017-10-13',45322.00,5),(816,'Effie','Harber','Rown','1979-09-07','2018-08-20',36869.00,8),(817,'Bartie','Putnam','Mostyn','1965-07-18','2023-03-06',27369.10,4),(818,'Roxanna','Sonnenschein','Lendrem','1979-04-08','2012-06-27',63723.49,2),(819,'Reggis','Drews','Byart','1965-07-19','2017-05-26',72126.00,7),(820,'Clerkclaude','Newham','Donneely','1976-05-29','2016-10-16',60566.00,3),(821,'Hildy','Zylberdik','Overthrow','1972-05-02','2011-01-30',62700.00,1),(822,'Timmy','Cornbill','Tousey','1980-05-27','2020-11-11',45557.00,5),(823,'Arte','Grieger','Scoble','1970-01-25','2014-05-10',49639.00,11),(824,'Darrin','Simonds','Woolston','1989-02-27','2011-03-19',56910.00,7),(825,'Cristionna','Laverick','Sprosson','1965-01-15','2020-10-28',21900.00,1),(826,'Hally','Goodrich','Lawee','1989-07-17','2022-08-08',84725.18,2),(827,'Howard','Dickings','Thomas','1975-01-05','2021-04-13',20246.00,9),(828,'Stepha','Gorger','Sephton','1975-06-18','2011-04-16',37603.00,9),(829,'Demeter','Giraldo','Butterwick','1983-12-11','2016-05-16',23690.00,11),(830,'Ilario','Studdal','Felipe','1974-06-27','2011-10-31',63385.57,2),(831,'Tedie','Kop','Parncutt','1988-10-03','2011-09-06',40858.00,8),(832,'Tierney','Trounce','Buckhurst','1968-03-17','2020-01-11',62782.00,1),(833,'Salomo','Grinham','Pidgeley','1984-08-24','2015-04-22',54922.00,1),(834,'Orelie','Hanselmann','Janczyk','1975-02-01','2015-03-21',72439.00,9),(835,'Drucill','Riddall','Solleme','1985-08-13','2022-01-15',59766.00,7),(836,'Jone','Pirson','Atkirk','1964-11-23','2020-06-20',20710.00,5),(837,'Beatrisa','Warland','O\' Gara','1966-12-23','2019-02-13',36161.00,9),(838,'Saidee','Alekseicik','Delea','1988-02-24','2013-06-05',58504.00,8),(839,'Valdemar','O\'Regan','Meneghi','1983-01-16','2014-11-21',30819.00,9),(840,'Gabriel','Pinard','Oliver-Paull','1973-02-04','2016-02-18',72884.00,1),(841,'Reade','Rissen','Sleicht','1971-08-07','2022-02-09',70732.08,2),(842,'Karrah','Cavanaugh','Massard','1968-01-28','2018-01-19',49046.90,2),(843,'Orin','Marley','Kun','1965-01-22','2013-09-01',45551.50,4),(844,'Kristal','Leving','Rustman','1989-04-21','2023-09-14',24772.00,3),(845,'Antonio','Colls','Attryde','1962-02-09','2020-04-27',62257.00,3),(846,'Fred','Batterbee','Krysztofiak','1967-06-02','2018-01-03',55138.00,11),(847,'Carmelita','Diben','Megarry','1964-07-26','2014-01-30',51445.00,5),(848,'Aliza','Cantu','Swain','1970-04-19','2013-03-18',50379.00,9),(849,'Dorelia','Gedling','Ragate','1980-07-16','2018-01-21',52106.00,10),(850,'Nye','Jorgesen','Woodage','1962-12-21','2013-01-28',75518.00,10),(851,'Orlando','Kitchingman','Klampt','1983-07-30','2015-08-06',48688.68,2),(852,'Faustine','Phebee','Pavolillo','1968-05-18','2019-09-24',57695.00,9),(853,'Sybila','Benedick','Dymock','1962-02-22','2021-11-07',56930.00,7),(854,'Cart','Hurran','Densham','1967-07-21','2019-06-24',56090.10,4),(855,'Bret','Doxsey','Baltzar','1974-06-20','2019-10-18',22314.00,8),(856,'Pietra','Colicot','Rielly','1970-01-26','2024-02-23',78131.90,4),(857,'Karlotte','Lonnon','Digwood','1967-03-29','2017-02-16',64041.81,2),(858,'Tann','Pakenham','Stebbings','1967-12-02','2016-07-06',28027.00,1),(859,'Karry','Haxbie','Urlin','1964-04-06','2010-02-15',78930.00,1),(860,'Joy','Jaycox','Maddox','1969-05-07','2023-07-22',80856.44,2),(861,'Juliette','McKintosh','Lummus','1967-02-15','2014-01-15',65655.00,8),(862,'Douglas','Tillerton','Cawkill','1979-06-20','2016-07-18',45474.00,5),(863,'Adrea','Faulconer','Benyan','1984-06-12','2011-04-27',67625.65,6),(864,'Harbert','Blest','Godney','1986-02-20','2019-12-20',27545.00,1),(865,'Jobi','Booton','Jerrard','1985-02-15','2018-10-19',63032.00,5),(866,'Cirillo','O\'Fergus','Cosgrive','1979-06-24','2016-04-18',44165.00,4),(867,'Tresa','Sawbridge','Joire','1964-12-23','2018-01-10',78333.20,4),(868,'Nelia','Kopman','Titlow','1968-10-31','2023-01-11',59471.00,7),(869,'Ike','Welbrock','Gladwell','1966-01-29','2018-08-22',56296.00,7),(870,'Rhea','Garrow','Roch','1966-06-05','2022-09-04',66510.40,4),(871,'Rhea','Candlin','Keeler','1981-11-17','2011-07-02',56235.00,8),(872,'Roberta','Graffin','Segar','1973-08-22','2013-12-13',34938.48,2),(873,'Hart','Ashpital','Yuryichev','1963-12-30','2023-08-21',46868.00,7),(874,'Dur','Linsey','Whyberd','1983-09-29','2012-01-14',37107.00,11),(875,'Alfreda','Leirmonth','Rupp','1984-05-08','2010-12-15',85676.00,8),(876,'Leon','Meatyard','Baggelley','1989-05-01','2016-10-11',62234.00,11),(877,'Karlie','Rosenstein','Demer','1978-12-15','2010-10-01',66042.00,3),(878,'Iver','Bleythin','Kirstein','1989-10-03','2010-12-28',43560.00,11),(879,'Dru','Doherty','Crooke','1962-03-14','2014-09-11',63626.00,5),(880,'Horatia','Simnett','Jeens','1983-09-21','2014-04-19',28419.00,11),(881,'Otes','Gravenor','Kellett','1973-05-24','2021-06-03',50833.00,7),(882,'Anabella','Sackey','Cully','1973-04-06','2022-09-25',94591.51,2),(883,'Bern','Cragg','Cosgry','1979-01-08','2016-07-16',64960.00,9),(884,'Tiffanie','Dace','Cosgrave','1988-10-21','2011-01-09',36866.00,9),(885,'Arney','Pierpoint','Bragginton','1975-12-10','2023-11-20',37804.00,1),(886,'Norri','Van Dalen','Branscomb','1986-04-08','2015-03-01',74101.00,8),(887,'Cob','Bilston','Triplet','1980-06-24','2022-08-25',54512.08,6),(888,'Olivette','Fortune','Dosdale','1978-02-05','2021-02-03',80323.10,4),(889,'Danni','Jerrome','Silverwood','1984-03-22','2018-02-08',64569.00,10),(890,'Donia','Conklin','Raunds','1986-02-12','2012-02-17',47361.00,3),(891,'Gardiner','Matfield','Dake','1983-01-18','2018-09-05',65533.00,5),(892,'Sean','Alcott','Portchmouth','1988-07-10','2018-06-24',48561.00,3),(893,'Cal','Luxton','Buttfield','1984-02-03','2021-03-06',34616.00,1),(894,'Estel','Litchmore','Dugall','1974-12-25','2017-04-13',23218.00,3),(895,'Kent','Barsham','McSkin','1980-10-31','2019-06-25',64918.00,8),(896,'Adena','Makeswell','Pizey','1980-08-09','2020-04-17',25832.00,8),(897,'Emerson','Dudney','Belsham','1980-12-24','2016-08-18',53001.00,8),(898,'Estell','Mulvy','Andryunin','1977-04-14','2012-06-27',76940.00,3),(899,'Bibi','Palmar','Baumber','1971-12-31','2010-12-22',45384.00,5),(900,'Ryley','Malkinson','Beartup','1973-09-02','2016-06-10',59352.00,5),(901,'Arman','Cavalier','Horning','1976-05-19','2016-10-05',51343.06,6),(902,'Tomi','Gulleford','Bebb','1971-03-16','2013-09-05',39946.33,2),(903,'Judd','Argyle','Blazey','1983-07-21','2021-09-14',56852.00,11),(904,'Minta','Grimme','Blasli','1971-11-04','2011-12-07',57984.00,9),(905,'Shirlene','Chainey','Climie','1984-04-20','2018-10-09',67168.00,9),(906,'Babs','Strivens','Yakebovich','1975-12-11','2016-01-31',86709.70,2),(907,'Niki','Bechley','Clemerson','1983-09-09','2015-05-21',59852.00,8),(908,'Hillyer','Kindley','Dearnley','1974-11-11','2010-03-25',78252.00,9),(909,'Billy','Jorissen','Matthisson','1978-05-16','2022-01-04',59929.00,10),(910,'Darla','Skewis','Cobon','1978-06-10','2013-12-02',73397.00,11),(911,'Malory','Sealy','Latliff','1988-07-10','2019-10-28',30556.00,10),(912,'Ellette','Duiged','Kenchington','1963-04-21','2023-12-21',88953.32,6),(913,'Melosa','Dy','Vannar','1977-04-05','2018-06-21',20448.00,10),(914,'Egbert','Cabena','Olivia','1966-07-24','2017-06-10',73562.00,1),(915,'Nicolea','Blamphin','Cardnell','1983-12-18','2013-01-15',29080.00,5),(916,'Randolf','Gillan','Davern','1984-04-21','2015-09-08',27270.00,10),(917,'Eal','Graal','Sigert','1975-01-04','2020-01-21',49373.00,8),(918,'Lamond','Osbidston','Smiz','1976-06-08','2020-09-15',83135.88,6),(919,'Theodosia','Gritsaev','Oswal','1973-03-15','2016-01-12',30992.00,7),(920,'Brianna','Schuster','Gniewosz','1965-05-16','2023-11-18',46892.00,10),(921,'Byran','Daelman','Collacombe','1977-11-20','2023-10-06',22817.00,9),(922,'Niki','Grishukhin','Mournian','1975-10-16','2022-12-26',37442.00,10),(923,'Dore','Gullis','Mahmood','1965-03-06','2020-04-26',32483.00,4),(924,'Melodie','Seden','Simister','1971-07-03','2018-11-17',22072.00,1),(925,'Justine','Sinkings','Klaessen','1972-09-20','2011-12-18',67825.00,3),(926,'Bucky','Kells','Friedman','1965-07-17','2010-09-19',59895.00,7),(927,'Scarlett','Paprotny','Chominski','1968-03-17','2010-03-11',54307.00,8),(928,'Alisa','Bustard','Willes','1967-02-07','2017-07-25',64522.00,3),(929,'Steffane','Grubey','Cammis','1975-04-01','2010-07-10',57763.00,7),(930,'Dermot','Hardiker','Fidgeon','1972-11-15','2022-07-26',44258.00,3),(931,'Tina','Kilalea','Laverty','1982-01-25','2013-01-26',85529.90,4),(932,'Welbie','Cobain','Carvill','1986-09-14','2021-05-05',66150.00,10),(933,'Mannie','Spencley','Laytham','1963-04-24','2021-01-26',47888.67,2),(934,'Gerick','Seals','Iddins','1985-03-10','2018-02-17',29394.00,7),(935,'Hazel','Wallman','Kelling','1989-02-06','2017-11-27',24912.00,1),(936,'York','Padfield','Aisthorpe','1981-02-27','2022-03-11',38805.00,8),(937,'Bren','Dron','Furby','1987-11-28','2015-07-01',69862.81,6),(938,'Antoinette','Rosenthal','Chalfont','1980-06-23','2018-01-19',20863.00,5),(939,'Agatha','Vitler','Darben','1973-01-28','2021-06-11',41338.00,7),(940,'Matthias','Sheryn','Ridgley','1989-11-07','2021-01-23',25733.40,4),(941,'Dale','Burchall','Whyteman','1985-04-25','2014-01-30',32499.00,9),(942,'Carin','Saterweyte','Wotton','1964-06-09','2021-12-19',34196.00,11),(943,'Desiri','Sentinella','Bamford','1963-03-07','2021-06-09',69325.00,7),(944,'Kelsy','Feron','Desseine','1982-01-12','2018-05-21',30842.00,1),(945,'Mellie','Conkey','Hardy-Piggin','1984-12-05','2014-12-14',78642.30,4),(946,'Robinson','Dantesia','Vernalls','1967-07-15','2020-12-04',64731.97,2),(947,'Shandee','Matuszewski','Mauchlen','1978-11-05','2015-12-10',27013.00,10),(948,'Kristen','Bushrod','Ferrone','1983-07-30','2012-05-21',57812.00,9),(949,'Vilma','Stoner','Glaves','1979-10-30','2018-03-15',61454.00,3),(950,'Emilio','Adne','Latus','1988-07-17','2018-06-23',56456.40,4),(951,'Lindsay','Eusden','Donoher','1972-02-15','2018-10-03',28366.00,5),(952,'Hebert','Wabb','Theodoris','1977-07-01','2018-01-03',44803.23,2),(953,'Tandi','Hurring','Killich','1980-01-04','2018-01-06',41736.91,6),(954,'Diannne','Hallum','McRory','1979-11-27','2021-02-09',31667.00,11),(955,'Erasmus','Farenden','Pead','1970-03-07','2011-06-14',26714.00,3),(956,'Lucas','Gibard','Hegdonne','1967-12-01','2017-12-15',73263.00,9),(957,'Richmound','Puig','Wigginton','1964-11-19','2015-11-07',39996.00,10),(958,'Lidia','Greetham','Gedge','1981-10-22','2019-02-11',49690.00,7),(959,'Kippy','Eastlake','Havelin','1975-12-08','2018-11-19',20566.00,8),(960,'Michelle','Bricket','Goldthorpe','1967-04-28','2023-03-05',71653.00,11),(961,'Gussy','Sandon','MacPhee','1986-02-26','2010-08-01',58721.00,11),(962,'Griswold','Hunday','Mardle','1981-01-12','2016-03-04',40796.00,10),(963,'Aleta','Ikin','Showering','1984-03-18','2021-09-09',28306.00,11),(964,'Roxy','Cristofori','Beardsworth','1973-06-11','2012-02-10',37593.00,10),(965,'Deane','Bohin','Leng','1969-05-28','2010-07-18',87432.60,2),(966,'Suzann','Freke','Oganian','1975-09-17','2021-05-27',25223.00,3),(967,'Eryn','Souley','Atack','1977-04-22','2013-05-30',44716.00,11),(968,'Hunter','Libbie','Pook','1988-08-08','2012-07-16',46011.00,3),(969,'Elianore','Boscher','Gilardoni','1966-07-31','2016-03-10',28549.00,10),(970,'Bailey','Rickcord','Hassall','1968-02-22','2019-07-25',32880.00,1),(971,'Portie','Taggart','Nathon','1969-02-06','2014-03-19',85850.00,11),(972,'Beatrice','Carney','Fetherby','1980-03-23','2018-10-07',81768.70,6),(973,'Brandise','Gilardone','Bence','1962-12-21','2017-03-29',65729.00,7),(974,'Cchaddie','Pancoust','Clemenson','1965-11-07','2014-01-16',25769.00,10),(975,'Anastassia','Abbison','Boyne','1973-03-06','2015-12-19',60768.00,8),(976,'Stinky','Gilfillan','Tully','1988-03-23','2010-09-09',39669.31,2),(977,'Bobbye','Beacock','Jansey','1969-05-13','2018-05-26',25507.00,10),(978,'Roddy','Asche','Benjefield','1979-08-10','2024-01-31',25936.00,7),(979,'Tricia','Gleed','Brookson','1978-01-15','2018-03-20',47868.00,1),(980,'Kayle','Birdwhistell','Thecham','1977-06-10','2021-09-12',80187.00,10),(981,'Neddie','Custed','Tremolieres','1981-02-14','2020-05-15',71251.00,8),(982,'Hube','Ginnally','Shapira','1973-02-02','2011-04-22',60914.00,10),(983,'Margarita','Parr','Askaw','1988-10-30','2021-08-12',50850.00,11),(984,'Crawford','Goolding','Mattessen','1975-06-21','2020-12-07',56036.00,9),(985,'Barclay','Roach','Diego','1971-01-15','2018-06-20',63279.00,7),(986,'Hendrik','Baldack','Breed','1984-05-26','2023-01-16',68835.00,9),(987,'Grant','Ohms','Simmings','1975-04-07','2011-09-22',28778.00,11),(988,'Korey','Kinneally','McBride','1965-10-06','2021-02-06',24233.30,2),(989,'Randi','Thomsen','Filipowicz','1978-04-06','2012-06-04',52123.00,3),(990,'Adda','Lawlee','Weatherdon','1971-10-23','2012-06-06',44706.00,5),(991,'Ricoriki','Cagan','Aspden','1988-11-08','2019-12-03',26445.00,3),(992,'Jewelle','Egar','Lawlee','1967-03-14','2019-04-08',63652.00,7),(993,'Ursula','De Avenell','Pollastrino','1971-04-05','2015-12-15',57855.00,5),(994,'Carroll','Wreakes','Renfrew','1970-05-25','2019-04-08',44804.00,3),(995,'Thatch','Sheahan','Lambourne','1982-03-03','2023-11-21',54451.00,8),(996,'Glenda','Corstan','Paprotny','1984-04-02','2021-10-06',45176.00,7),(997,'Gretchen','Tabbernor','Sheahan','1966-06-11','2013-03-14',76179.00,8),(998,'Fielding','Dumingos','Corah','1971-12-25','2010-01-17',66325.00,7),(999,'Pat','Creaser','Staning','1973-01-31','2014-01-15',53588.10,4),(1000,'Ruttger','Chifney','Zapatero','1987-06-08','2018-04-03',42249.00,11);
/*!40000 ALTER TABLE `empleados` ENABLE KEYS */;
UNLOCK TABLES;

--
-- Table structure for table `paises`
--

DROP TABLE IF EXISTS `paises`;
/*!40101 SET @saved_cs_client     = @@character_set_client */;
/*!50503 SET character_set_client = utf8mb4 */;
CREATE TABLE `paises` (
  `id` int NOT NULL AUTO_INCREMENT,
  `pais` varchar(30) NOT NULL,
  `ue` tinyint(1) DEFAULT NULL,
  PRIMARY KEY (`id`)
) ENGINE=InnoDB AUTO_INCREMENT=215 DEFAULT CHARSET=utf8mb4 COLLATE=utf8mb4_0900_ai_ci;
/*!40101 SET character_set_client = @saved_cs_client */;

--
-- Dumping data for table `paises`
--

LOCK TABLES `paises` WRITE;
/*!40000 ALTER TABLE `paises` DISABLE KEYS */;
INSERT INTO `paises` VALUES (1,'Afganistn',0),(2,'Albania',0),(3,'Alemania',1),(4,'Algeria',0),(5,'Andorra',0),(6,'Angola',0),(7,'Anguilla',0),(8,'Antigua y Barbuda',0),(9,'Antillas Holandesas',0),(10,'Arabia Saudita',0),(11,'Argentina',0),(12,'Armenia',0),(13,'Aruba',0),(14,'Australia',0),(15,'Austria',1),(16,'Azerbaiyn',0),(17,'Blgica',1),(18,'Bahamas',0),(19,'Bahrein',0),(20,'Bangladesh',0),(21,'Barbados',0),(22,'Belice',0),(23,'Benn',0),(24,'Bermudas',0),(25,'Bielorrusia',0),(26,'Bolivia',0),(27,'Bosnia y Herzegovina',0),(28,'Botsuana',0),(29,'Brasil',0),(30,'Bruni',0),(31,'Bulgaria',1),(32,'Burkina Faso',0),(33,'Burundi',0),(34,'Butn',0),(35,'Cabo Verde',0),(36,'Camboya',0),(37,'Camern',0),(38,'Canad',0),(39,'Chad',0),(40,'Chile',0),(41,'China',0),(42,'Chipre',1),(43,'Colombia',0),(44,'Comores',0),(45,'Congo (Brazzaville)',0),(46,'Congo (Kinshasa)',0),(47,'Cook, Islas',0),(48,'Corea del Norte',0),(49,'Corea del Sur',0),(50,'Costa de Marfil',0),(51,'Costa Rica',0),(52,'Croacia',1),(53,'Cuba',0),(54,'Dinamarca',1),(55,'Djibouti, Yibuti',0),(56,'Ecuador',0),(57,'Egipto',0),(58,'El Salvador',0),(59,'Emiratos rabes Unidos',0),(60,'Eritrea',0),(61,'Eslovaquia',1),(62,'Eslovenia',1),(63,'Espaa',1),(64,'Estados Unidos',0),(65,'Estonia',1),(66,'Etiopa',0),(67,'Feroe, Islas',0),(68,'Filipinas',0),(69,'Finlandia',1),(70,'Fiyi',0),(71,'Francia',1),(72,'Gabn',0),(73,'Gambia',0),(74,'Georgia',0),(75,'Ghana',0),(76,'Gibraltar',0),(77,'Granada',0),(78,'Grecia',1),(79,'Groenlandia',0),(80,'Guadalupe',0),(81,'Guatemala',0),(82,'Guernsey',0),(83,'Guinea',0),(84,'Guinea Ecuatorial',0),(85,'Guinea-Bissau',0),(86,'Guyana',0),(87,'Haiti',0),(88,'Honduras',0),(89,'Hong Kong',0),(90,'Hungra',1),(91,'India',0),(92,'Indonesia',0),(93,'Irn',0),(94,'Irak',0),(95,'Irlanda',1),(96,'Isla Pitcairn',0),(97,'Islandia',0),(98,'Islas Salomn',0),(99,'Islas Turcas y Caicos',0),(100,'Islas Virgenes Britnicas',0),(101,'Israel',0),(102,'Italia',1),(103,'Jamaica',0),(104,'Japn',0),(105,'Jersey',0),(106,'Jordania',0),(107,'Kazajstn',0),(108,'Kenia',0),(109,'Kirguistn',0),(110,'Kiribati',0),(111,'Kuwait',0),(112,'Lbano',0),(113,'Laos',0),(114,'Lesotho',0),(115,'Letonia',1),(116,'Liberia',0),(117,'Libia',0),(118,'Liechtenstein',0),(119,'Lituania',1),(120,'Luxemburgo',1),(121,'Mxico',0),(122,'Mnaco',0),(123,'Macedonia',0),(124,'Madagascar',0),(125,'Mal',0),(126,'Malasia',0),(127,'Malawi',0),(128,'Maldivas',0),(129,'Malta',1),(130,'Man, Isla de',0),(131,'Marruecos',0),(132,'Martinica',0),(133,'Mauricio',0),(134,'Mauritania',0),(135,'Moldavia',0),(136,'Mongolia',0),(137,'Mozambique',0),(138,'Myanmar',0),(139,'Nger',0),(140,'Namibia',0),(141,'Nauru',0),(142,'Nepal',0),(143,'Nicaragua',0),(144,'Nigeria',0),(145,'Norfolk Island',0),(146,'Noruega',0),(147,'Nueva Caledonia',0),(148,'Nueva Zelanda',0),(149,'Omn',0),(150,'Pases Bajos, Holanda',1),(151,'Pakistn',0),(152,'Panam',0),(153,'Papa-Nueva Guinea',0),(154,'Paraguay',0),(155,'Per',0),(156,'Polinesia Francesa',0),(157,'Polonia',1),(158,'Portugal',1),(159,'Puerto Rico',0),(160,'Qatar',0),(161,'Reino Unido',0),(162,'Repblica Checa',1),(163,'Repblica Dominicana',0),(164,'Reunin',0),(165,'Ruanda',0),(166,'Rumana',1),(167,'Rusia',0),(168,'Shara Occidental',0),(169,'Samoa',0),(170,'San Cristobal y Nevis',0),(171,'San Marino',0),(172,'San Pedro y Miqueln',0),(173,'San Tom y Prncipe',0),(174,'San Vincente y Granadinas',0),(175,'Santa Elena',0),(176,'Santa Luca',0),(177,'Senegal',0),(178,'Serbia y Montenegro',0),(179,'Seychelles',0),(180,'Sierra Leona',0),(181,'Singapur',0),(182,'Siria',0),(183,'Somalia',0),(184,'Sri Lanka',0),(185,'Sudfrica',0),(186,'Sudn',0),(187,'Suecia',1),(188,'Suiza',0),(189,'Surinam',0),(190,'Swazilandia',0),(191,'Tadjikistan',0),(192,'Tailandia',0),(193,'Taiwan',0),(194,'Tanzania',0),(195,'Tnez',0),(196,'Timor Oriental',0),(197,'Togo',0),(198,'Tokelau',0),(199,'Tonga',0),(200,'Trinidad y Tobago',0),(201,'Turkmenistan',0),(202,'Turqua',0),(203,'Tuvalu',0),(204,'Ucrania',0),(205,'Uganda',0),(206,'Uruguay',0),(207,'Uzbekistn',0),(208,'Vanuatu',0),(209,'Venezuela',0),(210,'Vietnam',0),(211,'Wallis y Futuna',0),(212,'Yemen',0),(213,'Zambia',0),(214,'Zimbabwe',0);
/*!40000 ALTER TABLE `paises` ENABLE KEYS */;
UNLOCK TABLES;

--
-- Table structure for table `pedidos`
--

DROP TABLE IF EXISTS `pedidos`;
/*!40101 SET @saved_cs_client     = @@character_set_client */;
/*!50503 SET character_set_client = utf8mb4 */;
CREATE TABLE `pedidos` (
  `id` int NOT NULL AUTO_INCREMENT,
  `fecha` datetime NOT NULL,
  `id_cliente` int NOT NULL,
  `id_vendedor` int NOT NULL,
  `importe` decimal(9,2) DEFAULT NULL,
  `descuento` int DEFAULT NULL,
  `total_a_pagar` decimal(9,2) DEFAULT NULL,
  PRIMARY KEY (`id`),
  KEY `id_cliente` (`id_cliente`),
  KEY `id_vendedor` (`id_vendedor`),
  CONSTRAINT `pedidos_ibfk_1` FOREIGN KEY (`id_cliente`) REFERENCES `clientes` (`id`) ON UPDATE CASCADE,
  CONSTRAINT `pedidos_ibfk_2` FOREIGN KEY (`id_vendedor`) REFERENCES `empleados` (`id`) ON UPDATE CASCADE
) ENGINE=InnoDB AUTO_INCREMENT=1001 DEFAULT CHARSET=utf8mb4 COLLATE=utf8mb4_0900_ai_ci;
/*!40101 SET character_set_client = @saved_cs_client */;

--
-- Dumping data for table `pedidos`
--

LOCK TABLES `pedidos` WRITE;
/*!40000 ALTER TABLE `pedidos` DISABLE KEYS */;
INSERT INTO `pedidos` VALUES (1,'2017-03-21 00:00:00',842,756,177.69,2,174.14),(2,'2016-06-24 00:00:00',931,572,90.00,6,84.60),(3,'2018-10-09 00:00:00',154,38,0.00,1,0.00),(4,'2011-08-08 00:00:00',272,840,70.00,1,69.30),(5,'2021-08-12 00:00:00',515,353,0.00,9,0.00),(6,'2023-12-19 00:00:00',357,17,54.70,10,49.23),(7,'2024-01-03 00:00:00',123,84,653.24,2,640.18),(8,'2014-06-06 00:00:00',696,790,705.77,10,635.19),(9,'2024-01-27 00:00:00',521,337,279.51,5,265.53),(10,'2022-02-07 00:00:00',488,565,116.03,4,111.39),(11,'2020-02-23 00:00:00',701,84,0.00,10,0.00),(12,'2014-03-12 00:00:00',973,777,0.00,0,0.00),(13,'2021-09-17 00:00:00',159,38,32.82,6,30.85),(14,'2015-02-11 00:00:00',642,364,0.00,10,0.00),(15,'2014-04-09 00:00:00',652,787,347.34,5,329.97),(16,'2020-08-05 00:00:00',803,95,0.00,4,0.00),(17,'2012-09-21 00:00:00',192,463,0.00,7,0.00),(18,'2020-12-09 00:00:00',219,840,929.71,0,929.71),(19,'2021-10-04 00:00:00',273,181,0.00,10,0.00),(20,'2016-04-09 00:00:00',25,703,1399.68,3,1357.69),(21,'2011-02-14 00:00:00',994,777,0.00,10,0.00),(22,'2022-07-18 00:00:00',169,935,102.08,10,91.87),(23,'2011-09-12 00:00:00',370,803,123.20,4,118.27),(24,'2018-07-05 00:00:00',97,821,317.90,5,302.01),(25,'2014-10-06 00:00:00',118,789,1034.95,0,1034.95),(26,'2021-01-03 00:00:00',573,858,32.55,3,31.57),(27,'2013-08-20 00:00:00',578,777,1230.05,5,1168.55),(28,'2014-01-24 00:00:00',97,219,0.00,5,0.00),(29,'2012-01-25 00:00:00',867,638,130.64,8,120.19),(30,'2018-02-17 00:00:00',119,453,950.74,7,884.19),(31,'2017-10-09 00:00:00',766,565,0.00,9,0.00),(32,'2023-03-30 00:00:00',313,192,1844.99,10,1660.49),(33,'2016-02-13 00:00:00',402,833,452.34,1,447.82),(34,'2014-02-24 00:00:00',204,219,106.48,10,95.83),(35,'2019-01-01 00:00:00',213,337,0.00,2,0.00),(36,'2016-07-17 00:00:00',450,924,0.00,6,0.00),(37,'2019-09-25 00:00:00',897,659,81.40,6,76.52),(38,'2012-09-09 00:00:00',699,790,0.00,4,0.00),(39,'2017-09-20 00:00:00',837,935,200.47,10,180.42),(40,'2022-11-07 00:00:00',783,790,26.62,1,26.35),(41,'2011-04-20 00:00:00',425,935,549.00,3,532.53),(42,'2017-10-31 00:00:00',438,777,0.00,3,0.00),(43,'2014-06-27 00:00:00',523,151,2593.02,10,2333.72),(44,'2017-05-27 00:00:00',635,885,95.76,10,86.18),(45,'2021-12-05 00:00:00',30,219,0.00,2,0.00),(46,'2013-03-27 00:00:00',855,371,0.00,7,0.00),(47,'2012-09-17 00:00:00',502,970,1466.79,6,1378.78),(48,'2020-08-12 00:00:00',475,496,623.05,10,560.75),(49,'2020-03-31 00:00:00',739,610,200.02,8,184.02),(50,'2017-09-09 00:00:00',195,610,238.30,10,214.47),(51,'2017-06-16 00:00:00',49,777,0.00,9,0.00),(52,'2016-05-05 00:00:00',934,565,893.16,7,830.64),(53,'2022-11-20 00:00:00',177,790,634.95,3,615.90),(54,'2016-05-17 00:00:00',809,833,376.97,8,346.81),(55,'2018-02-28 00:00:00',490,572,649.74,10,584.77),(56,'2019-01-25 00:00:00',392,893,0.00,4,0.00),(57,'2011-03-09 00:00:00',565,192,0.00,10,0.00),(58,'2016-06-11 00:00:00',383,192,331.66,10,298.49),(59,'2013-08-22 00:00:00',23,914,0.00,6,0.00),(60,'2016-11-23 00:00:00',623,864,0.00,10,0.00),(61,'2019-02-09 00:00:00',131,124,459.18,8,422.45),(62,'2019-12-11 00:00:00',107,924,0.00,1,0.00),(63,'2017-07-08 00:00:00',504,424,0.00,9,0.00),(64,'2021-07-17 00:00:00',669,587,789.30,6,741.94),(65,'2012-05-10 00:00:00',769,151,0.00,10,0.00),(66,'2015-10-25 00:00:00',755,789,510.51,6,479.88),(67,'2015-10-12 00:00:00',672,192,505.91,4,485.67),(68,'2018-05-12 00:00:00',169,36,146.52,10,131.87),(69,'2017-12-17 00:00:00',121,944,48.48,7,45.09),(70,'2019-12-21 00:00:00',573,372,0.00,3,0.00),(71,'2019-06-17 00:00:00',243,64,75.00,5,71.25),(72,'2020-10-12 00:00:00',961,192,183.59,6,172.57),(73,'2020-11-06 00:00:00',950,511,0.00,6,0.00),(74,'2013-10-21 00:00:00',775,249,172.80,9,157.25),(75,'2018-08-17 00:00:00',127,17,0.00,8,0.00),(76,'2013-03-18 00:00:00',147,219,10.85,2,10.63),(77,'2014-01-20 00:00:00',935,151,0.00,10,0.00),(78,'2021-03-08 00:00:00',110,249,57.42,4,55.12),(79,'2018-12-22 00:00:00',558,678,0.00,10,0.00),(80,'2023-05-22 00:00:00',129,337,839.71,10,755.74),(81,'2023-12-31 00:00:00',338,458,261.65,0,261.65),(82,'2013-02-10 00:00:00',582,271,0.00,3,0.00),(83,'2012-10-07 00:00:00',762,767,1049.63,5,997.15),(84,'2011-09-13 00:00:00',654,519,756.86,6,711.45),(85,'2015-03-01 00:00:00',604,659,70.18,10,63.16),(86,'2016-08-21 00:00:00',672,754,754.87,4,724.68),(87,'2021-12-09 00:00:00',847,756,15.00,8,13.80),(88,'2016-10-11 00:00:00',568,555,0.00,6,0.00),(89,'2022-11-04 00:00:00',585,482,0.00,10,0.00),(90,'2021-07-13 00:00:00',805,80,23.33,10,21.00),(91,'2012-10-19 00:00:00',219,755,0.00,0,0.00),(92,'2018-05-25 00:00:00',146,678,835.38,8,768.55),(93,'2022-10-11 00:00:00',27,84,1043.34,0,1043.34),(94,'2011-12-19 00:00:00',409,675,10.80,4,10.37),(95,'2014-09-13 00:00:00',603,638,373.67,10,336.30),(96,'2015-01-11 00:00:00',9,95,0.00,6,0.00),(97,'2017-03-01 00:00:00',529,364,25.38,10,22.84),(98,'2021-03-26 00:00:00',752,424,0.00,4,0.00),(99,'2014-06-10 00:00:00',627,387,0.00,0,0.00),(100,'2022-06-14 00:00:00',315,924,0.00,10,0.00),(101,'2023-08-08 00:00:00',518,364,0.00,10,0.00),(102,'2024-01-15 00:00:00',924,201,0.00,9,0.00),(103,'2022-08-20 00:00:00',730,622,1925.36,6,1809.84),(104,'2019-10-24 00:00:00',551,529,297.72,1,294.74),(105,'2023-09-06 00:00:00',943,519,0.00,10,0.00),(106,'2012-12-18 00:00:00',302,678,271.45,9,247.02),(107,'2019-02-03 00:00:00',503,36,284.24,0,284.24),(108,'2011-09-29 00:00:00',149,151,236.40,8,217.49),(109,'2018-09-02 00:00:00',708,441,850.45,7,790.92),(110,'2011-10-20 00:00:00',89,659,86.40,10,77.76),(111,'2018-10-16 00:00:00',438,678,1182.21,3,1146.74),(112,'2018-09-01 00:00:00',808,756,60.00,10,54.00),(113,'2020-12-15 00:00:00',682,441,574.95,1,569.20),(114,'2014-06-04 00:00:00',101,622,0.00,8,0.00),(115,'2012-05-09 00:00:00',758,840,0.00,1,0.00),(116,'2011-09-24 00:00:00',944,155,0.00,7,0.00),(117,'2012-08-14 00:00:00',13,885,422.40,3,409.73),(118,'2015-02-16 00:00:00',17,95,81.40,8,74.89),(119,'2023-11-20 00:00:00',237,763,164.10,3,159.18),(120,'2014-05-27 00:00:00',4,118,374.59,7,348.37),(121,'2011-12-17 00:00:00',830,935,109.08,2,106.90),(122,'2022-11-06 00:00:00',919,309,1085.80,2,1064.08),(123,'2012-05-25 00:00:00',469,596,32.82,3,31.84),(124,'2016-06-12 00:00:00',641,914,0.00,0,0.00),(125,'2017-04-24 00:00:00',511,337,172.68,4,165.77),(126,'2017-06-01 00:00:00',813,372,75.95,0,75.95),(127,'2019-12-16 00:00:00',476,474,579.54,10,521.59),(128,'2020-07-27 00:00:00',635,610,103.02,10,92.72),(129,'2022-04-29 00:00:00',160,187,893.13,10,803.82),(130,'2021-05-07 00:00:00',561,596,284.62,10,256.16),(131,'2011-05-14 00:00:00',41,787,0.00,9,0.00),(132,'2017-12-11 00:00:00',904,477,814.21,2,797.93),(133,'2022-12-18 00:00:00',651,622,58.65,8,53.96),(134,'2015-05-30 00:00:00',505,17,167.90,5,159.51),(135,'2019-08-21 00:00:00',841,187,0.00,4,0.00),(136,'2014-02-25 00:00:00',258,246,0.00,3,0.00),(137,'2012-07-17 00:00:00',455,474,510.51,4,490.09),(138,'2022-10-10 00:00:00',702,446,0.00,7,0.00),(139,'2015-05-13 00:00:00',244,756,626.70,10,564.03),(140,'2017-03-23 00:00:00',507,424,86.80,6,81.59),(141,'2018-02-23 00:00:00',293,38,0.00,0,0.00),(142,'2023-01-19 00:00:00',196,529,210.50,7,195.77),(143,'2021-05-14 00:00:00',110,685,0.00,4,0.00),(144,'2019-02-17 00:00:00',724,970,177.60,4,170.50),(145,'2024-02-14 00:00:00',103,610,0.00,8,0.00),(146,'2023-11-16 00:00:00',19,858,156.30,6,146.92),(147,'2014-09-21 00:00:00',708,754,120.35,7,111.93),(148,'2019-03-16 00:00:00',538,610,0.00,7,0.00),(149,'2012-02-09 00:00:00',720,371,122.10,5,115.99),(150,'2018-05-07 00:00:00',368,832,0.00,3,0.00),(151,'2016-02-16 00:00:00',643,487,60.96,8,56.08),(152,'2011-07-01 00:00:00',237,17,660.68,3,640.86),(153,'2018-12-26 00:00:00',422,424,49.72,3,48.23),(154,'2015-06-25 00:00:00',688,773,61.52,5,58.44),(155,'2015-09-20 00:00:00',74,596,3172.50,7,2950.43),(156,'2013-04-21 00:00:00',569,463,575.64,10,518.08),(157,'2017-07-22 00:00:00',63,353,622.08,1,615.86),(158,'2012-08-19 00:00:00',10,833,0.00,6,0.00),(159,'2012-05-22 00:00:00',274,219,595.95,3,578.07),(160,'2016-06-10 00:00:00',443,970,108.50,3,105.25),(161,'2022-05-16 00:00:00',960,463,65.26,10,58.73),(162,'2020-11-04 00:00:00',758,17,10.00,1,9.90),(163,'2019-03-03 00:00:00',959,610,1542.90,10,1388.61),(164,'2014-01-17 00:00:00',410,17,1215.20,10,1093.68),(165,'2013-08-14 00:00:00',785,477,39.10,6,36.75),(166,'2021-08-04 00:00:00',420,364,0.00,10,0.00),(167,'2022-09-22 00:00:00',276,496,679.41,5,645.44),(168,'2016-02-01 00:00:00',253,935,0.00,1,0.00),(169,'2017-05-06 00:00:00',670,754,178.57,7,166.07),(170,'2019-08-07 00:00:00',190,885,0.00,10,0.00),(171,'2022-02-02 00:00:00',453,17,781.37,8,718.86),(172,'2016-02-04 00:00:00',401,424,445.64,4,427.81),(173,'2013-08-30 00:00:00',171,95,0.00,10,0.00),(174,'2021-01-31 00:00:00',9,151,0.00,6,0.00),(175,'2017-07-27 00:00:00',52,638,0.00,3,0.00),(176,'2021-07-02 00:00:00',676,424,0.00,6,0.00),(177,'2011-09-24 00:00:00',776,36,209.97,0,209.97),(178,'2014-10-24 00:00:00',644,597,234.45,8,215.69),(179,'2018-02-24 00:00:00',293,833,103.32,0,103.32),(180,'2018-10-09 00:00:00',429,38,0.00,6,0.00),(181,'2014-10-09 00:00:00',233,675,0.00,1,0.00),(182,'2012-06-22 00:00:00',538,477,0.00,7,0.00),(183,'2015-02-25 00:00:00',186,271,139.58,2,136.79),(184,'2013-01-06 00:00:00',172,371,521.00,5,494.95),(185,'2011-02-13 00:00:00',361,109,149.16,4,143.19),(186,'2019-10-13 00:00:00',255,979,108.00,8,99.36),(187,'2022-05-17 00:00:00',672,337,0.00,4,0.00),(188,'2013-02-22 00:00:00',266,109,0.00,6,0.00),(189,'2013-02-09 00:00:00',772,746,0.00,10,0.00),(190,'2023-08-16 00:00:00',141,767,53.83,9,48.99),(191,'2020-01-22 00:00:00',772,735,0.00,10,0.00),(192,'2017-05-04 00:00:00',904,181,55.00,2,53.90),(193,'2015-03-07 00:00:00',535,487,1311.45,9,1193.42),(194,'2021-08-22 00:00:00',903,424,84.84,2,83.14),(195,'2011-03-12 00:00:00',38,864,0.00,3,0.00),(196,'2016-11-07 00:00:00',142,596,206.15,10,185.54),(197,'2021-07-15 00:00:00',250,777,1235.40,8,1136.57),(198,'2017-07-21 00:00:00',395,414,631.67,4,606.40),(199,'2019-01-23 00:00:00',702,756,222.25,7,206.69),(200,'2012-01-31 00:00:00',624,767,221.40,10,199.26),(201,'2022-08-26 00:00:00',789,36,186.64,4,179.17),(202,'2018-07-15 00:00:00',87,249,15.40,1,15.25),(203,'2020-07-03 00:00:00',251,833,0.00,0,0.00),(204,'2016-08-03 00:00:00',197,735,0.00,1,0.00),(205,'2012-11-13 00:00:00',813,767,0.00,0,0.00),(206,'2016-07-04 00:00:00',799,371,309.96,2,303.76),(207,'2016-07-18 00:00:00',537,38,162.75,10,146.48),(208,'2013-09-12 00:00:00',264,95,108.50,3,105.25),(209,'2023-10-06 00:00:00',917,271,0.00,10,0.00),(210,'2013-10-15 00:00:00',155,935,0.00,1,0.00),(211,'2017-05-09 00:00:00',843,789,293.82,10,264.44),(212,'2020-02-03 00:00:00',178,787,0.00,9,0.00),(213,'2015-08-20 00:00:00',966,703,0.00,10,0.00),(214,'2012-01-04 00:00:00',918,555,1031.51,10,928.36),(215,'2013-06-17 00:00:00',560,519,0.00,5,0.00),(216,'2016-12-11 00:00:00',948,935,0.00,7,0.00),(217,'2017-11-23 00:00:00',639,840,698.49,4,670.55),(218,'2021-10-24 00:00:00',887,184,10.85,9,9.87),(219,'2015-03-08 00:00:00',764,638,563.31,0,563.31),(220,'2023-05-04 00:00:00',600,659,0.00,7,0.00),(221,'2018-11-22 00:00:00',857,372,0.00,5,0.00),(222,'2017-05-23 00:00:00',962,364,25.00,0,25.00),(223,'2019-09-12 00:00:00',199,864,0.00,4,0.00),(224,'2018-09-20 00:00:00',505,353,442.85,5,420.71),(225,'2015-05-21 00:00:00',547,519,210.90,10,189.81),(226,'2021-09-19 00:00:00',382,337,432.26,6,406.32),(227,'2018-05-27 00:00:00',152,859,0.00,5,0.00),(228,'2019-11-15 00:00:00',206,424,0.00,4,0.00),(229,'2011-01-10 00:00:00',242,187,141.05,10,126.95),(230,'2020-09-09 00:00:00',92,825,364.88,2,357.58),(231,'2014-12-01 00:00:00',216,424,0.00,5,0.00),(232,'2021-04-20 00:00:00',374,620,108.50,10,97.65),(233,'2015-08-25 00:00:00',24,756,730.35,3,708.44),(234,'2012-11-13 00:00:00',665,572,640.44,6,602.01),(235,'2020-02-10 00:00:00',898,555,596.96,10,537.26),(236,'2011-12-08 00:00:00',821,864,422.73,7,393.14),(237,'2015-09-02 00:00:00',558,36,664.16,10,597.74),(238,'2018-09-22 00:00:00',159,738,278.46,6,261.75),(239,'2016-01-12 00:00:00',943,309,472.34,10,425.11),(240,'2016-03-15 00:00:00',315,686,0.00,10,0.00),(241,'2022-08-07 00:00:00',972,184,87.52,5,83.14),(242,'2019-01-04 00:00:00',950,155,24.17,6,22.72),(243,'2022-05-17 00:00:00',368,924,0.00,3,0.00),(244,'2022-07-17 00:00:00',22,424,306.12,1,303.06),(245,'2011-09-29 00:00:00',160,246,1539.69,10,1385.72),(246,'2020-09-21 00:00:00',814,832,93.32,10,83.99),(247,'2012-01-09 00:00:00',806,84,0.00,6,0.00),(248,'2018-02-28 00:00:00',473,121,74.12,8,68.19),(249,'2018-11-09 00:00:00',920,184,0.00,10,0.00),(250,'2017-09-12 00:00:00',255,511,0.00,8,0.00),(251,'2015-11-21 00:00:00',415,17,54.90,10,49.41),(252,'2014-03-27 00:00:00',954,155,45.00,5,42.75),(253,'2020-10-15 00:00:00',609,935,744.30,8,684.76),(254,'2012-08-04 00:00:00',330,453,255.74,5,242.95),(255,'2020-02-08 00:00:00',246,555,652.94,5,620.29),(256,'2022-12-15 00:00:00',314,309,154.00,0,154.00),(257,'2014-09-14 00:00:00',901,181,542.38,2,531.53),(258,'2013-08-30 00:00:00',816,124,1931.49,6,1815.60),(259,'2012-12-19 00:00:00',75,825,556.22,9,506.16),(260,'2013-05-20 00:00:00',801,519,0.00,9,0.00),(261,'2017-05-18 00:00:00',119,555,0.00,7,0.00),(262,'2014-06-28 00:00:00',7,756,187.13,5,177.77),(263,'2020-12-27 00:00:00',638,914,0.00,1,0.00),(264,'2017-04-07 00:00:00',743,181,0.00,6,0.00),(265,'2021-07-23 00:00:00',781,789,130.24,6,122.43),(266,'2020-03-06 00:00:00',598,453,290.04,9,263.94),(267,'2019-10-17 00:00:00',313,859,0.00,10,0.00),(268,'2018-11-18 00:00:00',492,118,149.16,10,134.24),(269,'2012-10-04 00:00:00',239,187,185.70,3,180.13),(270,'2020-09-11 00:00:00',500,596,10.94,8,10.06),(271,'2016-10-30 00:00:00',725,859,0.00,9,0.00),(272,'2023-07-23 00:00:00',478,219,86.80,10,78.12),(273,'2016-08-06 00:00:00',206,529,348.32,4,334.39),(274,'2012-02-06 00:00:00',195,192,15.40,10,13.86),(275,'2022-03-29 00:00:00',802,496,0.00,8,0.00),(276,'2016-09-01 00:00:00',390,756,290.04,0,290.04),(277,'2011-01-01 00:00:00',583,773,0.00,4,0.00),(278,'2022-04-02 00:00:00',805,789,729.00,10,656.10),(279,'2020-07-23 00:00:00',311,885,0.00,0,0.00),(280,'2016-03-24 00:00:00',906,935,25.51,8,23.47),(281,'2023-02-14 00:00:00',626,387,0.00,4,0.00),(282,'2014-01-18 00:00:00',260,970,65.10,5,61.84),(283,'2013-09-21 00:00:00',850,38,396.96,6,373.14),(284,'2016-03-13 00:00:00',439,675,0.00,2,0.00),(285,'2015-11-02 00:00:00',602,511,510.51,1,505.40),(286,'2012-01-12 00:00:00',649,446,494.10,6,464.45),(287,'2015-03-08 00:00:00',768,840,252.89,0,252.89),(288,'2018-09-07 00:00:00',794,458,681.59,0,681.59),(289,'2013-11-29 00:00:00',932,463,0.00,10,0.00),(290,'2018-02-18 00:00:00',83,767,82.94,10,74.65),(291,'2014-11-30 00:00:00',478,610,115.14,10,103.63),(292,'2016-01-04 00:00:00',946,755,0.00,1,0.00),(293,'2013-08-21 00:00:00',45,825,130.20,7,121.09),(294,'2018-08-23 00:00:00',6,496,0.00,2,0.00),(295,'2011-11-16 00:00:00',538,118,482.51,7,448.73),(296,'2020-08-21 00:00:00',849,424,945.59,5,898.31),(297,'2013-11-21 00:00:00',9,738,510.51,6,479.88),(298,'2014-11-05 00:00:00',863,893,303.29,0,303.29),(299,'2015-08-18 00:00:00',414,832,342.45,5,325.33),(300,'2011-10-11 00:00:00',956,458,108.46,3,105.21),(301,'2019-04-15 00:00:00',641,496,0.00,0,0.00),(302,'2015-05-26 00:00:00',108,864,1719.05,2,1684.67),(303,'2013-11-30 00:00:00',304,219,371.97,1,368.25),(304,'2012-08-17 00:00:00',474,309,32.66,9,29.72),(305,'2022-05-25 00:00:00',637,596,146.11,9,132.96),(306,'2020-06-09 00:00:00',501,337,0.00,4,0.00),(307,'2018-09-03 00:00:00',23,187,1384.28,6,1301.22),(308,'2012-04-23 00:00:00',119,474,0.00,7,0.00),(309,'2021-06-01 00:00:00',737,64,708.48,7,658.89),(310,'2014-11-13 00:00:00',366,825,1720.29,7,1599.87),(311,'2021-02-19 00:00:00',334,970,331.63,9,301.78),(312,'2020-09-01 00:00:00',242,622,483.40,10,435.06),(313,'2016-12-14 00:00:00',834,756,0.00,3,0.00),(314,'2018-08-21 00:00:00',23,738,0.00,6,0.00),(315,'2014-05-25 00:00:00',250,787,0.00,8,0.00),(316,'2013-07-11 00:00:00',79,686,226.73,9,206.32),(317,'2020-05-05 00:00:00',673,17,80.00,4,76.80),(318,'2018-09-20 00:00:00',300,787,70.18,0,70.18),(319,'2012-06-25 00:00:00',26,219,0.00,0,0.00),(320,'2012-06-16 00:00:00',456,337,708.48,6,665.97),(321,'2021-03-23 00:00:00',407,587,228.62,1,226.33),(322,'2022-05-06 00:00:00',959,893,0.00,10,0.00),(323,'2018-10-03 00:00:00',75,463,1419.90,9,1292.11),(324,'2016-01-30 00:00:00',463,463,49.62,9,45.15),(325,'2024-01-27 00:00:00',605,821,0.00,8,0.00),(326,'2016-09-11 00:00:00',396,914,48.99,1,48.50),(327,'2013-09-08 00:00:00',437,893,448.78,2,439.80),(328,'2023-05-25 00:00:00',645,364,480.00,9,436.80),(329,'2012-07-10 00:00:00',56,109,32.56,10,29.30),(330,'2013-09-25 00:00:00',723,738,0.00,7,0.00),(331,'2021-10-04 00:00:00',891,675,0.00,6,0.00),(332,'2020-05-16 00:00:00',105,738,0.00,5,0.00),(333,'2011-02-27 00:00:00',823,773,422.67,9,384.63),(334,'2012-07-30 00:00:00',744,17,0.00,5,0.00),(335,'2011-03-17 00:00:00',106,859,0.00,2,0.00),(336,'2012-01-28 00:00:00',351,924,380.02,8,349.62),(337,'2017-11-17 00:00:00',114,587,916.36,3,888.87),(338,'2019-09-05 00:00:00',604,565,0.00,10,0.00),(339,'2016-02-21 00:00:00',650,364,217.37,5,206.50),(340,'2024-02-15 00:00:00',965,446,2125.68,10,1913.11),(341,'2020-02-05 00:00:00',907,610,51.04,10,45.94),(342,'2023-09-16 00:00:00',714,587,278.11,10,250.30),(343,'2016-09-26 00:00:00',829,787,717.02,7,666.83),(344,'2015-11-24 00:00:00',88,597,381.07,10,342.96),(345,'2016-03-03 00:00:00',988,343,0.00,5,0.00),(346,'2013-08-03 00:00:00',1,735,32.40,10,29.16),(347,'2013-11-18 00:00:00',1000,187,25.52,2,25.01),(348,'2011-05-24 00:00:00',832,821,785.04,10,706.54),(349,'2014-06-30 00:00:00',670,424,1118.97,7,1040.64),(350,'2021-01-22 00:00:00',7,529,130.90,5,124.36),(351,'2020-05-05 00:00:00',962,859,263.56,0,263.56),(352,'2021-01-19 00:00:00',569,622,65.32,10,58.79),(353,'2012-09-08 00:00:00',903,155,53.83,2,52.75),(354,'2019-07-01 00:00:00',788,832,262.74,7,244.35),(355,'2022-10-26 00:00:00',115,596,179.63,10,161.67),(356,'2022-10-09 00:00:00',812,746,1254.96,1,1242.41),(357,'2017-11-21 00:00:00',154,441,32.56,1,32.23),(358,'2011-05-13 00:00:00',7,441,150.78,5,143.24),(359,'2012-04-06 00:00:00',471,825,715.14,4,686.53),(360,'2022-12-19 00:00:00',420,155,151.20,10,136.08),(361,'2016-10-13 00:00:00',267,735,99.44,1,98.45),(362,'2014-10-12 00:00:00',389,387,0.00,6,0.00),(363,'2012-05-24 00:00:00',242,596,40.50,10,36.45),(364,'2013-09-27 00:00:00',990,821,299.78,2,293.78),(365,'2013-06-29 00:00:00',115,463,435.06,10,391.55),(366,'2011-01-14 00:00:00',295,767,0.00,2,0.00),(367,'2016-11-02 00:00:00',971,803,0.00,8,0.00),(368,'2018-10-16 00:00:00',311,662,0.00,0,0.00),(369,'2022-03-22 00:00:00',488,935,82.18,4,78.89),(370,'2019-09-21 00:00:00',787,424,74.58,9,67.87),(371,'2018-07-19 00:00:00',570,84,510.01,1,504.91),(372,'2019-10-31 00:00:00',336,790,217.96,6,204.88),(373,'2013-04-26 00:00:00',382,80,0.00,6,0.00),(374,'2024-02-28 00:00:00',247,453,0.00,3,0.00),(375,'2015-02-06 00:00:00',979,885,79.86,10,71.87),(376,'2021-04-03 00:00:00',151,685,0.00,2,0.00),(377,'2019-09-05 00:00:00',49,686,0.00,9,0.00),(378,'2023-08-24 00:00:00',693,38,228.62,10,205.76),(379,'2013-06-27 00:00:00',144,970,0.00,3,0.00),(380,'2012-06-20 00:00:00',248,596,78.78,5,74.84),(381,'2013-02-17 00:00:00',517,487,164.10,8,150.97),(382,'2014-10-11 00:00:00',766,735,3.91,9,3.56),(383,'2020-09-11 00:00:00',99,246,0.00,7,0.00),(384,'2011-05-15 00:00:00',109,463,430.65,3,417.73),(385,'2013-06-23 00:00:00',302,659,15.00,9,13.65),(386,'2020-02-27 00:00:00',596,944,0.00,9,0.00),(387,'2015-03-19 00:00:00',425,703,121.22,3,117.58),(388,'2023-05-09 00:00:00',942,790,0.00,8,0.00),(389,'2015-10-21 00:00:00',578,343,321.91,5,305.81),(390,'2015-11-25 00:00:00',515,64,76.90,9,69.98),(391,'2011-07-29 00:00:00',606,803,278.76,2,273.18),(392,'2018-06-07 00:00:00',998,187,1100.40,10,990.36),(393,'2011-12-06 00:00:00',595,944,504.52,6,474.25),(394,'2013-11-24 00:00:00',64,184,0.00,9,0.00),(395,'2020-12-19 00:00:00',49,145,380.03,9,345.83),(396,'2016-09-08 00:00:00',595,979,0.00,6,0.00),(397,'2014-12-20 00:00:00',589,155,109.40,5,103.93),(398,'2013-12-22 00:00:00',990,767,0.00,2,0.00),(399,'2023-04-09 00:00:00',496,754,284.95,10,256.46),(400,'2020-10-27 00:00:00',498,832,1244.16,3,1206.84),(401,'2018-07-11 00:00:00',556,441,77.00,7,71.61),(402,'2011-07-12 00:00:00',687,659,417.69,8,384.27),(403,'2023-12-08 00:00:00',932,703,926.09,10,833.48),(404,'2012-09-18 00:00:00',494,372,0.00,2,0.00),(405,'2020-04-28 00:00:00',389,790,0.00,6,0.00),(406,'2017-09-10 00:00:00',962,458,159.28,0,159.28),(407,'2023-10-16 00:00:00',196,587,284.73,7,264.80),(408,'2012-09-08 00:00:00',948,219,0.00,7,0.00),(409,'2023-07-05 00:00:00',45,825,349.95,7,325.45),(410,'2017-08-30 00:00:00',894,756,575.64,3,558.37),(411,'2017-10-23 00:00:00',722,84,186.81,5,177.47),(412,'2021-11-20 00:00:00',505,219,140.40,5,133.38),(413,'2021-02-25 00:00:00',405,686,0.00,7,0.00),(414,'2023-04-23 00:00:00',962,387,0.00,0,0.00),(415,'2021-04-07 00:00:00',765,763,894.77,7,832.14),(416,'2021-12-26 00:00:00',114,184,1244.16,3,1206.84),(417,'2016-06-20 00:00:00',930,187,0.00,3,0.00),(418,'2020-07-22 00:00:00',670,755,164.01,7,152.53),(419,'2020-04-08 00:00:00',938,620,77.00,10,69.30),(420,'2017-04-15 00:00:00',846,924,217.16,10,195.44),(421,'2015-08-24 00:00:00',155,773,84.59,1,83.74),(422,'2014-06-27 00:00:00',879,155,174.02,10,156.62),(423,'2011-01-18 00:00:00',706,353,0.00,10,0.00),(424,'2015-03-21 00:00:00',144,587,162.75,3,157.87),(425,'2019-03-05 00:00:00',120,859,0.00,10,0.00),(426,'2019-12-19 00:00:00',614,914,0.00,4,0.00),(427,'2016-06-11 00:00:00',843,17,129.54,10,116.59),(428,'2022-10-05 00:00:00',210,387,261.25,10,235.13),(429,'2021-09-21 00:00:00',809,474,317.84,8,292.41),(430,'2013-10-18 00:00:00',538,372,95.70,7,89.00),(431,'2022-11-04 00:00:00',390,773,0.00,0,0.00),(432,'2023-09-17 00:00:00',296,64,0.00,10,0.00),(433,'2012-10-19 00:00:00',411,219,1244.16,9,1132.19),(434,'2014-10-13 00:00:00',98,596,0.00,10,0.00),(435,'2014-02-06 00:00:00',771,372,0.00,10,0.00),(436,'2013-06-10 00:00:00',807,181,0.00,10,0.00),(437,'2019-07-19 00:00:00',624,821,95.70,10,86.13),(438,'2013-09-19 00:00:00',396,738,0.00,1,0.00),(439,'2012-12-04 00:00:00',207,145,0.00,4,0.00),(440,'2023-01-18 00:00:00',95,638,46.20,10,41.58),(441,'2012-11-16 00:00:00',340,482,0.00,9,0.00),(442,'2019-04-23 00:00:00',162,756,55.00,7,51.15),(443,'2011-02-26 00:00:00',334,832,50.83,9,46.26),(444,'2014-08-18 00:00:00',66,474,0.00,10,0.00),(445,'2011-09-22 00:00:00',612,201,0.00,10,0.00),(446,'2013-07-12 00:00:00',612,343,0.00,10,0.00),(447,'2022-04-12 00:00:00',582,424,408.28,3,396.03),(448,'2019-01-20 00:00:00',117,109,108.58,2,106.41),(449,'2020-10-21 00:00:00',83,885,482.24,10,434.02),(450,'2021-02-14 00:00:00',221,746,130.24,0,130.24),(451,'2018-03-27 00:00:00',934,662,0.00,7,0.00),(452,'2014-05-06 00:00:00',406,979,0.00,10,0.00),(453,'2019-10-02 00:00:00',3,555,0.00,3,0.00),(454,'2022-04-02 00:00:00',112,95,348.40,9,317.04),(455,'2018-06-03 00:00:00',244,458,708.56,10,637.70),(456,'2017-12-08 00:00:00',540,675,719.99,1,712.79),(457,'2014-08-09 00:00:00',131,777,893.16,8,821.71),(458,'2011-08-14 00:00:00',681,833,0.00,8,0.00),(459,'2014-04-02 00:00:00',101,529,347.34,8,319.55),(460,'2013-11-20 00:00:00',394,511,0.00,2,0.00),(461,'2020-10-01 00:00:00',362,675,0.00,6,0.00),(462,'2013-09-21 00:00:00',479,924,65.64,4,63.01),(463,'2014-04-19 00:00:00',908,858,612.77,10,551.49),(464,'2021-04-05 00:00:00',898,453,820.14,10,738.13),(465,'2012-07-03 00:00:00',93,424,510.54,10,459.49),(466,'2016-02-27 00:00:00',397,201,1022.04,4,981.16),(467,'2015-04-20 00:00:00',932,746,95.00,10,85.50),(468,'2012-10-01 00:00:00',164,482,336.17,7,312.64),(469,'2013-05-24 00:00:00',277,821,619.99,10,557.99),(470,'2021-10-26 00:00:00',848,36,1027.35,2,1006.80),(471,'2015-07-12 00:00:00',945,755,303.78,2,297.70),(472,'2020-08-30 00:00:00',105,118,928.20,5,881.79),(473,'2015-10-15 00:00:00',881,678,280.61,10,252.55),(474,'2016-03-05 00:00:00',728,789,0.00,4,0.00),(475,'2019-02-15 00:00:00',241,924,10.85,3,10.52),(476,'2018-12-10 00:00:00',968,944,0.00,5,0.00),(477,'2015-02-18 00:00:00',448,364,0.00,10,0.00),(478,'2016-01-05 00:00:00',46,787,670.73,5,637.19),(479,'2012-10-10 00:00:00',986,833,0.00,3,0.00),(480,'2015-07-30 00:00:00',273,17,108.46,10,97.61),(481,'2019-07-06 00:00:00',811,789,0.00,10,0.00),(482,'2015-01-13 00:00:00',125,145,5.00,7,4.65),(483,'2023-06-19 00:00:00',78,825,787.03,3,763.42),(484,'2016-07-27 00:00:00',149,790,0.00,8,0.00),(485,'2018-03-23 00:00:00',851,184,799.49,10,719.54),(486,'2021-07-31 00:00:00',333,371,513.22,10,461.90),(487,'2022-02-26 00:00:00',779,832,10.00,3,9.70),(488,'2023-07-14 00:00:00',479,763,0.00,4,0.00),(489,'2012-05-27 00:00:00',747,80,0.00,1,0.00),(490,'2011-07-04 00:00:00',754,893,895.28,1,886.33),(491,'2015-09-11 00:00:00',881,777,293.04,10,263.74),(492,'2011-09-04 00:00:00',416,686,1141.04,10,1026.94),(493,'2013-01-26 00:00:00',531,17,90.00,10,81.00),(494,'2016-03-25 00:00:00',771,453,217.53,10,195.78),(495,'2020-10-07 00:00:00',790,118,357.57,5,339.69),(496,'2011-03-07 00:00:00',287,610,0.00,4,0.00),(497,'2013-10-16 00:00:00',325,387,814.35,2,798.06),(498,'2014-06-22 00:00:00',458,364,0.00,2,0.00),(499,'2020-01-30 00:00:00',107,789,170.07,1,168.37),(500,'2022-01-21 00:00:00',647,622,22.20,3,21.53),(501,'2011-05-27 00:00:00',687,746,55.50,8,51.06),(502,'2018-07-04 00:00:00',298,610,0.00,2,0.00),(503,'2016-07-24 00:00:00',639,192,100.00,4,96.00),(504,'2021-09-21 00:00:00',434,587,794.60,10,715.14),(505,'2015-01-15 00:00:00',97,372,480.20,5,456.19),(506,'2021-11-21 00:00:00',234,36,0.00,7,0.00),(507,'2019-07-14 00:00:00',740,555,10.85,3,10.52),(508,'2021-10-04 00:00:00',187,587,0.00,4,0.00),(509,'2011-08-10 00:00:00',58,755,7.82,10,7.04),(510,'2020-05-08 00:00:00',243,638,54.54,5,51.81),(511,'2012-03-09 00:00:00',758,124,397.30,1,393.33),(512,'2014-08-20 00:00:00',868,620,7.70,2,7.55),(513,'2014-10-12 00:00:00',424,482,92.40,4,88.70),(514,'2020-06-13 00:00:00',802,387,1127.30,8,1037.12),(515,'2021-08-03 00:00:00',202,463,0.00,10,0.00),(516,'2017-07-12 00:00:00',233,155,238.44,1,236.06),(517,'2014-02-02 00:00:00',397,678,396.61,4,380.75),(518,'2016-12-18 00:00:00',339,735,617.38,6,580.34),(519,'2022-03-10 00:00:00',181,821,0.00,8,0.00),(520,'2017-12-31 00:00:00',304,754,0.00,1,0.00),(521,'2011-04-05 00:00:00',33,145,144.78,6,136.09),(522,'2020-08-31 00:00:00',868,773,0.00,2,0.00),(523,'2019-07-07 00:00:00',577,424,0.00,1,0.00),(524,'2023-12-03 00:00:00',189,803,0.00,9,0.00),(525,'2015-01-29 00:00:00',883,763,150.89,3,146.36),(526,'2014-11-13 00:00:00',484,446,835.38,6,785.26),(527,'2013-11-04 00:00:00',705,703,49.72,10,44.75),(528,'2011-07-08 00:00:00',59,755,1555.20,10,1399.68),(529,'2019-12-11 00:00:00',460,970,0.00,10,0.00),(530,'2022-10-02 00:00:00',29,219,90.00,6,84.60),(531,'2012-03-01 00:00:00',79,565,216.00,9,196.56),(532,'2019-07-07 00:00:00',139,685,0.00,7,0.00),(533,'2022-11-10 00:00:00',568,463,0.00,6,0.00),(534,'2022-06-26 00:00:00',194,387,348.04,9,316.72),(535,'2019-12-27 00:00:00',178,756,0.00,9,0.00),(536,'2022-09-19 00:00:00',532,859,497.20,5,472.34),(537,'2013-12-16 00:00:00',828,446,0.00,8,0.00),(538,'2020-11-30 00:00:00',557,303,619.15,9,563.43),(539,'2022-11-20 00:00:00',972,746,0.00,5,0.00),(540,'2012-11-08 00:00:00',63,458,903.21,1,894.18),(541,'2020-08-18 00:00:00',341,638,0.00,10,0.00),(542,'2021-11-07 00:00:00',276,496,286.55,5,272.22),(543,'2016-01-29 00:00:00',669,638,740.31,6,695.89),(544,'2014-04-07 00:00:00',829,746,600.31,7,558.29),(545,'2017-04-25 00:00:00',34,638,100.00,7,93.00),(546,'2012-08-21 00:00:00',88,885,0.00,10,0.00),(547,'2013-07-03 00:00:00',750,201,382.65,10,344.39),(548,'2012-07-01 00:00:00',782,622,0.00,10,0.00),(549,'2017-03-10 00:00:00',836,519,6.06,8,5.58),(550,'2021-12-27 00:00:00',904,893,0.00,2,0.00),(551,'2017-11-16 00:00:00',682,181,80.00,1,79.20),(552,'2019-11-09 00:00:00',671,64,87.52,7,81.39),(553,'2015-09-03 00:00:00',124,678,31.28,10,28.15),(554,'2018-05-25 00:00:00',875,864,48.34,3,46.89),(555,'2023-03-07 00:00:00',82,387,383.99,5,364.79),(556,'2021-09-30 00:00:00',904,555,488.25,2,478.49),(557,'2013-09-03 00:00:00',614,864,0.00,4,0.00),(558,'2014-06-14 00:00:00',527,36,153.06,8,140.82),(559,'2023-02-06 00:00:00',449,803,0.00,10,0.00),(560,'2012-03-27 00:00:00',544,303,149.16,3,144.69),(561,'2013-02-13 00:00:00',48,787,278.11,10,250.30),(562,'2017-03-12 00:00:00',393,572,1512.56,3,1467.18),(563,'2013-10-25 00:00:00',115,36,0.00,10,0.00),(564,'2018-07-10 00:00:00',907,424,228.62,10,205.76),(565,'2011-11-13 00:00:00',138,474,46.20,7,42.97),(566,'2011-09-07 00:00:00',10,529,0.00,6,0.00),(567,'2022-10-06 00:00:00',446,309,115.35,10,103.82),(568,'2019-09-10 00:00:00',370,482,95.00,4,91.20),(569,'2011-10-02 00:00:00',311,659,602.90,0,602.90),(570,'2019-08-27 00:00:00',920,763,0.00,10,0.00),(571,'2014-02-12 00:00:00',560,686,324.00,5,307.80),(572,'2012-07-10 00:00:00',700,343,0.00,0,0.00),(573,'2016-05-28 00:00:00',473,864,0.00,8,0.00),(574,'2014-02-08 00:00:00',787,620,705.88,9,642.35),(575,'2023-09-21 00:00:00',505,773,182.35,5,173.23),(576,'2018-01-28 00:00:00',915,703,0.00,8,0.00),(577,'2011-05-02 00:00:00',865,803,256.63,1,254.06),(578,'2016-02-12 00:00:00',991,458,0.00,5,0.00),(579,'2011-07-10 00:00:00',607,95,30.80,9,28.03),(580,'2012-06-16 00:00:00',144,825,319.37,3,309.79),(581,'2016-01-25 00:00:00',809,597,0.00,8,0.00),(582,'2022-05-14 00:00:00',469,935,987.57,3,957.94),(583,'2011-12-21 00:00:00',645,773,0.00,9,0.00),(584,'2022-06-11 00:00:00',262,864,0.00,0,0.00),(585,'2017-12-29 00:00:00',391,371,282.68,7,262.89),(586,'2017-05-16 00:00:00',943,924,841.32,10,757.19),(587,'2012-05-15 00:00:00',382,337,1139.70,6,1071.32),(588,'2018-06-15 00:00:00',889,192,1554.19,0,1554.19),(589,'2021-04-13 00:00:00',294,246,235.16,4,225.75),(590,'2020-09-02 00:00:00',204,840,186.34,10,167.71),(591,'2011-01-29 00:00:00',195,638,158.92,10,143.03),(592,'2014-05-01 00:00:00',381,756,279.96,10,251.96),(593,'2022-04-01 00:00:00',523,511,54.70,10,49.23),(594,'2024-03-03 00:00:00',218,859,494.95,6,465.25),(595,'2023-06-05 00:00:00',585,36,42.42,10,38.18),(596,'2021-06-18 00:00:00',359,587,81.40,0,81.40),(597,'2016-08-23 00:00:00',952,474,1526.13,10,1373.52),(598,'2019-05-24 00:00:00',111,463,526.50,2,515.97),(599,'2018-12-21 00:00:00',831,738,1257.83,9,1144.63),(600,'2015-03-05 00:00:00',660,755,146.52,5,139.19),(601,'2019-07-14 00:00:00',104,738,97.68,4,93.77),(602,'2019-03-29 00:00:00',417,17,205.72,7,191.32),(603,'2023-05-15 00:00:00',190,387,265.88,10,239.29),(604,'2022-12-06 00:00:00',735,924,0.00,5,0.00),(605,'2019-10-02 00:00:00',989,738,0.00,9,0.00),(606,'2023-01-17 00:00:00',917,685,0.00,10,0.00),(607,'2019-09-24 00:00:00',290,746,1670.86,10,1503.77),(608,'2011-01-30 00:00:00',823,935,0.00,9,0.00),(609,'2020-06-10 00:00:00',565,446,0.00,10,0.00),(610,'2015-06-04 00:00:00',430,181,209.97,2,205.77),(611,'2016-03-08 00:00:00',944,337,0.00,7,0.00),(612,'2023-12-10 00:00:00',72,511,425.89,0,425.89),(613,'2015-08-07 00:00:00',987,565,0.00,0,0.00),(614,'2017-10-28 00:00:00',169,80,205.19,10,184.67),(615,'2019-08-11 00:00:00',72,825,1008.53,0,1008.53),(616,'2012-07-21 00:00:00',710,118,48.48,10,43.63),(617,'2024-01-25 00:00:00',748,446,546.92,9,497.70),(618,'2019-10-19 00:00:00',940,458,75.95,2,74.43),(619,'2013-01-22 00:00:00',679,414,0.00,0,0.00),(620,'2023-05-16 00:00:00',813,364,58.65,0,58.65),(621,'2023-05-07 00:00:00',324,685,939.51,7,873.74),(622,'2023-05-11 00:00:00',205,109,0.00,10,0.00),(623,'2023-11-19 00:00:00',804,832,114.31,4,109.74),(624,'2019-07-16 00:00:00',454,755,0.00,0,0.00),(625,'2021-01-11 00:00:00',211,864,1138.14,8,1047.09),(626,'2015-05-16 00:00:00',1000,763,211.64,2,207.41),(627,'2018-08-22 00:00:00',629,638,144.78,2,141.88),(628,'2019-01-31 00:00:00',641,145,156.95,0,156.95),(629,'2015-02-09 00:00:00',305,678,534.19,2,523.51),(630,'2018-12-23 00:00:00',594,155,0.00,1,0.00),(631,'2022-04-28 00:00:00',908,970,1653.36,10,1488.02),(632,'2022-02-17 00:00:00',963,38,0.00,7,0.00),(633,'2017-07-06 00:00:00',814,446,1198.46,10,1078.61),(634,'2012-11-20 00:00:00',743,249,88.80,6,83.47),(635,'2022-10-13 00:00:00',747,337,0.00,1,0.00),(636,'2023-04-24 00:00:00',774,249,240.15,10,216.14),(637,'2011-08-15 00:00:00',363,787,110.84,6,104.19),(638,'2015-09-16 00:00:00',306,777,0.00,6,0.00),(639,'2013-11-11 00:00:00',628,487,115.14,8,105.93),(640,'2014-12-31 00:00:00',971,686,1241.04,8,1141.76),(641,'2014-04-06 00:00:00',656,858,0.00,8,0.00),(642,'2023-04-22 00:00:00',160,441,338.38,10,304.54),(643,'2013-07-24 00:00:00',109,755,0.00,3,0.00),(644,'2015-11-26 00:00:00',732,17,0.00,7,0.00),(645,'2021-01-06 00:00:00',276,511,0.00,5,0.00),(646,'2018-04-10 00:00:00',521,675,912.71,5,867.07),(647,'2023-03-22 00:00:00',591,424,137.25,10,123.53),(648,'2024-02-10 00:00:00',139,458,2364.52,7,2199.00),(649,'2021-09-24 00:00:00',268,337,106.68,10,96.01),(650,'2011-06-23 00:00:00',88,678,459.18,10,413.26),(651,'2021-08-22 00:00:00',576,414,0.00,10,0.00),(652,'2017-08-28 00:00:00',68,446,278.11,5,264.20),(653,'2021-01-24 00:00:00',137,787,0.00,6,0.00),(654,'2016-07-09 00:00:00',476,756,1328.55,10,1195.70),(655,'2021-08-28 00:00:00',554,703,30.30,5,28.79),(656,'2020-08-11 00:00:00',391,249,1382.80,7,1286.00),(657,'2019-04-26 00:00:00',202,109,0.00,10,0.00),(658,'2019-03-21 00:00:00',143,675,164.19,1,162.55),(659,'2012-08-27 00:00:00',79,121,546.20,9,497.04),(660,'2020-12-15 00:00:00',190,271,0.00,10,0.00),(661,'2019-04-12 00:00:00',291,746,226.17,0,226.17),(662,'2014-12-23 00:00:00',884,38,433.67,0,433.67),(663,'2011-06-07 00:00:00',369,155,163.30,1,161.67),(664,'2015-09-12 00:00:00',94,763,258.73,8,238.03),(665,'2018-06-05 00:00:00',23,746,57.42,6,53.97),(666,'2013-10-23 00:00:00',281,80,347.34,6,326.50),(667,'2021-11-30 00:00:00',231,463,960.29,3,931.48),(668,'2023-03-19 00:00:00',986,777,382.65,3,371.17),(669,'2011-08-13 00:00:00',808,36,354.28,10,318.85),(670,'2017-02-14 00:00:00',264,746,266.20,3,258.21),(671,'2011-11-07 00:00:00',110,587,0.00,4,0.00),(672,'2022-10-20 00:00:00',643,17,850.57,8,782.52),(673,'2021-09-18 00:00:00',492,979,0.00,10,0.00),(674,'2019-03-24 00:00:00',446,662,0.00,10,0.00),(675,'2015-01-06 00:00:00',359,675,0.00,0,0.00),(676,'2023-02-20 00:00:00',663,372,271.61,2,266.18),(677,'2022-11-13 00:00:00',779,482,0.00,3,0.00),(678,'2012-03-07 00:00:00',960,703,0.00,10,0.00),(679,'2016-08-17 00:00:00',910,343,265.71,8,244.45),(680,'2012-04-16 00:00:00',985,597,973.08,3,943.89),(681,'2017-01-15 00:00:00',684,767,0.00,10,0.00),(682,'2023-06-26 00:00:00',400,610,0.00,4,0.00),(683,'2020-07-31 00:00:00',243,572,0.00,5,0.00),(684,'2023-05-27 00:00:00',552,477,306.07,3,296.89),(685,'2021-11-02 00:00:00',852,121,293.94,10,264.55),(686,'2019-11-29 00:00:00',319,84,153.06,8,140.82),(687,'2018-03-07 00:00:00',544,529,54.90,3,53.25),(688,'2017-07-02 00:00:00',661,773,521.00,10,468.90),(689,'2016-01-24 00:00:00',243,935,278.11,5,264.20),(690,'2019-02-25 00:00:00',603,343,0.00,10,0.00),(691,'2013-06-13 00:00:00',959,124,57.42,10,51.68),(692,'2021-07-31 00:00:00',656,453,0.00,8,0.00),(693,'2023-09-03 00:00:00',657,529,244.95,3,237.60),(694,'2011-07-06 00:00:00',759,249,0.00,9,0.00),(695,'2021-06-01 00:00:00',202,118,0.00,10,0.00),(696,'2015-12-11 00:00:00',978,858,542.90,3,526.61),(697,'2016-11-29 00:00:00',891,885,177.60,6,166.94),(698,'2018-03-08 00:00:00',630,487,2222.97,10,2000.67),(699,'2017-05-21 00:00:00',856,756,1385.74,8,1274.88),(700,'2022-05-08 00:00:00',214,64,0.00,10,0.00),(701,'2014-06-22 00:00:00',881,303,65.12,10,58.61),(702,'2021-01-04 00:00:00',803,777,0.00,4,0.00),(703,'2015-05-15 00:00:00',135,686,157.76,5,149.87),(704,'2014-07-26 00:00:00',395,662,0.00,4,0.00),(705,'2024-02-28 00:00:00',839,662,1687.35,10,1518.61),(706,'2020-01-14 00:00:00',804,184,0.00,4,0.00),(707,'2015-05-01 00:00:00',604,703,0.00,10,0.00),(708,'2015-05-02 00:00:00',426,441,0.00,3,0.00),(709,'2024-02-08 00:00:00',770,755,0.00,1,0.00),(710,'2011-04-29 00:00:00',784,17,57.42,10,51.68),(711,'2011-06-24 00:00:00',797,685,449.23,1,444.74),(712,'2023-05-07 00:00:00',935,914,90.19,10,81.17),(713,'2021-07-31 00:00:00',187,620,946.04,4,908.20),(714,'2021-10-27 00:00:00',906,735,0.00,8,0.00),(715,'2024-01-01 00:00:00',584,441,0.00,7,0.00),(716,'2013-03-04 00:00:00',807,219,107.80,10,97.02),(717,'2022-06-14 00:00:00',891,638,397.76,6,373.89),(718,'2020-05-12 00:00:00',435,482,155.52,0,155.52),(719,'2013-07-10 00:00:00',840,446,30.76,1,30.45),(720,'2015-10-02 00:00:00',164,821,256.82,7,238.84),(721,'2012-02-21 00:00:00',506,756,129.60,10,116.64),(722,'2011-04-09 00:00:00',201,662,0.00,10,0.00),(723,'2023-03-16 00:00:00',335,756,46.66,8,42.93),(724,'2015-12-08 00:00:00',24,555,294.24,3,285.41),(725,'2015-06-15 00:00:00',987,864,81.20,0,81.20),(726,'2022-08-19 00:00:00',571,463,201.00,7,186.93),(727,'2022-11-08 00:00:00',735,833,1285.18,5,1220.92),(728,'2019-12-16 00:00:00',359,84,514.78,0,514.78),(729,'2019-10-19 00:00:00',954,638,0.00,5,0.00),(730,'2013-07-23 00:00:00',5,309,66.66,10,59.99),(731,'2019-04-14 00:00:00',844,414,0.00,4,0.00),(732,'2016-09-03 00:00:00',538,201,984.14,7,915.25),(733,'2022-12-12 00:00:00',755,453,0.00,6,0.00),(734,'2015-01-26 00:00:00',256,424,53.24,10,47.92),(735,'2013-07-05 00:00:00',619,109,531.36,10,478.22),(736,'2011-12-05 00:00:00',702,474,402.08,7,373.93),(737,'2023-04-01 00:00:00',756,371,179.08,8,164.75),(738,'2017-06-05 00:00:00',369,36,554.06,1,548.52),(739,'2014-10-08 00:00:00',950,833,0.00,6,0.00),(740,'2019-10-30 00:00:00',185,821,121.22,1,120.01),(741,'2024-01-15 00:00:00',596,555,0.00,9,0.00),(742,'2019-07-19 00:00:00',479,482,419.94,4,403.14),(743,'2018-11-14 00:00:00',278,482,121.22,6,113.95),(744,'2012-09-14 00:00:00',54,622,0.00,5,0.00),(745,'2021-09-01 00:00:00',619,555,0.00,10,0.00),(746,'2015-09-03 00:00:00',947,703,91.44,10,82.30),(747,'2013-09-27 00:00:00',455,944,76.58,4,73.52),(748,'2021-07-02 00:00:00',134,763,64.80,10,58.32),(749,'2022-01-29 00:00:00',932,610,0.00,10,0.00),(750,'2017-04-14 00:00:00',806,840,96.68,6,90.88),(751,'2021-07-27 00:00:00',77,596,0.00,8,0.00),(752,'2018-10-27 00:00:00',744,519,0.00,5,0.00),(753,'2022-05-04 00:00:00',63,620,0.00,1,0.00),(754,'2021-10-18 00:00:00',882,686,188.70,5,179.27),(755,'2018-02-22 00:00:00',862,414,163.20,10,146.88),(756,'2021-06-19 00:00:00',635,803,24.17,10,21.75),(757,'2020-05-12 00:00:00',835,353,0.00,0,0.00),(758,'2015-09-17 00:00:00',808,935,24.86,10,22.37),(759,'2012-05-17 00:00:00',637,463,380.03,9,345.83),(760,'2018-09-07 00:00:00',772,738,0.00,10,0.00),(761,'2020-10-18 00:00:00',718,453,1387.48,6,1304.23),(762,'2021-08-22 00:00:00',121,371,0.00,7,0.00),(763,'2012-05-12 00:00:00',268,587,423.17,10,380.85),(764,'2015-03-04 00:00:00',26,17,645.68,0,645.68),(765,'2017-11-18 00:00:00',849,145,725.14,5,688.88),(766,'2012-08-12 00:00:00',174,482,215.25,1,213.10),(767,'2014-06-22 00:00:00',231,572,0.00,3,0.00),(768,'2023-12-22 00:00:00',880,84,1453.29,7,1351.56),(769,'2023-10-12 00:00:00',384,463,86.40,8,79.49),(770,'2021-07-14 00:00:00',933,109,0.00,2,0.00),(771,'2017-10-21 00:00:00',640,246,0.00,10,0.00),(772,'2021-03-16 00:00:00',735,414,0.00,5,0.00),(773,'2015-05-31 00:00:00',323,555,649.74,6,610.76),(774,'2012-05-09 00:00:00',515,735,0.00,9,0.00),(775,'2021-09-23 00:00:00',872,446,23.46,5,22.29),(776,'2015-04-30 00:00:00',805,80,69.99,10,62.99),(777,'2013-01-31 00:00:00',711,441,0.00,3,0.00),(778,'2017-04-11 00:00:00',770,555,125.65,1,124.39),(779,'2024-01-13 00:00:00',315,17,2051.21,10,1846.09),(780,'2016-07-25 00:00:00',734,565,0.00,0,0.00),(781,'2022-08-29 00:00:00',931,859,645.58,6,606.85),(782,'2013-07-24 00:00:00',846,832,368.29,10,331.46),(783,'2018-01-22 00:00:00',942,597,0.00,8,0.00),(784,'2018-04-27 00:00:00',810,446,97.20,7,90.40),(785,'2022-08-03 00:00:00',917,38,503.51,10,453.16),(786,'2018-04-07 00:00:00',902,924,623.30,5,592.14),(787,'2018-05-08 00:00:00',123,80,24.86,2,24.36),(788,'2011-03-29 00:00:00',167,17,95.00,2,93.10),(789,'2022-12-10 00:00:00',239,80,0.00,3,0.00),(790,'2022-05-08 00:00:00',621,620,38.28,2,37.51),(791,'2017-11-07 00:00:00',685,565,0.00,4,0.00),(792,'2012-01-03 00:00:00',903,387,0.00,2,0.00),(793,'2023-08-25 00:00:00',604,453,144.98,10,130.48),(794,'2017-10-07 00:00:00',98,353,325.74,10,293.17),(795,'2020-06-22 00:00:00',769,935,507.95,10,457.16),(796,'2011-06-14 00:00:00',290,187,0.00,10,0.00),(797,'2022-04-22 00:00:00',473,924,23.07,8,21.22),(798,'2017-04-29 00:00:00',748,353,222.65,9,202.61),(799,'2021-01-07 00:00:00',155,610,36.36,1,36.00),(800,'2019-02-07 00:00:00',252,496,109.80,6,103.21),(801,'2012-01-19 00:00:00',726,620,395.99,0,395.99),(802,'2017-08-12 00:00:00',869,424,896.79,7,834.01),(803,'2011-03-13 00:00:00',193,337,442.80,10,398.52),(804,'2021-01-22 00:00:00',22,80,64.80,1,64.15),(805,'2013-02-04 00:00:00',367,572,0.00,7,0.00),(806,'2022-10-11 00:00:00',647,201,0.00,3,0.00),(807,'2017-08-07 00:00:00',111,565,0.00,2,0.00),(808,'2023-06-30 00:00:00',147,337,0.00,2,0.00),(809,'2011-07-01 00:00:00',997,145,151.90,1,150.38),(810,'2022-04-09 00:00:00',501,678,0.00,4,0.00),(811,'2013-04-17 00:00:00',700,424,0.00,0,0.00),(812,'2017-08-20 00:00:00',432,17,65.10,4,62.50),(813,'2023-10-16 00:00:00',343,825,408.16,5,387.75),(814,'2022-01-04 00:00:00',347,84,0.00,10,0.00),(815,'2021-06-22 00:00:00',635,587,212.29,10,191.06),(816,'2018-09-21 00:00:00',623,924,0.00,10,0.00),(817,'2012-09-22 00:00:00',860,463,130.90,10,117.81),(818,'2012-05-31 00:00:00',394,80,0.00,2,0.00),(819,'2019-11-08 00:00:00',188,145,60.00,1,59.40),(820,'2019-07-11 00:00:00',855,777,92.82,7,86.32),(821,'2022-01-19 00:00:00',104,620,442.80,4,425.09),(822,'2022-08-06 00:00:00',200,441,0.00,3,0.00),(823,'2020-08-27 00:00:00',244,610,10.80,10,9.72),(824,'2015-06-23 00:00:00',698,529,0.00,10,0.00),(825,'2023-01-07 00:00:00',23,924,0.00,6,0.00),(826,'2016-01-24 00:00:00',108,622,459.18,2,450.00),(827,'2013-01-23 00:00:00',267,121,164.70,1,163.05),(828,'2012-09-12 00:00:00',250,979,264.00,8,242.88),(829,'2011-04-23 00:00:00',173,685,53.83,9,48.99),(830,'2015-09-30 00:00:00',964,622,0.00,10,0.00),(831,'2016-05-30 00:00:00',691,789,371.28,10,334.15),(832,'2016-08-11 00:00:00',35,597,0.00,8,0.00),(833,'2014-04-17 00:00:00',112,596,0.00,9,0.00),(834,'2023-07-08 00:00:00',550,638,1239.98,4,1190.38),(835,'2015-11-13 00:00:00',15,944,332.50,6,312.55),(836,'2020-10-10 00:00:00',383,95,797.13,10,717.42),(837,'2019-06-08 00:00:00',217,529,90.00,0,90.00),(838,'2019-09-03 00:00:00',4,596,127.60,7,118.67),(839,'2018-02-07 00:00:00',892,596,833.91,8,767.20),(840,'2018-07-25 00:00:00',801,662,2108.12,9,1918.39),(841,'2017-07-07 00:00:00',893,832,0.00,2,0.00),(842,'2017-04-01 00:00:00',360,519,0.00,10,0.00),(843,'2023-12-11 00:00:00',618,201,129.60,3,125.71),(844,'2021-08-22 00:00:00',308,477,88.56,7,82.36),(845,'2022-07-06 00:00:00',425,914,1463.33,3,1419.43),(846,'2017-09-16 00:00:00',954,885,189.40,5,179.93),(847,'2014-01-16 00:00:00',147,924,466.56,2,457.23),(848,'2012-12-09 00:00:00',890,789,0.00,2,0.00),(849,'2021-01-23 00:00:00',888,246,38.45,10,34.61),(850,'2017-10-01 00:00:00',675,529,18.18,8,16.73),(851,'2011-10-10 00:00:00',83,832,593.16,10,533.84),(852,'2021-09-09 00:00:00',375,787,202.50,9,184.28),(853,'2023-09-03 00:00:00',389,597,0.00,6,0.00),(854,'2012-03-02 00:00:00',590,249,279.36,8,257.01),(855,'2018-08-31 00:00:00',801,787,177.12,9,161.18),(856,'2020-12-02 00:00:00',513,109,309.87,10,278.88),(857,'2018-08-29 00:00:00',866,790,0.00,7,0.00),(858,'2011-03-19 00:00:00',973,622,0.00,0,0.00),(859,'2014-04-05 00:00:00',883,95,445.50,3,432.14),(860,'2012-03-12 00:00:00',571,446,0.00,7,0.00),(861,'2017-01-23 00:00:00',544,924,0.00,3,0.00),(862,'2014-11-19 00:00:00',546,864,0.00,3,0.00),(863,'2021-04-06 00:00:00',881,121,154.00,10,138.60),(864,'2016-04-28 00:00:00',245,703,0.00,4,0.00),(865,'2013-12-01 00:00:00',381,364,390.24,10,351.22),(866,'2012-08-13 00:00:00',492,309,162.87,10,146.58),(867,'2020-11-08 00:00:00',457,446,0.00,10,0.00),(868,'2013-11-07 00:00:00',844,271,0.00,4,0.00),(869,'2015-12-06 00:00:00',386,458,0.00,9,0.00),(870,'2020-06-27 00:00:00',919,767,208.40,2,204.23),(871,'2014-06-30 00:00:00',914,38,217.16,2,212.82),(872,'2016-10-29 00:00:00',468,121,0.00,1,0.00),(873,'2017-03-08 00:00:00',522,610,0.00,10,0.00),(874,'2011-09-07 00:00:00',446,610,1665.67,10,1499.10),(875,'2016-03-14 00:00:00',537,118,694.81,10,625.33),(876,'2016-01-13 00:00:00',547,246,373.30,10,335.97),(877,'2012-08-19 00:00:00',262,790,55.00,0,55.00),(878,'2023-04-13 00:00:00',855,597,159.00,7,147.87),(879,'2019-04-18 00:00:00',28,610,65.00,1,64.35),(880,'2020-05-23 00:00:00',902,979,0.00,5,0.00),(881,'2018-08-27 00:00:00',610,187,186.64,9,169.84),(882,'2016-06-04 00:00:00',812,458,84.84,1,83.99),(883,'2020-07-23 00:00:00',478,924,309.66,10,278.69),(884,'2015-07-18 00:00:00',11,109,92.40,2,90.55),(885,'2020-11-26 00:00:00',457,555,0.00,10,0.00),(886,'2019-01-25 00:00:00',304,738,556.92,1,551.35),(887,'2018-02-25 00:00:00',658,789,0.00,9,0.00),(888,'2016-06-22 00:00:00',787,754,0.00,9,0.00),(889,'2011-09-14 00:00:00',222,118,48.99,3,47.52),(890,'2013-06-19 00:00:00',30,414,0.00,2,0.00),(891,'2013-02-14 00:00:00',8,555,497.20,3,482.28),(892,'2014-11-01 00:00:00',573,864,0.00,3,0.00),(893,'2015-05-27 00:00:00',80,84,0.00,5,0.00),(894,'2021-02-17 00:00:00',690,840,0.00,1,0.00),(895,'2019-10-31 00:00:00',308,38,239.58,7,222.81),(896,'2013-08-02 00:00:00',335,803,214.46,8,197.30),(897,'2018-05-23 00:00:00',238,622,90.00,0,90.00),(898,'2014-07-10 00:00:00',177,597,690.42,3,669.71),(899,'2023-09-25 00:00:00',620,638,623.70,8,573.80),(900,'2021-04-16 00:00:00',82,155,1617.55,5,1536.67),(901,'2011-11-16 00:00:00',684,246,0.00,10,0.00),(902,'2020-12-17 00:00:00',963,364,0.00,7,0.00),(903,'2020-04-29 00:00:00',711,17,584.50,3,566.97),(904,'2021-11-19 00:00:00',715,924,339.24,0,339.24),(905,'2019-11-20 00:00:00',959,529,0.00,10,0.00),(906,'2015-03-30 00:00:00',671,821,233.30,7,216.97),(907,'2015-08-07 00:00:00',922,935,0.00,3,0.00),(908,'2014-09-26 00:00:00',566,184,583.67,6,548.65),(909,'2017-12-21 00:00:00',91,821,0.00,2,0.00),(910,'2017-06-12 00:00:00',395,249,0.00,4,0.00),(911,'2023-12-05 00:00:00',59,678,100.00,10,90.00),(912,'2013-04-05 00:00:00',190,371,0.00,10,0.00),(913,'2014-03-31 00:00:00',314,777,0.00,0,0.00),(914,'2015-07-17 00:00:00',845,803,0.00,5,0.00),(915,'2016-10-30 00:00:00',423,201,178.57,10,160.71),(916,'2011-05-23 00:00:00',910,192,663.29,8,610.23),(917,'2011-10-31 00:00:00',20,482,104.20,0,104.20),(918,'2024-02-07 00:00:00',719,685,1203.31,4,1155.18),(919,'2012-10-10 00:00:00',608,192,0.00,10,0.00),(920,'2017-08-17 00:00:00',780,821,0.00,5,0.00),(921,'2020-06-24 00:00:00',550,387,0.00,4,0.00),(922,'2013-10-07 00:00:00',199,840,0.00,4,0.00),(923,'2015-12-01 00:00:00',983,970,0.00,7,0.00),(924,'2012-07-19 00:00:00',867,754,229.72,8,211.34),(925,'2015-08-18 00:00:00',441,596,66.47,5,63.15),(926,'2019-01-27 00:00:00',251,754,462.38,0,462.38),(927,'2022-06-16 00:00:00',144,118,521.00,3,505.37),(928,'2011-01-23 00:00:00',511,790,155.40,4,149.18),(929,'2020-08-27 00:00:00',418,511,0.00,3,0.00),(930,'2016-02-17 00:00:00',385,249,0.00,7,0.00),(931,'2012-06-13 00:00:00',461,184,0.00,1,0.00),(932,'2020-09-10 00:00:00',404,372,324.00,10,291.60),(933,'2023-04-27 00:00:00',516,364,382.58,4,367.28),(934,'2020-12-02 00:00:00',385,474,478.26,7,444.78),(935,'2016-12-10 00:00:00',99,219,38.50,7,35.81),(936,'2014-10-28 00:00:00',237,572,80.00,3,77.60),(937,'2015-10-19 00:00:00',268,620,94.08,10,84.67),(938,'2022-06-04 00:00:00',173,703,56.07,9,51.02),(939,'2012-12-31 00:00:00',762,755,375.31,5,356.54),(940,'2014-11-04 00:00:00',116,519,0.00,10,0.00),(941,'2022-09-27 00:00:00',848,678,435.06,2,426.36),(942,'2012-08-14 00:00:00',915,738,86.80,8,79.86),(943,'2019-03-11 00:00:00',741,970,338.38,0,338.38),(944,'2011-08-05 00:00:00',172,424,0.00,5,0.00),(945,'2020-03-15 00:00:00',915,424,54.54,8,50.18),(946,'2013-04-16 00:00:00',751,767,760.06,3,737.26),(947,'2012-11-06 00:00:00',694,181,0.00,1,0.00),(948,'2020-04-18 00:00:00',641,832,32.55,0,32.55),(949,'2019-03-03 00:00:00',203,343,50.00,4,48.00),(950,'2013-11-15 00:00:00',728,787,1219.78,4,1170.99),(951,'2017-08-01 00:00:00',309,675,84.84,4,81.45),(952,'2022-11-06 00:00:00',132,787,108.55,10,97.70),(953,'2019-11-22 00:00:00',270,487,516.49,8,475.17),(954,'2023-03-24 00:00:00',617,833,373.28,8,343.42),(955,'2020-07-24 00:00:00',816,638,0.00,6,0.00),(956,'2023-01-08 00:00:00',947,840,306.12,10,275.51),(957,'2014-10-20 00:00:00',610,610,567.00,9,515.97),(958,'2018-05-25 00:00:00',961,821,0.00,6,0.00),(959,'2011-07-20 00:00:00',7,924,505.90,5,480.60),(960,'2018-02-26 00:00:00',655,529,229.59,10,206.63),(961,'2021-09-23 00:00:00',753,487,379.61,2,372.02),(962,'2019-12-01 00:00:00',962,859,23.46,0,23.46),(963,'2015-12-15 00:00:00',243,864,589.57,5,560.09),(964,'2014-07-11 00:00:00',966,833,479.66,10,431.69),(965,'2011-02-25 00:00:00',279,487,49.62,8,45.65),(966,'2021-07-07 00:00:00',307,155,0.00,10,0.00),(967,'2014-07-18 00:00:00',290,596,261.70,10,235.53),(968,'2014-01-19 00:00:00',561,596,0.00,10,0.00),(969,'2012-05-18 00:00:00',205,121,0.00,10,0.00),(970,'2014-07-07 00:00:00',179,482,466.56,5,443.23),(971,'2014-03-06 00:00:00',918,935,0.00,10,0.00),(972,'2017-06-23 00:00:00',622,685,170.35,3,165.24),(973,'2013-07-07 00:00:00',392,754,53.90,4,51.74),(974,'2012-07-09 00:00:00',503,662,0.00,0,0.00),(975,'2018-11-27 00:00:00',28,303,39.10,1,38.71),(976,'2017-10-08 00:00:00',528,833,289.61,10,260.65),(977,'2016-03-01 00:00:00',155,414,228.62,1,226.33),(978,'2021-01-27 00:00:00',839,201,30.00,10,27.00),(979,'2011-07-04 00:00:00',111,201,1478.12,2,1448.56),(980,'2012-01-31 00:00:00',610,121,116.65,9,106.15),(981,'2014-01-31 00:00:00',855,767,88.80,7,82.58),(982,'2021-03-23 00:00:00',664,755,84.84,0,84.84),(983,'2020-10-24 00:00:00',712,187,0.00,4,0.00),(984,'2020-08-31 00:00:00',24,192,0.00,3,0.00),(985,'2022-01-16 00:00:00',246,17,115.14,5,109.38),(986,'2013-01-08 00:00:00',925,36,24.24,5,23.03),(987,'2019-06-14 00:00:00',610,64,0.00,9,0.00),(988,'2014-11-27 00:00:00',251,597,133.10,0,133.10),(989,'2013-11-17 00:00:00',420,970,793.92,10,714.53),(990,'2017-05-20 00:00:00',19,477,0.00,6,0.00),(991,'2020-09-27 00:00:00',415,482,536.08,10,482.47),(992,'2022-10-10 00:00:00',794,496,0.00,0,0.00),(993,'2020-04-12 00:00:00',927,754,10.00,10,9.00),(994,'2023-10-17 00:00:00',271,790,409.63,0,409.63),(995,'2022-10-26 00:00:00',881,587,326.69,10,294.02),(996,'2021-02-05 00:00:00',685,151,0.00,4,0.00),(997,'2016-02-06 00:00:00',32,833,563.56,10,507.20),(998,'2021-12-22 00:00:00',609,638,53.83,8,49.52),(999,'2016-11-01 00:00:00',851,840,0.00,10,0.00),(1000,'2016-07-07 00:00:00',289,246,0.00,9,0.00);
/*!40000 ALTER TABLE `pedidos` ENABLE KEYS */;
UNLOCK TABLES;

--
-- Table structure for table `pedidos_productos`
--

DROP TABLE IF EXISTS `pedidos_productos`;
/*!40101 SET @saved_cs_client     = @@character_set_client */;
/*!50503 SET character_set_client = utf8mb4 */;
CREATE TABLE `pedidos_productos` (
  `id_pedido` int NOT NULL,
  `id_producto` int NOT NULL,
  `cantidad` int NOT NULL,
  PRIMARY KEY (`id_pedido`,`id_producto`),
  KEY `id_producto` (`id_producto`),
  CONSTRAINT `pedidos_productos_ibfk_1` FOREIGN KEY (`id_pedido`) REFERENCES `pedidos` (`id`) ON DELETE CASCADE ON UPDATE CASCADE,
  CONSTRAINT `pedidos_productos_ibfk_2` FOREIGN KEY (`id_producto`) REFERENCES `productos` (`id`) ON DELETE CASCADE ON UPDATE CASCADE,
  CONSTRAINT `pedidos_productos_chk_1` CHECK ((`cantidad` > 0))
) ENGINE=InnoDB DEFAULT CHARSET=utf8mb4 COLLATE=utf8mb4_0900_ai_ci;
/*!40101 SET character_set_client = @saved_cs_client */;

--
-- Dumping data for table `pedidos_productos`
--

LOCK TABLES `pedidos_productos` WRITE;
/*!40000 ALTER TABLE `pedidos_productos` DISABLE KEYS */;
INSERT INTO `pedidos_productos` VALUES (1,2,8),(1,28,11),(2,12,18),(4,1,14),(6,8,5),(7,21,28),(8,24,13),(9,28,21),(10,3,15),(10,11,1),(13,8,3),(15,31,7),(18,20,16),(18,23,19),(20,18,18),(22,6,16),(23,4,16),(24,14,18),(24,30,1),(25,8,14),(25,25,19),(26,5,3),(27,3,17),(27,4,18),(27,24,16),(27,28,9),(29,19,8),(30,5,12),(30,6,8),(30,16,19),(32,10,8),(32,11,10),(32,18,19),(32,23,1),(33,11,18),(34,28,8),(37,14,5),(39,7,11),(39,21,5),(40,28,2),(41,23,20),(43,18,19),(43,25,8),(43,31,15),(44,9,6),(44,31,1),(47,20,3),(47,30,18),(47,31,19),(48,15,10),(48,29,15),(49,7,12),(49,24,2),(50,5,14),(50,13,8),(52,31,18),(53,17,10),(53,23,7),(54,24,1),(54,30,3),(54,31,5),(55,25,14),(58,22,8),(58,29,6),(61,20,18),(64,1,9),(64,31,15),(66,25,11),(67,27,3),(67,29,16),(68,14,9),(69,3,8),(71,12,15),(72,6,10),(72,28,9),(74,13,16),(76,5,1),(78,6,9),(80,3,14),(80,27,19),(81,4,19),(81,9,15),(83,1,18),(83,6,19),(83,11,1),(83,22,5),(83,24,11),(83,30,4),(84,29,20),(84,30,11),(85,6,11),(86,27,19),(87,12,3),(90,22,1),(92,25,18),(93,3,19),(93,25,20),(94,13,1),(95,2,8),(95,14,11),(95,22,7),(97,1,2),(97,9,2),(103,14,2),(103,22,9),(103,26,19),(104,31,6),(106,24,5),(107,9,11),(107,28,15),(108,12,3),(108,17,5),(109,8,16),(109,27,17),(110,13,8),(111,4,4),(111,26,13),(112,12,12),(113,13,12),(113,19,4),(113,24,7),(117,15,12),(117,23,4),(118,14,5),(119,8,15),(120,14,20),(120,19,3),(121,3,18),(122,24,20),(123,8,3),(125,25,2),(125,28,6),(126,5,7),(127,12,15),(127,19,9),(127,27,9),(128,3,17),(129,5,20),(129,15,17),(129,18,3),(130,5,18),(130,6,14),(132,14,20),(132,24,9),(133,2,15),(134,4,19),(134,13,2),(137,25,11),(139,20,8),(139,30,17),(140,5,8),(142,5,17),(142,15,1),(144,10,16),(146,15,6),(147,1,1),(147,9,15),(149,10,11),(151,7,8),(152,1,5),(152,27,16),(153,30,2),(154,9,8),(155,15,13),(155,24,15),(155,26,20),(155,31,5),(156,17,13),(157,18,8),(159,27,15),(160,5,10),(161,2,4),(161,31,1),(162,1,2),(163,25,14),(163,31,18),(164,10,20),(164,30,16),(164,31,12),(165,2,10),(167,1,2),(167,18,5),(167,20,11),(169,20,7),(171,5,7),(171,6,9),(171,16,16),(172,27,10),(172,29,2),(177,22,9),(178,15,9),(179,1,2),(179,21,4),(183,6,14),(183,11,2),(184,15,20),(185,30,6),(186,13,10),(190,9,7),(192,12,11),(193,2,15),(193,13,8),(193,18,15),(194,3,14),(196,5,19),(197,16,6),(197,31,20),(198,16,15),(198,29,1),(199,4,19),(199,5,7),(200,10,9),(200,16,3),(201,21,8),(202,4,2),(206,17,7),(207,5,15),(208,5,10),(211,14,15),(211,31,1),(214,24,19),(217,6,15),(217,9,12),(217,25,11),(218,5,1),(219,9,9),(219,23,18),(222,1,5),(224,26,5),(225,10,19),(226,4,12),(226,6,20),(226,11,2),(226,16,4),(229,5,13),(230,6,6),(230,19,20),(232,5,10),(233,20,19),(233,21,7),(233,23,3),(234,12,9),(234,31,12),(235,1,5),(235,17,2),(235,29,20),(236,11,3),(236,31,7),(237,21,15),(237,29,13),(238,25,6),(239,30,19),(241,8,8),(242,29,1),(244,20,12),(245,25,15),(245,31,17),(246,21,4),(248,4,3),(248,20,2),(251,23,2),(252,12,9),(253,31,15),(254,8,5),(254,11,8),(255,22,20),(255,28,14),(256,4,20),(257,8,19),(257,16,7),(257,20,2),(258,13,4),(258,18,18),(258,24,9),(259,27,14),(262,11,1),(262,13,15),(265,14,8),(266,29,12),(268,30,6),(269,7,6),(269,22,6),(270,8,1),(272,5,8),(273,5,2),(273,22,14),(274,4,2),(276,29,12),(278,16,18),(280,20,1),(282,5,6),(283,31,8),(285,25,11),(286,23,18),(287,28,19),(288,15,19),(288,22,8),(290,6,13),(291,3,19),(293,5,12),(295,14,3),(295,20,17),(296,6,4),(296,20,3),(296,31,17),(297,25,11),(298,21,13),(299,13,19),(299,23,5),(300,6,17),(302,4,8),(302,14,14),(302,20,5),(302,21,20),(302,25,18),(303,13,15),(303,21,9),(304,19,2),(305,9,19),(307,9,18),(307,18,15),(307,27,2),(309,17,16),(310,2,10),(310,18,16),(310,27,11),(311,20,13),(312,29,20),(316,1,8),(316,15,3),(316,24,2),(317,12,16),(318,6,11),(320,17,16),(321,19,14),(323,18,17),(323,19,6),(324,31,1),(326,19,3),(327,22,11),(327,23,7),(328,9,13),(328,24,7),(329,14,2),(333,3,12),(333,22,15),(336,19,7),(336,26,3),(337,9,4),(337,17,20),(339,23,2),(339,28,1),(339,30,6),(340,26,24),(341,6,8),(342,27,7),(343,9,2),(343,19,5),(343,26,7),(344,19,16),(344,28,9),(346,13,3),(347,6,4),(348,22,6),(348,31,13),(349,15,4),(349,16,1),(349,26,11),(350,4,17),(351,7,13),(351,8,5),(351,23,4),(352,19,4),(353,9,7),(354,3,17),(354,28,12),(355,19,11),(356,17,2),(356,18,15),(357,14,2),(358,11,6),(359,27,18),(360,13,14),(361,30,4),(363,16,1),(364,4,5),(364,19,16),(365,29,18),(369,14,2),(369,31,1),(370,30,3),(371,8,14),(371,23,13),(372,2,16),(372,10,14),(375,28,6),(378,19,14),(380,3,13),(381,8,15),(382,2,1),(384,13,17),(384,23,9),(385,12,3),(387,6,19),(389,4,1),(389,29,13),(390,9,10),(391,4,2),(391,8,19),(391,10,5),(392,13,10),(392,31,20),(393,12,16),(393,25,8),(393,28,4),(395,24,7),(397,8,10),(399,8,15),(399,29,5),(400,18,16),(401,4,10),(402,25,9),(403,19,12),(403,21,16),(403,23,13),(406,4,11),(406,30,3),(407,4,20),(407,9,17),(409,22,15),(410,17,13),(411,2,17),(411,8,11),(412,13,13),(415,5,18),(415,28,19),(415,31,9),(416,18,16),(418,5,1),(418,8,14),(419,4,10),(420,24,4),(421,9,11),(422,30,7),(424,5,15),(427,7,17),(428,4,8),(428,28,15),(429,27,8),(430,6,15),(433,18,16),(437,6,15),(440,4,6),(442,12,11),(443,2,13),(447,1,7),(447,21,16),(448,24,2),(449,6,18),(449,13,11),(449,30,10),(450,14,8),(454,4,20),(454,13,18),(455,26,8),(456,1,9),(456,23,15),(456,27,6),(456,30,1),(457,31,18),(459,31,7),(462,8,6),(463,19,1),(463,30,20),(463,31,2),(464,3,4),(464,22,16),(464,30,17),(465,4,13),(465,21,10),(465,26,2),(466,14,18),(466,16,18),(467,12,19),(468,2,11),(468,13,9),(468,19,12),(469,26,7),(470,25,17),(470,27,6),(471,1,9),(471,8,5),(471,20,8),(472,25,20),(473,20,11),(475,5,1),(478,20,8),(478,23,17),(480,6,17),(482,12,1),(483,19,19),(483,27,12),(485,22,13),(485,31,10),(486,18,6),(486,22,2),(487,1,2),(490,12,16),(490,14,12),(490,17,14),(491,14,18),(492,2,20),(492,26,12),(493,12,18),(494,29,9),(495,27,9),(497,24,15),(499,8,3),(499,23,5),(500,10,2),(501,10,5),(503,1,20),(504,27,20),(505,15,5),(505,22,15),(507,5,1),(509,2,2),(510,3,9),(511,27,10),(512,4,1),(513,4,12),(514,10,15),(514,14,19),(514,24,12),(516,8,9),(516,21,6),(517,22,17),(518,11,6),(518,21,20),(521,7,19),(525,5,9),(525,28,4),(526,25,18),(527,30,2),(528,18,20),(530,12,18),(531,13,20),(534,30,14),(536,30,20),(538,8,5),(538,25,7),(538,28,18),(540,27,13),(540,29,16),(542,15,11),(543,3,10),(543,19,15),(543,21,7),(543,24,5),(544,6,4),(544,23,19),(544,28,4),(545,1,20),(547,20,15),(549,3,1),(551,12,16),(552,8,8),(553,2,8),(554,29,2),(555,21,9),(555,30,7),(556,9,15),(556,30,15),(558,20,6),(560,30,6),(561,27,7),(562,1,12),(562,15,8),(562,18,16),(564,19,14),(565,4,6),(567,9,15),(568,12,19),(569,12,12),(569,24,10),(571,16,8),(574,20,16),(574,31,6),(575,15,7),(577,22,11),(579,4,4),(580,8,10),(580,21,9),(582,18,10),(582,22,9),(585,5,19),(585,20,3),(586,17,19),(587,4,7),(587,24,20),(588,26,14),(588,29,13),(589,10,2),(589,28,16),(590,28,14),(591,27,4),(592,21,12),(593,8,5),(594,15,19),(595,3,7),(596,14,5),(597,16,18),(597,26,9),(598,16,13),(599,20,11),(599,24,18),(600,14,9),(601,14,6),(602,1,4),(602,8,14),(602,14,2),(603,9,8),(603,10,5),(603,31,3),(607,2,12),(607,8,14),(607,18,17),(607,31,3),(610,22,9),(612,2,7),(612,17,9),(614,20,7),(614,28,2),(615,5,12),(615,21,19),(615,29,18),(616,3,8),(617,30,22),(618,5,7),(620,2,15),(621,22,17),(621,24,10),(623,19,7),(625,14,12),(625,31,19),(626,14,13),(627,7,19),(628,5,7),(628,16,2),(629,4,17),(629,7,7),(629,21,15),(631,24,16),(631,25,15),(631,26,1),(633,17,19),(633,20,14),(634,10,8),(636,16,1),(636,28,15),(637,8,1),(637,10,9),(639,3,19),(640,7,20),(640,18,14),(642,29,14),(646,2,5),(646,31,18),(647,23,5),(648,2,28),(648,18,29),(649,7,14),(650,20,18),(652,27,7),(654,26,15),(655,3,5),(656,5,5),(656,26,15),(658,12,9),(658,27,3),(659,12,12),(659,18,3),(659,20,9),(659,22,1),(661,11,9),(662,20,17),(663,19,10),(664,2,5),(664,22,3),(664,29,7),(665,6,9),(666,31,7),(667,7,7),(667,15,17),(667,25,10),(668,20,15),(669,26,4),(670,28,20),(672,4,3),(672,11,20),(672,25,7),(676,6,15),(676,11,7),(679,26,3),(680,7,17),(680,31,17),(684,14,14),(684,15,3),(685,19,18),(686,20,6),(687,23,2),(688,15,20),(689,27,7),(691,6,9),(693,19,15),(696,24,10),(697,10,16),(698,14,17),(698,16,14),(698,25,3),(698,26,14),(699,16,7),(699,18,6),(699,27,16),(701,14,4),(703,2,14),(703,3,17),(705,1,15),(705,4,22),(705,6,19),(705,17,23),(705,21,13),(710,6,9),(711,6,1),(711,26,5),(712,3,6),(712,9,7),(713,8,17),(713,24,14),(716,4,14),(717,30,16),(718,18,2),(719,9,4),(720,6,11),(720,21,8),(721,13,12),(723,21,2),(724,9,1),(724,15,11),(725,1,7),(725,4,6),(726,1,18),(726,10,10),(727,3,5),(727,20,11),(727,26,11),(728,15,16),(728,19,6),(730,3,11),(732,7,17),(732,15,17),(732,23,15),(734,28,4),(735,17,12),(736,11,16),(737,14,11),(738,15,6),(738,30,16),(740,6,19),(742,22,18),(743,6,19),(746,7,12),(747,8,7),(748,13,6),(750,29,4),(754,10,17),(755,1,17),(755,2,20),(756,29,1),(758,30,1),(759,24,7),(761,9,8),(761,25,20),(761,30,16),(763,14,17),(763,28,11),(764,23,20),(764,29,4),(765,17,9),(765,21,14),(766,1,17),(766,15,5),(768,25,11),(768,31,19),(769,13,8),(773,25,14),(775,2,6),(776,21,3),(778,11,5),(779,5,22),(779,11,27),(779,16,28),(781,19,16),(781,23,14),(782,2,12),(782,6,14),(782,25,5),(784,13,9),(785,17,1),(785,29,19),(786,11,2),(786,14,8),(786,17,10),(787,30,1),(788,1,19),(790,6,6),(793,1,1),(793,22,6),(794,24,6),(795,14,20),(795,15,7),(797,9,3),(798,29,1),(798,31,4),(799,3,6),(800,23,4),(801,15,3),(801,27,8),(802,23,9),(802,25,14),(803,17,10),(804,13,6),(809,5,14),(812,5,6),(813,20,16),(815,19,13),(817,4,17),(819,12,12),(820,25,2),(821,17,10),(823,13,1),(826,20,18),(827,23,6),(828,6,18),(828,30,6),(829,9,7),(831,25,8),(834,26,14),(835,22,7),(835,29,7),(836,26,9),(837,1,18),(838,6,20),(839,25,3),(839,31,14),(840,18,11),(840,20,20),(840,25,16),(843,13,12),(844,17,2),(845,8,6),(845,10,10),(845,24,15),(845,30,19),(846,8,10),(846,12,16),(847,18,6),(849,9,5),(850,3,3),(851,3,11),(851,16,13),(852,16,5),(854,14,9),(854,17,3),(855,17,4),(856,21,11),(856,28,4),(859,16,11),(863,4,20),(865,13,9),(865,14,18),(866,24,3),(870,15,8),(871,24,4),(874,9,13),(874,21,12),(874,24,9),(874,26,9),(875,5,6),(875,20,19),(875,29,6),(876,1,10),(876,12,18),(876,22,10),(877,1,11),(878,7,3),(878,9,6),(878,12,18),(879,1,13),(881,22,8),(882,3,14),(883,3,11),(883,16,6),(884,4,12),(886,25,12),(889,19,3),(891,30,20),(895,28,18),(896,2,16),(896,5,14),(897,1,18),(898,20,12),(898,23,14),(899,13,9),(899,16,13),(900,2,3),(900,10,17),(900,26,16),(903,20,10),(903,23,12),(904,4,15),(904,30,9),(906,22,10),(908,13,13),(908,21,19),(911,1,20),(915,20,7),(916,3,7),(916,19,10),(916,27,3),(916,29,14),(917,15,4),(918,8,27),(918,28,21),(918,29,26),(924,7,14),(924,9,16),(925,2,17),(926,23,3),(926,24,7),(927,15,20),(928,10,14),(932,16,8),(933,9,4),(933,11,14),(934,23,12),(934,31,3),(935,4,5),(936,12,16),(937,9,8),(937,14,2),(938,6,5),(938,29,1),(939,13,9),(939,27,7),(941,29,18),(942,5,8),(943,29,14),(945,3,9),(946,24,14),(948,5,3),(949,1,10),(950,21,14),(950,31,18),(951,3,14),(952,9,2),(952,28,7),(953,27,13),(954,21,16),(956,20,12),(957,16,14),(959,15,9),(959,24,5),(960,20,9),(961,2,14),(961,25,7),(962,2,6),(963,4,19),(963,21,19),(964,8,13),(964,16,2),(964,23,5),(964,27,3),(965,31,1),(967,1,4),(967,29,10),(970,18,6),(972,10,13),(972,15,1),(973,4,7),(975,2,10),(976,6,7),(976,19,15),(977,19,14),(978,1,6),(979,18,9),(979,24,13),(979,29,3),(980,22,5),(981,10,8),(982,3,14),(985,3,19),(986,3,4),(988,28,10),(989,31,16),(991,1,4),(991,6,8),(991,20,12),(991,27,4),(993,1,2),(994,1,14),(994,10,11),(994,29,9),(995,11,13),(997,10,14),(997,20,16),(998,9,7);
/*!40000 ALTER TABLE `pedidos_productos` ENABLE KEYS */;
UNLOCK TABLES;

--
-- Table structure for table `productos`
--

DROP TABLE IF EXISTS `productos`;
/*!40101 SET @saved_cs_client     = @@character_set_client */;
/*!50503 SET character_set_client = utf8mb4 */;
CREATE TABLE `productos` (
  `id` int NOT NULL AUTO_INCREMENT,
  `descripcion` varchar(100) NOT NULL,
  `precio` decimal(6,2) NOT NULL,
  PRIMARY KEY (`id`),
  CONSTRAINT `productos_chk_1` CHECK ((`precio` > 0))
) ENGINE=InnoDB AUTO_INCREMENT=32 DEFAULT CHARSET=utf8mb4 COLLATE=utf8mb4_0900_ai_ci;
/*!40101 SET character_set_client = @saved_cs_client */;

--
-- Dumping data for table `productos`
--

LOCK TABLES `productos` WRITE;
/*!40000 ALTER TABLE `productos` DISABLE KEYS */;
INSERT INTO `productos` VALUES (1,'KINGSTON 16GB ELITE PRO',5.00),(2,'ADAPTADOR DVI MACHO A HDMI HEMBRA',3.91),(3,'CABLE DVI A HDMI 1.8 M',6.06),(4,'CABLE DVI A HDMI 3 M',7.70),(5,'CABLE DVI A HDMI 5 M',10.85),(6,'CABLE HDMI 2 Metros',6.38),(7,'CABLE HDMI 3 Metros',7.62),(8,'CABLE HDMI 5 Metros',10.94),(9,'MEMORY STICK M2 SIN ADAPTADOR 2GB',7.69),(10,'MEMORY STICK M2 SIN ADAPTADOR 4GB ',11.10),(11,'MEMORY STICK M2 SIN ADAPTADOR 8GB',25.13),(12,'KINGSTON 16GB ELITE PRO',5.00),(13,'KINGSTON 4GB',10.80),(14,'KINGSTON 8GB ELITE PRO',16.28),(15,'SANDISK EXTREME III 4GB',26.05),(16,'SANDISK EXTREME III 8GB',40.50),(17,'SANDISK EXTREME IV 4GB',44.28),(18,'SANDISK EXTREME IV 8GB',77.76),(19,'SANDISK ULTRA II 4GB',16.33),(20,'SANDISK ULTRA II 8GB',25.51),(21,'DATA TRAVELER 100 16GB',23.33),(22,'DATA TRAVELER 120 16GB AZUL',23.33),(23,'DATA TRAVELER G2 16GB USB 2.0',27.45),(24,'DATA TRAVELER G2 32GB USB 2.0',54.29),(25,'USB EXTREME CONTOUR READYBOST 16GB',46.41),(26,'USB EXTREME CONTOUR READYBOST 32GB',88.57),(27,'USB ULTRA TITANIUM READYBOST 16GB',39.73),(28,'DIMM 1GB DDR2 PC2-6400. SDRAM 800MHz',13.31),(29,'DIMM 2GB DDR2 PC2-5300. SDRAM. 667MHz ',24.17),(30,'DIMM 2GB DDR2 PC2-6400. SDRAM. 800MHz',24.86),(31,'DIMM 4GB DDR2 PC2-6400. SDRAM. 800MHz (KIT X 2 DE 2 gb)',49.62);
/*!40000 ALTER TABLE `productos` ENABLE KEYS */;
UNLOCK TABLES;
/*!40103 SET TIME_ZONE=@OLD_TIME_ZONE */;

/*!40101 SET SQL_MODE=@OLD_SQL_MODE */;
/*!40014 SET FOREIGN_KEY_CHECKS=@OLD_FOREIGN_KEY_CHECKS */;
/*!40014 SET UNIQUE_CHECKS=@OLD_UNIQUE_CHECKS */;
/*!40101 SET CHARACTER_SET_CLIENT=@OLD_CHARACTER_SET_CLIENT */;
/*!40101 SET CHARACTER_SET_RESULTS=@OLD_CHARACTER_SET_RESULTS */;
/*!40101 SET COLLATION_CONNECTION=@OLD_COLLATION_CONNECTION */;
/*!40111 SET SQL_NOTES=@OLD_SQL_NOTES */;

-- Dump completed on 2024-05-17 23:50:42
